"feature_id","gene_variance"
"M12759_at",2190208.06330014
"U46006_s_at",132033.36628734
"X70083_at",372.794452347084
"X03100_cds2_at",5670070.87980085
"L32976_at",44026.4530583215
"M19878_s_at",372.51280227596
"M86933_s_at",34169.539829303
"X57579_s_at",2212835.15789474
"HG3432-HT3621_at",4505.64438122333
"V00536_rna1_at",2095.45448079659
"HG1869-HT1904_at",165886.514935989
"M31423_s_at",738.686344238976
"X99479_f_at",44560.6230440967
"M60278_at",178883.834992888
"V00503_at",529.184210526316
"L19267_at",230015.670697013
"U14577_s_at",494.745376955903
"AB000220_at",1247.81223328592
"Y09443_at",30073.1095305832
"D55638_at",485.582503556188
"X78549_at",95121.1984352774
"D30756_at",6273.85277382646
"X71877_at",5329.98577524893
"U25826_at",65.7894736842105
"M54915_s_at",5495440.85135135
"M23197_at",124639.439544808
"M36542_s_at",285467.089615932
"M21186_at",15675042.3755334
"U06088_at",26880.7254623044
"X87212_at",53064.9879089616
"M76732_s_at",9193.01564722617
"U95019_s_at",2023.49928876245
"L10910_at",372578.981507824
"L13203_at",169498.455192034
"U07225_at",1978.36201991465
"Z17240_at",43994.9473684211
"V00551_f_at",4.62873399715505
"X79984_at",3498.41607396871
"K01911_at",2258755.3200569
"D31886_at",5491.28947368421
"X53296_s_at",473962.13086771
"M22324_at",122159.064722617
"M16336_s_at",1475984.628734
"D38502_at",2683.66429587482
"Z35278_at",59387.4566145092
"AB000895_at",4188.64082503556
"D13168_at",406.568990042674
"U04285_s_at",57238.2311522048
"X55448_cds1_s_at",463026.953058321
"X64643_at",845.078236130868
"M59829_at",27223.4025604552
"M99435_at",4673.29445234708
"M28211_at",6914.45874822191
"D86331_s_at",10628.4018492176
"HG2562-HT2658_s_at",1270.44736842105
"M63838_s_at",251511.655761024
"D26579_at",207513.644381223
"U03100_at",12308.4473684211
"U40434_at",140028.399004267
"M68519_rna1_at",0
"L41351_at",12450.5633001422
"L05425_at",14191.4281650071
"HG2191-HT2261_at",156.051209103841
"L42379_at",977182.634423898
"D63412_at",1281.5
"M82882_at",159058.190611664
"J02947_s_at",16172.1571834993
"D14497_at",313.590327169275
"M32053_at",393057.035561878
"U09578_at",120636.568990043
"D13666_s_at",898.780227596017
"U17034_at",127.197724039829
"D13631_s_at",283663.684921764
"M54992_at",619362.53769559
"L13210_at",940818.352773826
"L37360_s_at",44012.2539118065
"U19878_at",2491.09032716927
"U09609_at",3778.87055476529
"M83216_s_at",20.6315789473684
"L31584_at",297736.256045519
"X81892_at",2757.44523470839
"X00540_at",1036.21123755334
"M97287_at",619770.751778094
"Z49208_at",383.582503556188
"HG2917-HT3061_f_at",10653074.6002845
"D76435_at",1343.45163584637
"M95925_at",291.269559032717
"U83303_cds2_at",22479.9011379801
"M35999_at",592.555476529161
"U07620_at",6859.54765291607
"D61391_at",30707.1948790896
"M26665_s_at",31757.186344239
"D50532_at",9017.21834992888
"M23178_s_at",7536389.76742532
"U90912_at",7448.69772403983
"M91196_at",33157.266002845
"AFFX-LysX-3_at",5006.0746799431
"U60269_cds1_at",4863.36628733997
"U14528_at",1418.02844950213
"U68488_at",1842.83357041252
"U84573_at",26.9473684210526
"M99564_at",0
"M22638_at",98666.600284495
"U91931_at",35047.8748221906
"HG2188-HT2258_at",0
"X95239_at",112.78520625889
"D38462_at",17.5398293029872
"J05158_at",943.23186344239
"U18985_at",222.020625889047
"X06948_at",4100.78307254623
"X89398_cds2_at",39808.3783783784
"U64998_at",133606.453058321
"S75463_at",995281.522759602
"X60673_rna1_at",32204.2019914652
"X63469_at",32583.8300142247
"U05875_at",268693.413940256
"Z29574_at",28322.4836415363
"V00565_s_at",783.285917496444
"U94319_at",191404.279516358
"U76421_at",108570.406827881
"HG3703-HT3915_s_at",172.03413940256
"L29008_at",122462.458748222
"X56088_s_at",20.2048364153627
"X15675_at",0
"U44105_at",23.6365576102418
"M34353_s_at",22700.9452347084
"L20320_at",7565.55049786629
"U76189_at",4235.22332859175
"U73167_cds5_at",105389.442389758
"Z69881_at",3263758.59174964
"M10942_at",808813.556187767
"U34252_at",130629.807254623
"D85433_at",8763.93812233286
"U37529_at",205.718349928876
"M11717_rna1_at",3398860.29374111
"U88902_cds1_f_at",35622.0633001422
"U19718_at",0
"U58331_at",144.564011379801
"U28831_at",109368.418207681
"HG3731-HT4001_at",4410.43812233286
"X74039_at",3771.27240398293
"L38928_at",18149.7588904694
"D87075_at",23544.4608819346
"U70370_at",398.131578947368
"U44111_at",1501.82361308677
"U66616_at",101668.913940256
"X90824_s_at",246759.009957326
"D14658_at",341486.589615932
"Y08837_at",150.131578947368
"X86816_at",0
"U30872_at",19250.6778093883
"M24439_at",117468.8371266
"AC002077_at",68.4473684210526
"X54150_at",1693.93172119488
"L36644_at",352.418207681366
"M62402_at",6617.92958748222
"X54993_s_at",21500.1365576102
"D42072_at",135.864153627312
"S67970_at",918
"J03915_s_at",183924.211237553
"HG3942-HT4212_at",91.6052631578947
"HG4593-HT4998_at",17668.939544808
"D31833_s_at",284.631578947368
"U68385_at",241.670697012802
"HG2936-HT3080_at",2901.22688477952
"X74008_at",456133.326458037
"X86691_at",636790.648648649
"AF000560_at",45061.5675675676
"Y10512_at",1372.04623044097
"X97630_at",18372.5376955903
"D63486_at",161831.035561878
"Z30426_at",1047017.75320057
"M55513_s_at",29498.5234708393
"U51240_at",10859290.9559033
"U19487_at",16379.7019914652
"U30998_at",2362.30440967283
"X78578_at",244.24466571835
"HG3998-HT4268_at",1163.48293029872
"U17418_at",39121.0355618777
"L20814_at",1042.94167852063
"X02958_at",2791.19772403983
"X61587_at",535263.974395448
"D29677_at",54089.0611664296
"U62434_at",46.4210526315789
"J02758_s_at",4353.99715504979
"U50383_at",1154.2759601707
"J05500_at",86576.1422475107
"U41387_at",173209.002133713
"U04313_at",4.03769559032717
"L29376_at",8166.53556187767
"U40371_at",2259.07610241821
"HG3991-HT4261_at",176.947368421053
"U68162_cds1_s_at",9010.33285917497
"M63896_at",88.3620199146515
"L05568_at",8566.64082503556
"S77582_at",2139.81792318634
"X57025_at",1544.10028449502
"X95152_rna1_at",1495.75889046942
"U19180_at",607.830014224751
"Z22555_at",159415.169274538
"U90304_at",3415.87553342816
"M28130_rna1_s_at",14760744.4694168
"U68111_at",3105.92887624467
"U39447_at",23.0355618776671
"D50920_at",38845.793029872
"AFFX-BioDn-5_st",13762.8477951636
"U94747_at",8425.03627311522
"D83702_at",4983.53982930299
"U59863_at",7428.48364153627
"U26726_at",0
"U43374_at",8338.05974395448
"U03057_at",1997768.24466572
"L38951_at",458281.177809388
"J04130_s_at",11601892.116643
"M96326_rna1_at",18769349.0071124
"X64177_f_at",100302.685633001
"HG371-HT1063_s_at",0
"M87434_at",82876.3100995733
"X78031_at",202996.797297297
"X74794_at",249441.582503556
"X82850_s_at",59791.3776671408
"U80456_at",0.105263157894737
"U89336_cds8_at",13355.7524893314
"U87964_at",18298.353485064
"X58987_at",34.2368421052632
"D63879_at",17225.8975817923
"AF000231_at",15846.8477951636
"U79282_at",3097.08677098151
"HG2075-HT2137_s_at",114.762446657184
"U53442_at",3105.95448079659
"L20941_at",18039552.6372688
"S79048_at",6955.20981507824
"X68277_at",15721045.3805121
"HG2157-HT2227_at",2073.50853485064
"M57730_at",2677.92105263158
"AFFX-HUMRGE/M10098_M_at",16766857.428165
"X03663_at",12617.1500711238
"L32164_at",12438.0092460882
"L20010_at",435999.103840683
"X74262_at",954307.793029872
"U94333_at",0
"U08006_s_at",3024.2652916074
"L17128_at",7565.6052631579
"X52009_s_at",2766.26742532006
"U90910_at",1522.95590327169
"M21121_at",296522.063300142
"M59807_at",9333533.41109531
"X66534_at",62077.9459459459
"Z50853_at",148183.428165007
"U13680_at",1672.57823613087
"AB002366_at",818.384068278805
"U37426_at",24654.1137980085
"U10693_at",460.549786628734
"M83667_rna1_s_at",755391.553342817
"D42108_at",4624.62375533428
"U61741_at",1765.7667140825
"Z35102_at",78806.5782361309
"U91316_at",22832.2368421053
"U19261_at",185833.056187767
"M13577_at",4.44736842105263
"U66359_at",36.0263157894737
"U10690_f_at",29907.793029872
"X16665_at",56072.1458036984
"X64994_at",10832.1479374111
"U66468_at",58753.627311522
"L04569_at",0
"M29273_at",18556.9274537696
"D79987_at",0.236842105263158
"L34035_at",25.6593172119488
"M12529_at",1421.2667140825
"M63967_at",8201.68421052631
"D64109_at",99100.0746799431
"D38583_at",144902.472972973
"J02874_at",2713.1692745377
"M55543_at",8097.33428165007
"M81181_s_at",38841.4879089616
"L24893_s_at",67.9288762446657
"X07173_at",2246.26742532006
"X85753_at",280.833570412518
"U18271_cds1_at",9010.40682788051
"X89430_at",8894.2652916074
"L11702_at",12659.0220483642
"D14686_at",54178.5689900427
"D78156_at",6092.73968705548
"HG2999-HT4756_s_at",12600.9822190612
"U28811_at",117706.993598862
"M10058_at",656.947368421053
"U79257_at",3324.98790896159
"L49229_f_at",28305.6450924609
"L42572_at",50630.0625889047
"U08015_at",4748.19132290185
"U76272_at",25500.9679943101
"D80009_at",44088.3335704125
"M22632_at",38648.9559032717
"HG1980-HT2023_at",4276933.80725462
"U78027_rna4_at",235895.215504979
"L34355_at",13496.4530583215
"M17183_s_at",784.285206258891
"HG3264-HT3441_at",1785.79231863442
"Z11850_at",3.18421052631579
"U13737_at",28075.7155049787
"M19154_at",72.1706970128023
"D87328_at",640.421052631579
"U72649_at",2453108.29658606
"D80012_at",142997.982930299
"U59057_at",6055.81792318634
"D79995_at",12645.9971550498
"X99374_s_at",0.657894736842105
"M91438_at",5851842.08036984
"HG2380-HT2476_s_at",8509.29231863442
"M10051_s_at",10228.6891891892
"HG1148-HT1148_at",725.157894736842
"Y00796_at",449526.953058321
"S76756_s_at",9193.7560455192
"U79280_at",18366.093883357
"M61906_at",68608.1706970128
"L38517_at",2518.74893314367
"U50146_at",0.0263157894736842
"D31762_at",11218.527027027
"X07979_at",677774.816500711
"M30625_s_at",276.100284495021
"M29474_at",209251.772403983
"X93920_at",826892.370554765
"L10955_cds1_s_at",2211.72688477952
"L25081_at",279711.231863442
"U67849_at",8126.10028449502
"U65676_at",10286.913940256
"X53800_s_at",90061.807254623
"X95237_at",285.104551920341
"Y09836_at",3341.31792318634
"X65233_at",360.566856330014
"Z83742_at",15416.6770981508
"M87507_s_at",2872.41607396871
"M31210_at",6395.06472261735
"Y10209_at",33904.4246088193
"U31099_at",41738.5071123755
"L36844_at",8188.97297297297
"U55209_at",11228.2048364154
"L34060_at",63667.6813655761
"L14837_at",23297.0554765292
"X02883_at",5.15789473684211
"D13814_s_at",4546.3840682788
"U88726_at",5038.94736842105
"U19252_s_at",31611.3719772404
"HG4245-HT4515_at",0
"U82668_rna1_at",13.9210526315789
"X00088_at",0
"U08438_at",0
"M65290_at",580.603129445235
"M34041_at",68668.0227596017
"M98833_at",163590.208392603
"Z21507_at",2429180.56116643
"D42038_at",9.5
"V01514_at",552.171408250356
"L09209_s_at",1933815.27240398
"J05448_at",2975.64438122333
"M16652_s_at",4.44736842105263
"J04076_at",3329.03556187767
"Y12394_at",4256.68918918919
"X99699_at",157415.204125178
"U03494_at",47933.2354196302
"AFFX-HUMISGF3A/M97935_3_at",543311.035561878
"J05257_at",80934.3506401138
"J05633_at",1004.33357041252
"X59417_at",5970289.65576102
"M62505_at",8670.03698435277
"X52426_s_at",1501.82432432432
"X86401_s_at",5308.73115220484
"J04182_at",615123.158605974
"X70394_at",168685.002133713
"X97671_at",1510.96159317212
"HG4716-HT5158_at",102481.528449502
"U09579_at",213287.348506401
"U34070_s_at",118.131578947368
"U90919_at",16034.0917496444
"U73799_at",88722.046230441
"D78129_at",49916.7859174964
"U37283_at",1076.0426742532
"J04739_at",9010.29089615932
"X55885_at",113393.551209104
"Z11793_at",3857.92105263158
"M59941_at",6128.08250355619
"Z48314_s_at",1171.07823613087
"M23323_s_at",3950761.86699858
"Y13618_at",2204.14580369844
"U22322_s_at",32.8165007112376
"HG1327-HT1327_s_at",1152.1173541963
"M25629_at",5242.12873399715
"M33317_f_at",13459.5881934566
"D78611_at",782615.716216216
"M16801_at",690.352773826458
"Z29331_at",11236.6692745377
"AC000115_cds1_at",696.366998577525
"M76559_at",4801.15007112375
"M27318_f_at",2578.91109530583
"HG1139-HT4910_at",1261.71550497866
"Z48633_at",217131.056187767
"X56667_at",35176.8990042674
"M74091_at",645.411095305832
"HG3546-HT3744_s_at",34039.7695590327
"U58837_s_at",443.675675675676
"M32011_at",174200.978662873
"Z38026_at",1469.28307254623
"X01630_at",24697.1721194879
"L19297_at",0
"M95167_at",814.063300142247
"U79301_at",55.1301564722617
"X66362_at",8407.56472261736
"D87455_at",59545.1095305832
"Y07867_at",44.8741109530583
"M30773_at",512.196301564723
"U52427_rna1_at",430273.049786629
"M89796_rna1_at",326.643669985775
"L10343_at",7528.19630156472
"D11139_at",796.501422475107
"U28055_at",5241.33499288762
"U79241_at",14693.6073968706
"U32674_s_at",21777.9295874822
"M33764_at",3660315.88904694
"M83664_at",72065.2517780939
"M96740_at",2695.21550497866
"D86983_at",728536.742532006
"U10473_s_at",938.399004267425
"D28473_s_at",176814.589615932
"D80004_at",74725.6963015647
"U21551_at",9330.62304409673
"U84487_at",68.0967283072546
"Z79693_s_at",1583.03271692745
"U46744_at",0
"U51096_at",5528.09103840683
"M16364_s_at",0
"M77481_rna1_f_at",614.524182076814
"D28137_at",397372.615220484
"X52773_at",18963.7247510669
"U07969_s_at",11758.9338549075
"L04656_at",2821.04196301565
"M17446_s_at",0
"M19045_f_at",13809927.2581792
"U34301_at",788.568990042674
"X91992_at",290.777382645804
"L47276_s_at",142443.582503556
"M34344_at",63979.0896159317
"U04847_at",10061.880512091
"S82470_at",901139.211948791
"M81118_at",11560.9338549075
"M60315_at",1921.14366998578
"J02871_s_at",1525.17780938834
"M91463_rna1_at",58008.726173542
"Z25535_at",36031.1721194879
"U50733_at",136647.812944523
"X07496_at",1132.95661450925
"X87237_at",41393.8613086771
"X73079_at",3188.15931721195
"U49278_at",118239.326458037
"D38500_at",0
"M32879_s_at",33369.0782361309
"D28364_at",29583.8890469417
"D13633_at",7166.08819345661
"D50487_at",4562.51564722617
"M16591_s_at",21915.6308677098
"D85429_at",2161431.16429588
"M24349_s_at",1345.65576102418
"D17391_at",37.3854907539118
"D86640_at",3736.18278805121
"X00129_at",1447.26955903272
"M91036_rna1_at",33230923.8349929
"HG415-HT415_at",5331.01351351351
"U09851_s_at",36834.5291607397
"U80457_at",67854.8513513513
"HG4234-HT4504_at",16720.7965860597
"L40357_at",171210.839260313
"U39317_at",245162.864864865
"D29643_at",621445.015647226
"D83407_at",8341.33499288763
"L23333_s_at",177147.938122333
"X12671_rna1_at",11330902.2560455
"U72342_at",140751.312233286
"HG4165-HT4435_at",777.366287339972
"S69231_s_at",0
"Z26256_at",6753.43172119488
"U18550_at",6864.40113798008
"U68030_at",584.236842105263
"M98447_rna1_at",20934.9879089616
"U37022_rna1_at",110339.966571835
"U60062_at",14086.0803698435
"Y07565_s_at",4194.72332859175
"M29874_s_at",8024.19914651494
"X63679_at",168172.783072546
"D21337_at",2816.09388335704
"X76717_at",1019295.91536273
"Y10518_at",1687.49715504979
"U28043_at",595.110241820768
"U14383_at",10221.1322901849
"D21239_at",147.650782361309
"D83782_at",9809.25248933144
"HG1437-HT1437_s_at",3882.52418207681
"U50822_rna1_s_at",80.2453769559033
"HG3187-HT3366_s_at",352.657894736842
"U39412_at",138637.704836415
"D87076_at",170863.647937411
"U37408_at",250052.887624467
"Z22536_at",47656.0056899004
"X07876_at",7792.73186344239
"M55067_at",633045.547652916
"X66276_s_at",36576.0910384068
"Z22548_at",1600470.00924609
"L47726_at",1133.34637268848
"L20298_at",736419.33428165
"M77016_at",3536.893314367
"L38810_at",131203.280227596
"U17077_at",623.400426742532
"D87446_at",38930.766002845
"U16261_at",582.515647226174
"U33203_s_at",939.351351351351
"S78723_rna2_at",1146.48150782361
"X73358_s_at",1002312.22190612
"X66365_at",117267.921052632
"U52426_at",150034.766002845
"HG315-HT315_at",18017.3776671408
"M24748_cds2_s_at",77.522759601707
"X74801_at",475601.605263158
"U43653_at",0
"L20861_at",4955.8719772404
"L76465_at",66105.3975817923
"X77094_at",349030.238975818
"X17042_at",11239287.4004267
"U39226_at",1277.31792318634
"M14338_at",4.44736842105263
"X54326_at",16433.7667140825
"X94703_at",227.618776671408
"D67029_at",37436.780227596
"L00972_at",16330.2019914652
"X83412_at",462.238975817923
"D63880_at",101158.100284495
"M73548_at",1733.92603129445
"Z74792_s_at",22483.6706970128
"X00274_at",49628927.772404
"X80062_at",7223.34352773826
"D38491_at",7371.33712660028
"L13329_at",2686.03413940256
"L47125_s_at",6736.68278805121
"HG884-HT884_s_at",13014.9822190612
"U57352_at",4045.44238975818
"L76159_at",38051.8122332859
"U89336_cds7_at",6181.75817923186
"U26173_s_at",588904.347795164
"U68063_at",613931.001422475
"L06895_at",0.657894736842105
"HG759-HT759_s_at",3004.46657183499
"D86971_at",87961.2716927454
"X52425_at",159714.879800853
"L10844_at",1616.35846372688
"U69546_at",212014.091749644
"M77235_at",538.131578947368
"M61916_at",146.674964438122
"AF010193_at",90172.5832147937
"L75847_at",221.758890469417
"U17977_at",0.0263157894736842
"U78628_at",14940.9587482219
"M94250_at",452591.969416785
"M13928_s_at",18177.5021337127
"X67081_at",166.873399715505
"AF000177_at",17817.847083926
"U27333_at",11894.9160739687
"U52101_at",6671434.7083926
"U00951_at",270.802987197724
"HG3238-HT4861_s_at",78.3869132290185
"U86602_at",88736.4786628734
"D79994_at",37097.7809388336
"X75918_at",32340.7254623044
"U46024_at",3013.50568990043
"M27533_s_at",3091.6706970128
"D21090_at",16070.386913229
"X57351_s_at",54528611.6422475
"M31169_s_at",38406.2908961593
"HG64-HT64_at",12919.6137980085
"X05839_rna1_s_at",40.0263157894737
"HG2416-HT2512_at",484.091749644381
"M64710_s_at",0
"X78627_at",81637.5220483642
"L25119_at",6041.95163584637
"K02215_at",78.6230440967283
"X68505_s_at",4590.56685633001
"M16707_rna1_s_at",68071.8129445235
"X02176_s_at",8021.82645803698
"L49169_at",6038898.56899004
"U51678_at",199523.053342817
"HG3495-HT3689_at",15015.4800853485
"D79997_at",5714.08321479374
"X97064_at",442.25320056899
"X85373_at",159085.067567568
"U66036_at",3289.73897581792
"Z80787_at",16524.1706970128
"D87685_at",9319.45661450925
"HG2139-HT2208_f_at",419.528449502134
"U33841_at",20222.9615931721
"U07807_at",8954.19132290185
"U66669_at",1549.13015647226
"X82153_at",1163.67283072546
"M15796_at",114868.29374111
"U28251_cds2_at",0
"X17059_s_at",4395.65931721195
"M57466_s_at",6530767.10953058
"X62055_at",1048453.67567568
"M24364_at",886.082503556188
"Z75190_s_at",5089.1813655761
"U95740_rna1_at",64934.213371266
"M23892_s_at",2687.92105263158
"U78798_at",34178.7425320057
"M13903_at",27664.9110953058
"L40586_at",11441.3940256046
"X74764_at",132924.79658606
"U29943_s_at",1285.00142247511
"S58733_at",26676.6436699858
"Z49995_at",0
"M86933_at",12.7795163584637
"L13943_at",3404.85988620199
"D63878_at",709456.373399716
"U77396_at",616322.028449502
"X66503_at",25808.512802276
"M13686_s_at",11226.7652916074
"U22377_at",13455.7667140825
"L20469_s_at",3801.55049786629
"D63881_at",142435.272403983
"L05148_at",569381.181365576
"X93512_at",124132.725462304
"D14823_at",858.939544807966
"X95876_at",126944.632290185
"X16323_at",33446.0832147937
"X66533_at",31566.4210526316
"X54489_rna1_at",4851.08108108108
"X04412_at",276870.574679943
"M64929_at",93560.9879089616
"K02766_at",2108.09388335704
"U46689_at",2106.02916073969
"Z22970_at",3510.18563300142
"M33521_at",427916.418918919
"D87447_at",48250.79943101
"K03474_at",17885.2581792319
"U33849_at",1575.6813655761
"V01512_rna1_at",7752444.77738265
"D82347_at",833.820768136558
"U87593_f_at",1296.52347083926
"X66360_at",65.2268847795164
"U08191_s_at",225.015647226174
"J04615_at",1920122.69985775
"Z48804_at",2354.33357041252
"Z48520_at",6.09388335704125
"L00205_at",16428.7944523471
"X89750_at",153242.79374111
"M27783_s_at",3489341.75248933
"AFFX-HUMGAPDH/M33197_5_st",17341.1408250356
"AF012270_at",10990.5241820768
"U82275_at",167384.332859175
"M83652_s_at",376747.607396871
"X77197_at",2575.59672830725
"S52028_s_at",1593.56472261735
"U18018_at",30001.2773826458
"L13744_at",2938.73968705548
"L34059_at",38778.4559032717
"M25322_at",7259.4146514936
"J03507_at",2947.37766714082
"M29194_at",1285.06472261735
"L03840_s_at",13240.6948790896
"X07618_s_at",24714.0227596017
"M33772_s_at",4289.19772403983
"U61262_at",1238.44167852063
"L41066_at",1939.43456614509
"V00535_rna2_s_at",7327.0640113798
"V01510_rna1_at",0
"M33680_at",11482802.1621622
"U66469_at",8751.97226173542
"X84002_at",9988.99644381223
"X59405_at",13415.5369843528
"M16424_at",61005.9153627312
"M33318_r_at",0.947368421052632
"D87453_at",60357.9146514936
"X64624_s_at",141953.704125178
"L05514_f_at",794.316500711238
"U11717_s_at",1847.98293029872
"U73960_at",86315.6308677098
"D86043_s_at",28852.3733997155
"D86967_at",1803205.53627312
"D00726_at",318844.416073969
"L78132_at",1530.06258890469
"M58603_at",755735.218349929
"L09708_at",30565.4054054054
"L76937_rna1_at",6504.44096728307
"M19989_cds2_at",109376.009246088
"U66077_at",6236.02062588905
"M93119_at",872.105263157895
"M19888_at",3319.84708392603
"U96922_at",97.6842105263158
"M60750_f_at",457630.051209104
"X58822_rna1_s_at",391.980085348506
"X67337_at",1982.1706970128
"Z25521_s_at",1059346.32147937
"L26494_at",61616.9587482219
"L11701_s_at",9225.53627311522
"M86852_at",16765.0640113798
"S67070_at",112124.825746799
"M15656_at",0
"X60484_at",2748.57752489331
"M18391_s_at",10262.5327169275
"L36051_at",60.8798008534851
"U42031_at",218263.655761024
"L16895_at",5231.91251778094
"X65293_at",197.107396870555
"U95020_at",71.1578947368421
"X62078_at",39156.780227596
"M19311_s_at",10238291.8435277
"D00017_at",4562259.63655761
"L23852_at",8042.40682788051
"M83751_at",203623.72972973
"M59465_at",2532556.31294452
"U05012_s_at",1464.79445234708
"L33075_at",546431.926031294
"L02320_at",19.9381223328592
"M21574_at",202300.623755334
"Z24727_at",7335.48577524893
"AB000115_at",183385.37197724
"X53416_at",2444987.21834993
"X95592_at",18586.9566145092
"L26953_at",1023.07823613087
"Y09392_s_at",41526.766002845
"X91788_at",132860.756756757
"X15218_at",370.819345661451
"U27109_at",1497.90682788051
"L40400_at",15509.6137980085
"U83115_at",196312.028449502
"X04500_at",19257618.1344239
"M21934_at",14456.3840682788
"X14474_at",3184.88762446657
"U79751_at",0.105263157894737
"Z26248_s_at",63912.2311522048
"L05515_at",0
"L06132_at",844782.83428165
"X63097_at",1764.38406827881
"M85165_at",8171.07610241821
"U19713_s_at",803948.253911807
"D14660_at",433.852773826458
"L21993_at",28.6578947368421
"M90516_at",2262.94238975818
"U10686_at",142037.621621622
"D50918_at",205148.672119488
"U45983_at",49.3805120910384
"X83127_at",49515.1586059744
"HG3344-HT3521_at",48280.5633001422
"U25265_at",73678.6770981508
"HG4120-HT4392_s_at",19116.8058321479
"X52228_at",6176.62304409673
"U59111_at",4091.11522048364
"HG1034-HT1034_f_at",91.6052631578947
"L05624_s_at",17965.3854907539
"L22005_at",5229.14366998577
"D63480_at",12926.5490753912
"U33838_s_at",22363.3207681366
"M27396_s_at",7130.84850640114
"M57763_at",98635.0761024182
"U64573_s_at",2058.91607396871
"HG1728-HT1734_at",0
"L31881_at",4198.25035561878
"L11931_at",1309.64509246088
"X89576_at",16082.780227596
"M86873_s_at",422.569701280228
"M10612_at",194213.758890469
"X73874_at",363.073257467994
"X92972_at",51815.1813655761
"X81895_at",614.657894736842
"D38251_s_at",153071.3371266
"U37546_s_at",7059.93456614509
"U40571_at",5384.34495021337
"M73481_at",7.60526315789474
"D84145_at",11945.2432432432
"U89942_at",448.051209103841
"S72487_at",31564.9189189189
"HG627-HT5097_s_at",2019890.40469417
"U33053_at",80742.8883357041
"M73239_s_at",778.569701280228
"L07919_at",1063.1586059744
"D45399_at",3038.08321479374
"D80005_at",237478.862019915
"J03798_at",16709.5903271693
"U85265_at",3459.66785206259
"U02566_s_at",14719.2660028449
"K03460_at",540715.778805121
"U48861_at",9536.94736842105
"M80899_at",168258.116642959
"D79989_at",2574.41820768137
"HG742-HT742_at",3186.7652916074
"M65066_at",62178.8990042674
"Z19585_at",1923.86415362731
"U11863_at",0
"U83410_at",12094.3243243243
"D87444_at",10636.2247510669
"L10373_at",511165.758179232
"K03189_f_at",237882.196301565
"Z35227_at",408759.975106686
"U90546_at",41412.2788051209
"X95095_at",136.421052631579
"HG2379-HT3997_s_at",2787.32361308677
"M31166_at",103819.414651494
"U09860_at",1732.38406827881
"M68520_at",48026.4160739687
"U32659_at",7215.70199146515
"HG4052-HT4322_at",847.337837837838
"X51688_at",13250.1137980085
"L26234_at",1883.52844950213
"X90828_at",0
"Z17227_at",36162.8485064011
"U63825_at",480008.170697013
"AB006781_s_at",5570.85704125178
"U64805_s_at",3984.78022759602
"U18088_s_at",28.6578947368421
"AF002020_at",8666.71123755334
"V00542_f_at",0
"L41919_rna1_at",24562.4701280228
"U62389_at",11811.439544808
"U57592_at",129373.181365576
"U45255_s_at",0
"U29680_at",296583.798719772
"U96629_rna1_at",18330.0625889047
"U39817_at",3989.75320056899
"X57206_at",98952.9587482219
"X02530_at",342311.090327169
"X59065_at",3513.2667140825
"M21259_at",1492407.95163585
"J02923_at",1786932.47012802
"HG4018-HT4288_at",63406.5092460882
"Z83802_at",1354.99573257468
"X62515_s_at",14301.493598862
"U21090_at",69063.826458037
"U72671_at",177.001422475107
"X17098_at",3762.25035561878
"X65633_at",1030.40184921764
"U12779_at",314665.215504979
"X63187_at",5391.24039829303
"HG2797-HT2906_s_at",50249.4964438122
"M83221_at",487675.878378378
"Z46973_at",113321.661450925
"X86018_at",61417.593883357
"D26129_at",15410.2987197724
"U88047_at",59091.1842105263
"M74447_at",3230.74893314367
"X67098_at",29803.1351351351
"X92896_at",227395.837837838
"X87871_s_at",1462.50924608819
"M62400_at",408.907539118065
"U21556_at",2353.88051209104
"HG4178-HT4448_at",20858.9110953058
"M16038_at",721561.443100996
"L08904_at",45339.2923186344
"U62801_at",22398.2453769559
"M20530_at",7732.29943100996
"X54925_at",33.8179231863442
"D87120_at",51381.0960170697
"L13848_at",139640.999288762
"L77886_at",75642.740398293
"U07424_at",340823.411095306
"U48231_at",11286.9018492176
"D16688_s_at",2578.6173541963
"D80000_at",60669.1073968706
"M99436_at",0
"U40462_at",145214.894025605
"M84739_at",1913251.5398293
"HG3148-HT3324_s_at",47973.1045519203
"HG3987-HT4257_at",152723.921052632
"L33243_at",48010.4694167852
"L40992_at",16573.3435277383
"D13626_at",14389.8243243243
"M24766_s_at",0
"X69089_at",1047.01351351351
"D88270_at",6634615.83499289
"L31573_at",22.1315789473684
"M33336_at",626532.238975818
"M80244_at",687930.279516359
"M27878_at",99.2432432432432
"AD000092_cds1_at",35763.8122332859
"D87116_at",744360.526315789
"D63160_at",33834.1963015647
"M58297_at",5346.93954480797
"L05628_s_at",11042.3620199147
"U40763_s_at",2550.36201991465
"X06745_at",18268.5376955903
"X84373_at",830911.659317212
"D83780_at",48494.353485064
"U16307_at",226906.310810811
"U77718_at",237759.127311522
"M92843_s_at",10365842.2083926
"U77456_at",209291.385490754
"X07732_at",88.5263157894737
"D13638_s_at",9.5
"M82962_at",2267.83001422475
"Y10275_at",1652.09672830725
"U50708_at",53.2894736842105
"HG3517-HT3711_at",7080.72617354196
"U67319_at",5699.77027027027
"M35296_at",12009.7382645804
"X89894_at",6254.24466571835
"X72841_at",167720.512802276
"U08023_at",6363.57610241821
"U46752_at",159.77880512091
"M37485_cds1_at",0
"U45285_at",269725.789473684
"X98482_at",661.718349928876
"M83651_at",0
"U46499_at",604083.348506401
"U48250_at",55.6963015647226
"U18242_at",85865.1443812233
"M86849_at",775.645092460882
"HG2348-HT2444_s_at",25774.046230441
"U65437_rna1_at",87.2524893314367
"U25138_at",9258.61522048364
"U08998_at",7013.91251778094
"U77594_at",119.664295874822
"AFFX-BioDn-3_st",12658.2588904694
"J03934_s_at",1679.3399715505
"U22028_r_at",9422.03413940256
"M89914_s_at",3.18421052631579
"U46901_at",32596.1372688478
"X66899_at",310078
"D17400_at",9335.63015647226
"L21715_at",63.1842105263158
"Z11933_at",0
"M32879_at",104330.574679943
"K03008_cds1_at",342.640825035562
"U03634_at",17279.1187766714
"L36861_at",4775.37766714082
"D10511_at",22359.793029872
"U07804_s_at",3769.11877667141
"X67235_s_at",191480.185633001
"U79293_at",1541.36628733997
"S69232_at",4.46159317211949
"U18271_cds3_s_at",51520.0426742532
"X65550_at",20816.7290184922
"D17532_at",5353.41394025605
"S80562_at",7621.0106685633
"HG732-HT732_at",5955.10455192034
"U22662_at",56.321479374111
"M32886_at",36510.7233285917
"D31764_at",111787.650782361
"D28476_at",188934.982219061
"U41745_at",1139.55618776671
"M90391_s_at",11428.5291607397
"Y07755_at",25140.1714082504
"HG3884-HT4154_at",7355.94310099573
"M83822_at",18356.4381223329
"U91616_at",17.7894736842105
"M14113_at",4036.04054054054
"D43951_at",155262.177098151
"M60749_at",687.055476529161
"X63454_at",9333.42887624466
"X52896_s_at",16208.4210526316
"X93499_at",42697.5227596017
"D43947_at",50655.573257468
"U73191_at",1779.98862019915
"M57293_at",2914.35348506401
"Z83821_cds2_at",7793724.56685633
"U58046_s_at",35270.1678520626
"D42063_at",10250.1998577525
"D21262_at",64829.1045519203
"M34309_at",3054.11664295875
"L35253_s_at",11549.5561877667
"U50527_s_at",10638.6408250356
"X96924_rna1_at",625897.86059744
"M74002_at",602998.373399716
"X81438_at",0
"L40933_at",1230.54978662873
"HG3288-HT3465_at",3346.40469416785
"Z48570_at",1503.34850640114
"S77583_at",4265.20412517781
"U32645_at",37921.380512091
"X97261_at",823.889046941679
"M88458_at",67393.7041251778
"U62325_at",2556.3506401138
"X63629_at",7224.73968705548
"S87759_at",45473.9950213371
"M64497_at",9101.33499288763
"HG2261-HT2351_s_at",2781.61877667141
"U52111_rna3_at",7937.73826458037
"U35340_at",0
"HG110-HT110_s_at",1459238.56330014
"L01042_at",2671.99217638691
"L33799_at",9449.82147937411
"HG3576-HT3779_f_at",13760812.2560455
"X60104_s_at",3810.90256045519
"D28589_at",108442.404694168
"HG2724-HT2820_at",223548.157183499
"M27093_s_at",1090.96514935989
"X75756_at",2564.2759601707
"D86973_at",154487.954480797
"D63875_at",47815.1557610242
"HG2706-HT2802_at",1.68421052631579
"D87452_at",97195.0021337127
"U56833_at",84203.4480796586
"L76528_s_at",346.147937411095
"HG273-HT273_at",0.0263157894736842
"U10868_at",165338.514935989
"D25328_at",137219.752489331
"U91985_at",30612.7083926031
"M63904_at",3372848.14224751
"X91348_at",369.783783783784
"HG2463-HT2559_at",137746.648648649
"X90392_at",10219.9182076814
"M83186_at",3050.29374110953
"S76992_at",58262.4210526316
"X99140_at",54133.2041251778
"U63329_at",900.421052631579
"X83929_s_at",2.50924608819346
"U83908_at",3304.73968705548
"X56654_at",677.596017069701
"X96401_at",99474.2795163585
"D63475_at",574007.480085348
"X98311_at",5558.393314367
"D50840_at",102784.020625889
"U14518_at",3286.36415362731
"M33552_at",1651528.05974395
"U79263_at",3015.08108108108
"L32961_at",9454.67496443812
"HG2743-HT3926_s_at",7.60526315789474
"D10202_at",38760.9566145092
"L07956_at",71320.332859175
"U47011_cds1_at",7.60526315789474
"X77737_at",6219706.49573257
"J03068_at",15103.4992887624
"J05037_at",15080.5689900427
"D83597_at",23131.8669985775
"X03473_at",33910.4950213371
"K03021_at",12458.9559032717
"M22489_at",154112.478662873
"Y08136_at",2176.68918918919
"X78706_at",71189.3605974395
"L02932_at",2361.07823613087
"U72761_at",31193.920341394
"U18237_at",8893.86628733997
"L07648_at",232288.691322902
"L11672_r_at",2099989.98364154
"U62437_at",19913.4516358464
"HG2036-HT2090_at",17186.0910384068
"U34605_at",9537.64224751067
"U45880_at",6261.65931721195
"U48705_rna1_s_at",14748.6884779516
"S80267_s_at",80941.0419630157
"X60483_at",21607.6991465149
"L34363_s_at",0
"X83490_s_at",5653.28307254623
"M12036_at",107.789473684211
"U63336_at",18812.6770981508
"L11372_at",4386.65433854907
"L14595_at",550.632290184922
"D83784_at",30358.5099573257
"J05213_at",701.155761024182
"Z50115_s_at",109885.820768137
"X75958_at",37.4829302987198
"S85963_at",4315.63015647226
"D17547_at",6415.8840682788
"L37936_at",44548.3840682788
"X90908_at",1808.85704125178
"M54914_s_at",651.007112375533
"Y12393_s_at",9697.11024182077
"U22233_at",1046.73968705548
"Z48579_at",37758.1479374111
"U02556_at",47530.7489331437
"M11722_at",7579748.59174964
"M20566_at",721.536984352774
"HG2479-HT2575_at",0
"S67247_s_at",2815.45448079659
"L35263_at",34389.4004267425
"HG3111-HT3287_at",209.889046941679
"D00632_at",47780.1963015647
"U37673_at",77.5056899004267
"HG1205-HT1205_at",26695.3371266003
"D42084_at",112093.456614509
"M12174_at",134303.243243243
"U86358_at",55.6842105263158
"L11244_s_at",0
"M74297_at",5689.22332859175
"X64877_s_at",91.323613086771
"Z84721_cds1_at",269737.035561878
"D85131_s_at",207710.495021337
"D89859_at",3614.63726884779
"Z54367_s_at",208143.346372688
"M79463_s_at",114505.769559033
"D16481_at",69959.4054054054
"M62994_at",69349.4879089616
"X16662_at",155.015647226174
"X95073_at",6416.17709815078
"X63522_s_at",194.631578947368
"S59049_at",241965.928876245
"HG4462-HT4731_at",269.497155049787
"X98206_at",303.496443812233
"X89399_s_at",2186437.10739687
"L02785_at",1492.76244665718
"M88579_at",3657.94594594595
"U78180_at",13.9210526315789
"X52022_at",9580.85704125178
"U59286_at",17.7894736842105
"X56411_rna1_at",7239.99502133713
"U27185_at",84.796586059744
"U19147_s_at",2081.43954480797
"X02544_at",0.236842105263158
"M37457_s_at",5521.93812233286
"M60314_at",3.18421052631579
"D84276_at",17610.6038406828
"M90657_at",310.564011379801
"U40152_s_at",2465.06116642959
"L24564_at",38401.6842105263
"U67368_s_at",1883.45448079659
"Z69030_s_at",266819.487908962
"D50663_at",102020.83428165
"U92458_at",283.670697012802
"K02402_at",10.5241820768137
"D50922_at",14550.0291607397
"M22919_rna2_at",184367.766714083
"Z48512_at",23081.7560455192
"X16282_at",623.522048364154
"Z18951_at",374.096728307255
"S74017_at",86959.920341394
"U11690_at",377.940967283073
"J00301_at",23.6842105263158
"L18920_f_at",2987.06756756757
"Z14244_at",466217.59601707
"HG4312-HT4582_s_at",4805326.6571835
"S76617_at",361096.632290185
"U18244_at",7834.2560455192
"Z80779_at",2092.7652916074
"U76638_at",39071.3975817923
"X81003_at",80115.8435277383
"X68090_s_at",1743.34352773826
"D31840_s_at",36251.1721194879
"X60487_at",2917.56258890469
"U07231_at",5679.29231863442
"U59748_at",955.374110953058
"M25079_s_at",160851385.875533
"U67614_at",3487.66785206259
"U85943_at",10024.0967283073
"M26602_at",595261.847083926
"HG1019-HT1019_at",7287.4679943101
"M86407_at",934.02347083926
"X57348_s_at",1244.85348506401
"L06419_at",14533.4857752489
"HG2743-HT2845_at",2211.6479374111
"D63813_at",24582.4210526316
"S67156_at",1780.29302987198
"D83920_at",1738452.47297297
"S68134_s_at",0.441678520625889
"M97639_at",0
"J04430_s_at",74224.9480796586
"L27560_at",12013.1301564723
"M59979_at",53.2894736842105
"HG2686-HT2782_at",68.4473684210526
"S78271_s_at",36498.5896159317
"X15880_at",148604.507112376
"HG3033-HT3194_r_at",1069062.57467994
"U15197_at",23524.6436699858
"U16126_at",1.28947368421053
"J04990_at",15626161.0810811
"X99657_at",896.961593172119
"M68895_rna1_at",10960.3243243243
"U73824_at",2512800.96159317
"S46622_at",16825.7560455192
"X00368_xpt2_at",2185.52275960171
"D84454_at",19305.7638691323
"L41913_at",532.406827880512
"M26958_s_at",1329.33428165007
"HG3432-HT3618_at",10279.9544807966
"X54870_at",1138515.443101
"U01157_at",8572.87980085348
"K03192_f_at",10522.1963015647
"M99701_at",150106.785206259
"X07438_s_at",34943.5647226174
"X69398_at",116182.785206259
"X59710_at",1016.84779516358
"U31449_at",268.953058321479
"X80343_at",0
"U31116_at",693.912517780939
"M21302_at",2023.80440967283
"L39009_at",23.6842105263158
"X70297_at",143373.613798009
"L20971_at",1068916.07467994
"D50923_at",1574.3506401138
"U23752_at",862.131578947368
"X77744_at",601.912517780939
"U16861_at",16338.6714082504
"M73077_at",1012.68634423898
"X51630_at",9083.94310099573
"D49817_at",375094.350640114
"J04029_s_at",96148.9701280228
"D16227_at",3556.02844950213
"M14159_cds2_at",0
"U95626_rna1_at",499.793029871977
"M60299_at",13503.2581792319
"M19989_cds1_at",11.6052631578947
"L04731_at",208686.708392603
"L10374_at",1237.71834992888
"Z49989_at",1469.07610241821
"U62431_at",1002.89402560455
"D64108_at",176.330014224751
"M55024_s_at",110.350640113798
"X06700_s_at",2232.7773826458
"U90336_at",132.657894736842
"AFFX-BioC-3_st",0
"L34587_at",301080.185633001
"D11086_at",2066397.10455192
"U66061_cds3_at",38911.6984352774
"X13589_at",0
"S68805_at",19488.6977240398
"L34600_at",14113.8435277383
"X99720_rna1_at",44874.7908961593
"X59303_s_at",71657.9125177809
"L40377_at",2568.18563300142
"U34038_at",17802.4473684211
"L34155_at",2454.39900426743
"HG4322-HT4592_at",692335.218349929
"M77348_rna1_s_at",30917.7638691323
"HG3731-HT4001_r_at",161.767425320057
"X16667_at",22115.8435277383
"M38690_at",2831089.29445235
"M34539_at",780897.231863442
"M23379_at",41795.9857752489
"X96584_at",16478.046230441
"U92971_at",38678.4160739687
"M82809_at",31219.9146514936
"M86699_at",11670.4068278805
"U67934_at",9863.15860597439
"HG3412-HT3593_s_at",8992.19132290185
"U58675_cds2_at",39599.8236130868
"X68742_at",13639.2830725462
"U08198_rna1_at",0
"X79865_at",72603.0099573257
"M77698_at",163134.685633001
"X84003_at",154.859886201991
"Y00815_at",4411.48577524893
"X98507_at",17382.0825035562
"HG3897-HT4167_at",4019.62162162162
"L48513_at",4340.14224751067
"M58286_s_at",125352.669274538
"X06956_at",220485.954480797
"M98399_s_at",128358.113798009
"U82310_at",9643.11806543386
"HG880-HT880_at",39407.3122332859
"X03794_s_at",11196.3506401138
"X14008_rna1_f_at",13858699.1728307
"Z49194_at",227020.982219061
"HG3510-HT3704_at",4111.11806543386
"U79291_at",26848.020625889
"AF006087_at",132523.915362731
"U33880_at",168.196301564723
"D10656_at",13233.1045519203
"Z78285_f_at",6.90540540540541
"X70811_at",4797.61877667141
"X15875_at",31547.7268847795
"D50931_at",11052.1166429587
"D87071_at",229642.765291607
"U02310_at",17419.493598862
"Z46629_at",302.879800853485
"J00209_f_at",38.6458036984353
"HG3033-HT3194_at",8670.42105263158
"X14850_at",520169.914651494
"U23852_s_at",13283485.1301565
"HG4757-HT5207_s_at",22448.2795163585
"M81883_at",1144.91607396871
"U35246_at",4591.33428165007
"D45917_s_at",2638.52702702703
"M91669_s_at",4878.40753911807
"Z33905_at",181.289473684211
"X76498_at",111.064722617354
"X94612_at",6500.34779516359
"HG870-HT870_at",94.7403982930299
"Z84722_at",279.184210526316
"X55990_rna1_at",402743.456614509
"M19508_xpt3_s_at",495433.955192034
"M67439_at",0
"D88422_at",3787443.63086771
"HG4144-HT4414_at",0
"U40038_at",4216.87339971551
"U53225_at",5229.80654338549
"X52282_s_at",19610.1287339972
"X03168_at",1320.42105263158
"U15306_at",5136.56330014225
"S83308_at",717.830014224751
"U60521_at",474.009246088193
"M69197_xpt2_s_at",15864.3044096728
"X75315_at",456636.083214794
"X05130_s_at",1489027.65860597
"D21851_at",3057.97510668563
"J04605_at",26020.9110953058
"L05424_cds2_at",40410.6152204836
"X07495_at",663.721906116643
"X17025_at",225185.951635846
"D86096_cds1_s_at",3333.21763869132
"U32849_at",180376.105263158
"U20240_at",11418.3584637269
"L07807_s_at",63149.0647226174
"D38551_at",199808.970128023
"M32578_at",187985.140825036
"U67156_at",3980.13442389758
"D86969_at",11103.8918918919
"X95808_s_at",54445.5021337127
"X77567_s_at",14518.0149359886
"L40366_at",34.321479374111
"U67784_at",1892.63442389758
"U31383_at",96255.6842105263
"L07765_at",47900.9025604552
"L07758_at",61180.307254623
"U06454_at",16.726173541963
"S73813_at",8797.2773826458
"AFFX-HUMTFRR/M11507_3_at",299556.026315789
"HG4518-HT4921_at",0
"D87127_at",13664.5896159317
"U49188_at",91081.9971550498
"U11875_s_at",10801.7268847795
"HG4704-HT5146_at",15078.6578947368
"L11005_at",1635.28093883357
"J05614_at",3171617.08677098
"U47414_at",35956.5071123755
"S81578_at",1553.92105263158
"X85237_at",23035.5192034139
"X60992_at",105628.907539118
"L28821_at",59464.6436699858
"S73885_s_at",321230.765291607
"U14910_at",7048.25035561878
"L37347_at",1186.91394025605
"L38608_at",7396.67211948791
"L36463_at",37913.6301564723
"AF015950_at",3690.3506401138
"Z70218_s_at",2413.48008534851
"D13635_at",1936.77169274538
"HG2855-HT2995_at",877399.662162162
"M24351_cds2_at",5018.14864864865
"D87433_at",1229101.87766714
"S82185_at",1398.02275960171
"M22382_at",2252188.99573257
"L13800_at",28411.0327169275
"HG4116-HT4386_s_at",127.645092460882
"U49352_at",24326.9964438122
"U21049_at",15822.4409672831
"U05572_s_at",123806.447368421
"HG1733-HT1748_at",21583.7588904694
"U25182_at",18766.7368421053
"D00408_s_at",26792.8165007112
"L02326_f_at",546476.669274538
"HG2538-HT2634_at",2509.65931721195
"L00389_f_at",174154.0056899
"U15128_at",15011.0192034139
"L40386_s_at",456625.929587482
"U90911_at",29798.4210526316
"D16815_at",3029.6479374111
"Z70220_at",15923.9921763869
"U26424_at",4342.13157894737
"D37781_s_at",124.375533428165
"M27691_at",11293.9608819346
"M99487_at",0
"L22214_at",29715.1586059744
"Y10256_at",1536.58321479374
"J03801_f_at",13585022.3044097
"X63717_at",12351.7297297297
"L77566_at",1462.78591749644
"D14811_at",44292.740398293
"X66839_at",14514.9416785206
"U34683_at",3536.64864864865
"U14550_at",16828.5640113798
"M30818_at",127941.456614509
"J00268_s_at",217761.752489331
"X67491_f_at",50324.2702702703
"U04520_at",5530.52631578947
"X60787_s_at",365.172119487909
"M81780_cds3_at",8204.2560455192
"U72882_s_at",19634.3214793741
"U18383_s_at",219.871977240398
"X16260_s_at",6514.41607396871
"X89986_s_at",5655.6706970128
"D42138_at",11473.0355618777
"U05259_rna1_at",7494988.79089616
"M99063_at",27153.8122332859
"AF001359_f_at",45537.2126600284
"U51432_at",107015.618776671
"HG2709-HT2805_at",14590.2219061166
"M68516_rna1_at",0
"X86019_at",2955.08677098151
"J04794_at",759917.980085348
"D45370_at",28152.8485064011
"M58525_s_at",345927.46799431
"U29195_at",84855.6557610242
"U56816_at",159132.79374111
"M14660_at",207086.009246088
"X70476_at",62279.4317211949
"AB002315_at",18041.6963015647
"U82979_at",32131.1152204836
"S82472_at",14.6038406827881
"M59916_at",0
"L09749_at",244.9679943101
"S75313_at",44.6230440967283
"L03427_at",0
"U43328_at",394.771692745377
"U38847_at",194689.866998578
"U17969_at",1016661.69061166
"M59815_at",113780.154338549
"HG1614-HT1614_at",1834754.1173542
"U68031_at",61.6479374110953
"L22524_s_at",730.407539118065
"HG3286-HT3463_at",106567.23541963
"X72308_at",33909.2667140825
"M31211_s_at",94471.6479374111
"L21954_at",2410596.6344239
"L76571_at",2370.03413940256
"D29956_at",7365.30654338549
"X04201_at",36743.3257467994
"D85418_at",12645.3890469417
"U32315_at",670.74253200569
"U80034_at",0
"U70663_at",56693.7581792319
"M21305_at",1641017.43385491
"J02843_at",917.443100995733
"U34044_at",10282.7965860597
"J04101_at",68990.6571834993
"M88461_s_at",15213.1443812233
"Z28339_at",1119.59672830725
"HG3345-HT3522_at",25.2894736842105
"L08424_at",5727.79231863442
"U69127_at",3135.81009957326
"U31556_at",138589.576102418
"M14745_at",162626.253200569
"D12676_at",192.833570412518
"U13061_rna1_at",358.987908961593
"M19481_at",63.0647226173542
"M58026_at",25707.2830725462
"X52213_s_at",21200.4381223329
"U56102_at",67.7126600284495
"M89470_s_at",10904.780227596
"X16546_at",327892.250355619
"X80590_at",20081.9153627312
"M16937_at",4196.09388335704
"U38372_at",27.9950213371266
"L77567_s_at",0
"X16281_at",137.174964438122
"X87870_at",131.172830725462
"L27943_at",561193.858463727
"D50857_at",18198.853485064
"U24577_at",18.5149359886202
"X54380_at",65.9694167852063
"U08021_at",332.062588904694
"U20391_rna6_at",0
"U25128_at",6417.93172119488
"U13991_at",344674.777382646
"X87843_at",107.123755334282
"X00038_at",2339.32574679943
"X87613_at",3683.53698435277
"J00210_rna1_at",69.1187766714083
"L36870_at",2278.46159317212
"L07541_at",5847.55049786629
"U00946_at",185.49359886202
"U61734_s_at",273628.603840683
"J03910_rna1_at",359.431721194879
"J05252_s_at",1263.16145092461
"D50402_at",3544.44736842105
"D50645_at",6556.23684210526
"D89052_at",920608.13655761
"HG1699-HT1704_s_at",176.586770981508
"U21936_at",2177.82076813656
"L20348_at",1299.11877667141
"D31887_at",9205.84637268848
"X91911_s_at",1324293.10739687
"Z68747_at",21584.8079658606
"U35835_s_at",44877.0014224751
"X96783_rna1_at",10948.4018492176
"U23028_at",12038.8883357041
"L25931_s_at",384840.645803698
"X02751_at",4593.75320056899
"M29610_s_at",172702.645803698
"Z26491_s_at",1051282.32147937
"Z22865_at",722.455192034139
"X92814_at",12967.9431009957
"Y09321_at",5731.07610241821
"X93498_at",5007.98862019915
"U47931_at",315708.008534851
"Z49205_at",94.7368421052632
"M26682_at",20398.7830725462
"L07590_at",2129.92034139403
"HG4668-HT5083_s_at",29751.1642958748
"L00634_s_at",32748.9452347084
"M65292_s_at",778.820056899004
"U82319_at",2748.21123755334
"U65932_at",644719.576813656
"M13150_s_at",2000.62091038407
"U26266_s_at",88955.1073968706
"L17327_at",59169.3798008535
"L33930_s_at",5618140.94523471
"J04162_at",14703.3207681366
"M77144_rna1_at",1693.28022759602
"M58597_at",12300.859886202
"U09850_at",61705.1813655761
"HG4740-HT5187_at",788.74893314367
"U13219_at",7668.7119487909
"D21267_at",1389.48577524893
"X97675_rna1_at",188.170697012802
"HG4094-HT4364_s_at",7486.42745376956
"U82306_at",6328.07752489331
"HG4755-HT5203_s_at",26907.9153627312
"X63759_at",103.880512091038
"J03890_rna1_at",34511.4857752489
"X62048_at",11489.4260312945
"U75308_at",3083.07610241821
"X01703_at",3826880.79374111
"M86383_s_at",1458.02631578947
"D87464_at",28452.3165007112
"U68133_at",901.320768136558
"U02388_at",0
"L48692_at",895.306543385491
"M12959_s_at",2233005.96088193
"AD000684_cds1_at",171.522759601707
"L35592_at",3640.63726884779
"X80198_at",33139.7667140825
"U25956_at",218511.487908962
"L76702_at",100617.374110953
"Z68193_at",9267.87553342816
"U60276_at",0
"M13485_at",36123.7581792319
"S74683_at",7724.00568990043
"U22970_rna1_s_at",46898.0512091038
"U33286_at",77664.0341394026
"X05309_at",5360.09174964438
"L07597_at",185516.441678521
"Y00339_s_at",449238.020625889
"U52191_s_at",134386.039829303
"M60922_at",192182.082503556
"D90042_at",4864.94807965861
"U63717_at",14396.472972973
"X05855_s_at",1930926.8371266
"M20543_at",1727.6906116643
"X14046_at",3570034.95590327
"X91141_at",679.047652916074
"M97936_at",107580.981507824
"X02875_s_at",38533.5967283073
"U46746_s_at",1095.92034139403
"U29615_at",37019.3122332859
"X78565_at",388.170697012802
"S66896_at",1026.35846372688
"U24169_at",44999.5056899004
"M87338_at",3479.53698435277
"U46116_at",457.066856330014
"L15388_at",2050.9786628734
"U37547_at",43497.5625889047
"X78712_at",0
"M60724_at",1849.45448079659
"L41870_at",107991.414651494
"X98833_rna1_at",336.128733997155
"U95090_at",6019.33712660028
"D38496_s_at",14012.9160739687
"D45248_at",926208.347083926
"L32140_at",107.456614509246
"J04456_at",21429370.7112376
"U90878_at",2232588.1458037
"X91648_at",2932.19132290185
"M84526_at",4764406.51280228
"U18671_rna1_at",12902.3584637269
"X97230_f_at",907.252489331437
"X57809_s_at",6508390.0284495
"U11036_at",0
"D15050_at",418862.540540541
"U68018_at",29240.6714082504
"U17280_at",9359.0960170697
"L40157_at",1426.42745376956
"U49857_at",15300.2788051209
"U33429_at",78720.5092460882
"X99226_at",32.373399715505
"AC002450_at",767.564722617354
"M73547_at",73751.793029872
"HG162-HT3165_at",10040.9423897582
"Z79581_at",4472.6692745377
"D87459_at",17718.9701280228
"U82169_at",36634.8371266003
"U84720_at",109783.63086771
"D86958_at",7836.74039829303
"U03644_at",7907.02418207681
"D49354_s_at",5187.10384068279
"X07730_at",105047.323613087
"X06825_at",433.522759601707
"U38810_at",30.5099573257468
"X72879_at",9030.91394025604
"M22538_at",834097.289473684
"U53174_at",535.783783783784
"U53003_at",118814.933854908
"Z21966_at",4552.7972972973
"HG3565-HT3768_r_at",765535.551209104
"D42043_at",840276.913940256
"X79683_s_at",3833.27169274538
"AF012024_s_at",6080.52418207681
"K01396_at",724937.317923186
"M16404_at",0
"L34673_at",20.5668563300142
"M90820_at",0
"L04270_at",0
"X62466_at",1859843.88904694
"U52960_at",71.1578947368421
"M21005_at",4244610.86201991
"L16991_at",49814.5156472262
"L25798_at",8006.68563300142
"U83843_at",120389.027027027
"M19720_rna2_at",0
"U24576_at",30263.3399715505
"D49950_at",10196.8705547653
"Z48541_at",4565.22688477952
"X62822_at",1768.21621621622
"Z48042_at",878636.293029872
"Z68204_at",9824.54978662873
"M14123_xpt2_at",8734.7027027027
"X66401_cds1_at",643797.240398293
"J00220_cds4_at",5232.76244665718
"S72024_s_at",224737.684921764
"HG2239-HT2324_at",523.889046941679
"M68941_at",14725.8435277383
"M97815_at",54821.4516358464
"X51804_at",13950.5697012802
"U61836_at",256691.231863442
"U90908_at",5597.7667140825
"X68194_at",21158.1913229019
"L08895_at",991394.145092461
"X97324_at",524977.932432432
"M88282_at",37603.9608819346
"L32179_at",7314.893314367
"U49020_cds2_s_at",224346.685633001
"HG896-HT896_at",0
"M93425_at",18670.6372688478
"HG3141-HT3317_f_at",21744.6152204836
"U83598_s_at",6435.3719772404
"X06256_at",20331.8641536273
"X05360_at",5638.00853485064
"AFFX-BioB-3_at",4148.75391180654
"D79983_at",7502.53271692745
"U60319_at",1.89758179231863
"U43431_at",5549.10384068279
"Z34974_s_at",139.337126600285
"U39231_at",295.900426742532
"X81836_s_at",1477.58250355619
"HG4027-HT4297_f_at",1548.15078236131
"D83735_at",924582.555476529
"U33838_at",1933.21550497866
"M98045_at",159564.063300142
"AF006609_at",805.103840682788
"U39657_at",0
"M10321_s_at",229.076102418208
"X03635_at",66.4068278805121
"U12535_at",26.3392603129445
"M55150_at",337554.238975818
"U49844_at",21323.0099573257
"U79267_at",12653.5476529161
"M25393_at",1409.34352773826
"HG3231-HT3408_at",16435.880512091
"M31241_s_at",1095.85846372688
"U49974_f_at",5050.35348506401
"M75715_s_at",27874.1287339972
"D83776_at",75472.8335704125
"X16396_at",111990.253911807
"Y08613_at",13152.7795163585
"U47292_at",2053.84352773826
"HG2743-HT2846_s_at",781.143669985775
"X74328_rna1_at",37621.8748221906
"M34338_s_at",329947.323613087
"Z46376_rna1_at",10814.7027027027
"HG4109-HT4379_at",6781.79231863442
"X15954_rna1_s_at",0.0263157894736842
"HG3491-HT3685_at",238.780227596017
"L12060_s_at",5880.2987197724
"L77213_at",41670.0832147937
"X07203_at",387406.751778094
"L49209_s_at",4850.03769559033
"M16276_at",103423.807254623
"Y10936_at",34339.5192034139
"X95677_at",14943.7098150782
"X75535_at",1507.70199146515
"D55716_at",510424.036984353
"L41939_at",2363.58250355619
"M33195_at",1199461.5056899
"S95936_at",1821.99217638691
"M92934_at",3341101.03271693
"HG3085-HT3254_s_at",4195.6813655761
"X68487_at",18745.2155049787
"Y11999_at",0
"M30185_at",15985.5625889047
"M34376_s_at",430.358463726885
"M75110_at",2550.56970128023
"D87292_at",116217.499288762
"U78735_at",8406.58321479374
"U73377_at",25816.9566145092
"J04056_at",535.715504978663
"U43586_at",30046.7396870555
"L40403_at",19.1273115220484
"D80006_at",310474.453058321
"L11238_s_at",2394.78022759602
"L32606_at",0
"S83362_s_at",21885.6728307255
"X96752_at",79187.8463726885
"X99656_at",2076.31650071124
"U90551_at",223426.370554765
"X17254_at",74119.1977240398
"U06631_at",180489.09601707
"D50926_at",31731.6963015647
"Z33642_at",5073.39118065434
"HG4334-HT4604_s_at",28243.5647226174
"U96113_at",17869.7987197724
"K02882_cds1_s_at",59802.0291607397
"M13929_s_at",724910.785917496
"M13981_at",12312.3527738265
"M80783_at",4143.61379800854
"M95178_at",62490.8257467994
"HG1102-HT1102_at",89652.4836415363
"X94628_rna1_s_at",0
"S73840_at",10357.2724039829
"Z50053_at",4970.04623044097
"U70867_at",68190.9587482219
"L37036_s_at",4348.45519203414
"D11151_at",1722.35277382646
"M69023_at",35876.6372688478
"D63940_s_at",15808.0775248933
"X07619_s_at",12714.3705547653
"X62534_s_at",1290469.92034139
"U77975_at",4281.16145092461
"L00354_at",1645.07325746799
"M61855_at",10423.4829302987
"X52011_at",11411.6963015647
"D50477_s_at",3263.3719772404
"M81933_at",9141.4679943101
"M96803_at",864731.394025605
"J04760_at",9202.60028449502
"M60503_at",1008.48648648649
"U19796_at",149939.647937411
"L11708_at",9323.5533428165
"D79993_at",60054.9281650071
"S68271_s_at",24591.359886202
"S79281_at",577.174964438122
"AJ001047_at",125.289473684211
"X85133_at",4240.01493598862
"S85655_at",96188.9559032717
"X76302_at",91461.280227596
"U42408_at",24962.5689900427
"U82467_at",13188.4046941679
"L76703_at",28636.5234708393
"X82554_rna1_at",14642.9189189189
"M37981_at",2244.33926031294
"U49379_at",127.431721194879
"U63289_at",273.601706970128
"K03207_f_at",74589.6045519203
"U60061_at",37667.5647226174
"HG2602-HT2698_at",28388.0825035562
"U07802_at",1120806.66927454
"L09230_s_at",9118.26742532006
"X52520_at",3833.73541963016
"X59841_at",90523.226173542
"U49395_at",412628.56970128
"U79273_at",555004.285206259
"D63506_at",138717.263869132
"U03858_at",17895.7098150782
"D50855_s_at",20154.8257467994
"U80628_at",7361.94310099573
"U52155_at",479.718349928876
"X17576_at",3555.41109530583
"M85085_at",168.296586059744
"D87683_at",4085.06685633001
"X53795_at",38854.686344239
"D17357_at",3500.29943100996
"X06562_at",890.093883357041
"D26308_at",3024121.75320057
"Z49254_at",290681.292318634
"U73304_rna1_at",1053.29231863442
"HG3236-HT3413_f_at",1212615.00213371
"S79781_at",3709.06116642959
"X03363_s_at",8940.67140825035
"AFFX-HSAC07/X00351_M_st",63233.7219061166
"D42087_at",29054.6180654339
"U32324_at",11197.5284495021
"X51345_at",6381252.46941679
"J04970_at",1012.08036984353
"L19872_at",48685.5056899004
"AFFX-DapX-5_at",3857.92887624467
"Z48605_at",1686.3506401138
"M35878_at",95697.9324324324
"X91103_at",4143.04978662873
"X16699_at",66.1137980085349
"M16441_cds1_at",890.947368421053
"K03195_at",233881.824324324
"X95463_s_at",0
"HG3989-HT4259_at",1352.47297297297
"D86980_at",187.389046941679
"Z34897_at",10368.8058321479
"X64229_at",33346.8570412518
"U36922_at",370686.404694168
"K02054_at",1593.6813655761
"D90282_at",893.0106685633
"U61145_at",29841.4886201991
"M21154_at",121424.739687055
"M57567_at",205074.524182077
"U18422_at",41431.8300142248
"D87684_at",163522.275960171
"X52638_at",40151.9551920341
"J02963_at",8767.14438122333
"X00948_at",1020.98150782361
"X91148_at",0
"HG2261-HT2352_at",272.00853485064
"U38896_at",903.488620199147
"HG3635-HT3845_f_at",2804.19630156472
"U12775_at",2711.86059743955
"M35128_at",46543.1614509246
"M55267_at",12570.7859174964
"U09367_at",8515.85846372689
"M84349_at",30626.8058321479
"X96753_at",324.634423897582
"U45976_at",100073.821479374
"X97303_at",4040.7453769559
"X06482_at",40046.6778093883
"D85758_at",649948.221906117
"M64930_at",1165.43456614509
"U89012_at",265.379800853485
"M94345_at",2242285.76386913
"D88155_s_at",20460.1372688478
"S69272_s_at",363082.862019915
"L17075_s_at",1033.13229018492
"U82759_at",127669.487908962
"M86406_at",12353.7894736842
"M16279_at",15198709.3748222
"U90918_at",19794.5291607397
"M29458_at",1365.98862019915
"X54162_at",0
"M24902_at",1206.54907539118
"U84540_at",354.833570412518
"U43279_at",1237.22617354196
"M11437_cds2_at",7334.87339971551
"AF005043_at",2393.32645803698
"L11353_at",2975.26386913229
"U26648_at",104785.968705548
"Z23091_rna1_at",8.52631578947368
"L13740_at",779294.981507824
"M26062_at",1819.30298719772
"S77393_at",269.01280227596
"M18533_at",722.589615931721
"U79734_at",1690.98221906117
"D83767_at",2291.79231863442
"D55696_at",6486.67496443812
"L02321_at",22658.9566145092
"HG2730-HT2828_s_at",3998.07681365576
"U79271_at",820.685633001423
"U59913_at",2757.42603129445
"X68285_s_at",25.2894736842105
"M85220_at",7824.50924608819
"U66661_at",7465.34352773826
"M90696_at",17063.4566145092
"M63623_at",1847.0640113798
"Z80788_at",1.68421052631579
"HG2639-HT2735_s_at",50735.266002845
"M60527_at",41010.3108108108
"U22897_at",102110.415362731
"X59373_at",15001.1642958748
"X83416_s_at",57868.3165007112
"S60415_at",0
"HG3415-HT3598_at",8631.8840682788
"X07834_at",56394.8876244666
"D29992_at",2961.10384068279
"M80563_at",3423437.04978663
"U37146_at",378478.421052632
"M14648_at",13.6479374110953
"X63546_at",3327.5533428165
"U67092_at",125.289473684211
"X04297_at",1388.45519203414
"M87339_at",36074.4473684211
"U89922_s_at",8257431.69914651
"U22526_at",50702.9879089616
"D17525_at",88034.0490753912
"X78992_at",13191303.9203414
"M38449_s_at",979046.765291607
"M87860_at",17806.7368421053
"U15173_at",51030.7396870555
"U90543_s_at",55897.1578947368
"X61070_at",0
"L15344_at",3247.89758179232
"J05008_at",0.0263157894736842
"M33478_at",583.992176386913
"X69878_at",53134.3477951636
"X92493_s_at",15220.0291607397
"X75342_at",35376.9246088193
"S61953_at",31542.0056899004
"M33493_s_at",598580.637268848
"U17566_at",9697.82147937411
"AB000468_at",210442.873399715
"U13695_at",79881.7524893314
"HG862-HT862_s_at",0
"HG417-HT417_s_at",1581702.83357041
"U29175_at",568818.524182077
"X87344_cds10_at",27130.4381223329
"X76040_at",23244.7112375533
"U43522_at",423047.915362731
"U82130_at",16024.0227596017
"D87469_at",26019.5512091038
"M22430_at",15028.1479374111
"HG4243-HT4513_at",51302.0825035562
"X51956_rna1_at",21739.0099573257
"U39487_at",0
"U43944_at",2314.94167852063
"U90306_at",34547.8669985775
"L10717_at",3641.91820768137
"U75309_s_at",220.753911806543
"HG3088-HT3263_at",21367.6301564723
"AFFX-HUMTFRR/M11507_5_at",75780.893314367
"X98743_at",215170.384068279
"M29064_at",739366.67140825
"M20778_s_at",1321.54765291607
"U76456_at",4101.44807965861
"X98176_at",6600.08819345661
"D00763_at",1279359.49644381
"M54968_at",2762.70839260313
"HG3928-HT4198_at",11623.4317211949
"X16609_s_at",2066.31934566145
"U90916_at",224840.362019915
"U28488_s_at",8250.23115220484
"U28833_at",8252.08036984353
"HG2796-HT2904_at",20373.7126600285
"D87742_at",4198.3613086771
"D31885_at",327921.468705548
"X66171_at",5622.45305832148
"HG3342-HT3519_s_at",178861.724751067
"X00588_at",12.7795163584637
"X13255_at",6764.63229018492
"L32163_at",495.77027027027
"HG4557-HT4962_at",47112.9822190612
"J03027_at",2488.06330014225
"X82018_at",61.7894736842105
"U47621_at",35793.6308677098
"U68233_at",61481.6706970128
"X70940_s_at",354836.188477952
"AFFX-CreX-5_st",323.292318634424
"M27394_s_at",451056.993598862
"M62424_at",1239.18918918919
"M26004_s_at",41659.3065433855
"M14539_at",888979.875533428
"S75578_s_at",25785.4964438122
"U79277_at",338.185633001423
"U13022_at",48605.5426742532
"L77864_at",0
"L37033_at",1037734.8883357
"D11094_at",89978.7652916074
"X95406_at",19434.6486486487
"X00695_s_at",2257.4146514936
"M69177_at",9192.25391180654
"M13232_s_at",10386.6486486486
"D31716_at",37351.6756756757
"M31774_s_at",6992.71763869132
"M18079_at",1001.92034139403
"L19593_at",845.738975817923
"M64590_at",74054.3214793741
"X54871_at",1917.61877667141
"L31529_at",786.99573257468
"X95097_rna1_s_at",17078.046230441
"X58199_s_at",33853.2297297297
"U61538_at",3030.1906116643
"L28957_at",18261.8349928876
"L78267_at",2426.12873399715
"U28749_s_at",1933.59672830725
"Z11695_at",1923.88691322902
"X13956_at",36433.5910384068
"V00571_rna1_at",1010.02275960171
"L17325_at",0
"D10537_s_at",34818.020625889
"U53830_at",293297.564722617
"U92459_at",4.44736842105263
"S42303_at",9205.79302987198
"U33052_s_at",21461.0960170697
"HG2255-HT2344_f_at",2098.46657183499
"D50930_at",245227.73826458
"X98337_s_at",575.468705547653
"U32331_at",1094.19630156472
"U31814_at",188316.874110953
"U90549_at",199615.60455192
"S78432_xpt1_at",12975.1813655761
"S78085_at",77000.6749644381
"M29877_at",210389.675675676
"U68135_s_at",981.636557610242
"U63455_at",22235.3065433855
"X77307_at",4141.9146514936
"U77413_at",62560.2588904694
"D86062_s_at",4452.34708392603
"Z50022_at",1271902.73968706
"L10377_s_at",3456.75391180654
"U88892_at",1578.35277382646
"M76424_at",66301.9950213371
"M24900_at",43754.4608819346
"X84213_s_at",275470.080369844
"L15326_s_at",23800.512802276
"U86759_s_at",100095.940967283
"M64676_at",506.358463726885
"U68494_at",14311.5341394026
"U15085_at",1024254.1230441
"L40392_at",99860.1963015647
"X65463_at",46522.2247510669
"D28383_at",30864.5611664296
"D26561_cds2_at",3710.58321479374
"X79200_at",134369.405405405
"M57399_at",9572.20199146515
"HG2365-HT2461_at",889.945945945946
"L10403_at",23.6842105263158
"X63578_rna1_at",11826.3165007112
"U87223_at",13432.4694167852
"M23114_at",64794.3449502134
"U50531_at",6020.99644381223
"U68727_at",130.412517780939
"J03805_s_at",179988.495732575
"D49372_s_at",4650.19630156472
"D86961_at",29938.6038406828
"S53911_at",7324674.75391181
"U15552_at",112678.460881935
"X54673_at",333.434566145092
"M31551_s_at",2363860.2254623
"X96381_rna1_at",18976.9651493599
"X95384_at",1320.37553342816
"Y09980_rna4_at",2588.72901849218
"X67318_at",0
"M28210_at",0
"X78924_at",32605.7695590327
"AFFX-HUMRGE/M10098_5_at",32296381.2638691
"M19878_at",9398.34708392603
"U11870_rna1_at",18768.5832147937
"S62907_s_at",7.72475106685633
"M74088_s_at",2346.18847795164
"U49973_xpt2_at",1020.42105263158
"X66436_at",44691.5
"HG4063-HT4333_s_at",4206.14793741109
"M11147_at",35338562.3641536
"HG1783-HT1803_s_at",2280.55547652916
"M35198_at",6753.29231863442
"D17793_at",76290.939544808
"J05096_rna1_at",468.267425320057
"U01828_at",1366.8079658606
"U89336_cds6_at",17234.7660028449
"M12963_s_at",12940.4473684211
"U16954_at",389416.56970128
"M30269_at",16534.4018492176
"L07738_at",3698.20839260313
"D55640_at",80422.4246088193
"U32944_at",1588627.58250356
"M37190_at",6575.21266002845
"S71043_rna1_s_at",8019558.8314367
"D50863_at",36609.0647226174
"HG4490-HT4876_f_at",208387.843527738
"X91653_s_at",4335.39118065434
"U51587_at",20302.6749644381
"D29675_at",3680.9786628734
"L40904_at",59289.4431009957
"X84746_at",1331.88051209104
"X91220_at",3017.44238975818
"X64728_at",13399.5910384068
"HG1067-HT1067_r_at",0
"U25988_at",221496.415362731
"M17219_at",15431.1557610242
"X59834_at",4357724.91607397
"L06633_at",36942.5490753912
"D16827_s_at",68.4473684210526
"X06318_at",46793.8214793741
"M55131_at",14182.9957325747
"L35854_at",3600.15078236131
"U31215_s_at",0.105263157894737
"U38268_at",26939.4743954481
"X97795_at",10653.7155049787
"X77748_at",1039.23826458037
"HG1996-HT2044_at",272.415362731152
"X82676_at",41.0896159317212
"U01317_cds4_at",19482208.7119488
"M28585_f_at",24.5490753911807
"L76627_at",40.0263157894737
"X77383_at",0
"D87002_cds2_at",1671.15789473684
"M36205_at",216.321479374111
"S71129_at",9081.43172119488
"U37055_rna1_s_at",7287.1586059744
"D10923_at",54505.6500711238
"Y10508_s_at",0
"U62136_at",65372.6635846373
"U97502_rna1_at",11811.5192034139
"M14200_rna1_at",625661.672830725
"M60830_at",88623.4879089616
"X53961_at",9811.6052631579
"Z80781_at",2412.29302987198
"HG3523-HT4899_s_at",428634.711948791
"Y08374_rna1_at",3525.28093883357
"M54927_at",763.576102418208
"J02621_s_at",2409151.95519203
"D14689_at",165299.655761024
"U43203_s_at",15672.9957325747
"M81637_at",3052.25889046942
"X12556_at",20.4694167852063
"S62028_s_at",715.758179231863
"M63835_at",7025.79231863442
"M25753_at",6422.23115220484
"U24389_s_at",1138.83143669986
"M76665_at",2550.56899004267
"L33801_at",11990.8477951636
"X16706_at",587528.324324324
"M79462_at",24096.0512091038
"U66083_at",14151.2126600285
"M69043_at",26418859.3975818
"Y00636_at",54765.0675675676
"M81379_at",85.9665718349929
"L25851_at",264491.778805121
"U32376_at",470.080369843528
"AB005535_s_at",1.68421052631579
"X99584_at",28424.6578947368
"U36621_cds2_at",38.1963015647226
"HG1761-HT1778_s_at",1153.96088193457
"Y11651_at",10840.1963015647
"U83192_at",20055.6557610242
"S55606_at",1767.42603129445
"D21878_at",1876.89118065434
"U46461_at",26733.3435277383
"D87450_at",50572.7254623044
"U60805_at",70.5149359886202
"D87434_at",82726.7112375533
"D25539_at",19089.4260312945
"D10995_at",38265.9800853485
"X05409_at",149559.667852063
"S57212_s_at",386528.594594595
"X79780_at",34539.2923186344
"Y09615_at",1188.1706970128
"X89416_at",2309.41394025605
"M31520_rna1_at",20689.8975817923
"AFFX-HUMGAPDH/M33197_3_st",45709.8122332859
"M24122_s_at",4278.74039829303
"U23850_s_at",8189.37482219061
"D87458_at",63.1180654338549
"U61397_s_at",134902.870554765
"J00124_at",15041.3570412518
"U40572_at",6395.44807965861
"U41804_at",3478.61522048364
"Z84483_at",10132.1913229019
"HG3417-HT3600_s_at",22789.9146514936
"X59932_s_at",772862.108108108
"U79115_s_at",3208.42460881935
"U66581_at",441.431721194879
"D42073_at",12628.893314367
"Z68228_s_at",2550682.94523471
"AF007551_at",15313.0697012802
"U47927_at",91213.5419630157
"L12350_at",1951.87553342816
"U18919_at",5180.41536273115
"M25809_at",38559.3918918919
"M87313_s_at",95.4288762446657
"S72043_rna1_at",203952.628733997
"X51755_cds5_s_at",354.105263157895
"Y12670_at",273333.243243243
"X94910_at",242803.724751067
"D87937_at",105401.73541963
"U32114_at",538.316500711238
"X83492_s_at",10209.7183499289
"Z84721_cds2_at",41670875.4857752
"X84194_at",7867.2119487909
"X05246_at",1017.50853485064
"U73328_at",103041.012802276
"M11186_at",25273.3883357041
"L24203_at",9106.64366998577
"L42354_at",69975.7297297297
"U58034_at",2731.57681365576
"X52611_s_at",6961.3399715505
"M21389_at",10802.4295874822
"U27699_at",961.513513513514
"HG909-HT909_at",18273.3975817923
"U28281_at",10465.6479374111
"L01664_at",54508.5803698435
"M64925_at",366365.783783784
"D15049_at",6218.35277382646
"L40399_at",4312.73115220484
"X03350_at",2582.85704125178
"M28882_s_at",206562.816500711
"X62320_at",8179886.09672831
"M65085_at",27859.4110953058
"U40279_at",43337.266002845
"M14016_at",221671.72688478
"A28102_at",33987.0099573257
"U50929_at",793.488620199147
"U81554_at",57821.539829303
"U74612_at",13822.9701280228
"U90437_at",2371.78947368421
"S78467_s_at",2696.05120910384
"U50330_at",222.736842105263
"U20938_at",14599.4544807966
"M38258_at",27550.3705547653
"U60060_at",8940.26244665718
"Z83735_at",1049.42034139403
"L22206_at",410.162162162162
"L15533_rna1_at",435.015647226174
"HG4460-HT4729_at",33121.6621621622
"Z26634_at",722.682788051209
"U51586_at",179043.724751067
"D43950_at",207443.582503556
"Y00083_s_at",673.420341394026
"D49394_at",1100.79658605974
"U17327_at",32336.7830725462
"D64142_at",23079923.0504979
"X60708_at",34796.6372688478
"U15555_at",34374.7795163585
"S69790_at",445.712660028449
"M89957_at",1921641.72688478
"X63468_at",9010.67211948791
"U81600_at",157181.866998578
"X85134_rna1_at",4259.84352773826
"U28131_at",76511.6593172119
"J03260_s_at",21019.7268847795
"M10901_at",211691.699146515
"AF006084_at",332792.618065434
"M11718_at",6507.98648648649
"M33600_f_at",21653986.9189189
"L42243_cds1_at",8577.18421052631
"L15296_s_at",9197.43172119488
"X58022_at",0
"S81294_at",8574.59174964438
"Z35085_s_at",78572.4551920341
"X81479_at",7337.64438122333
"U40223_at",13858.1344238976
"M21188_at",805.553342816501
"U42390_at",2552.56685633001
"D38293_at",7853.22332859175
"AC002076_cds2_at",890.820056899004
"U82321_at",744.794452347084
"AF002700_at",65284.600284495
"U43185_s_at",414457.056187767
"Y12812_at",146.036984352774
"J05459_at",1285.75035561878
"D63135_at",10198.1678520626
"M26692_s_at",41355.5227596017
"U41654_at",124002.262446657
"L13391_at",164856.201991465
"U31382_at",14764.8741109531
"X92098_at",63258.2759601707
"U95626_rna3_at",47.2773826458037
"HG1604-HT1604_at",0
"U97105_at",580392.231152205
"D87465_at",636082.961593172
"U03397_s_at",8628.03982930299
"M14219_at",21470.0227596017
"HG2239-HT2324_r_at",116606.833570413
"D87438_at",82472.6778093883
"S81439_at",45214.7311522048
"X68688_rna1_s_at",95657.8300142247
"AFFX-CreX-3_st",0
"U34360_at",222.586770981508
"AFFX-HUMRGE/M10098_3_at",24409446.9338549
"X13955_s_at",43657.3342816501
"X15217_at",0
"M64099_at",17072.5775248933
"U61981_at",2693.73897581792
"X82125_at",862.455903271693
"M92287_at",5796330.46657183
"L32137_at",11349.9295874822
"D90097_at",1114.09459459459
"M62397_at",784.096728307255
"X59766_at",2840.6692745377
"M60331_at",5.33499288762447
"X14690_s_at",2781.61379800854
"U44060_at",0
"X52056_at",420578.27027027
"U49835_s_at",11118503.1443812
"U52154_at",5608.38691322902
"M76378_at",125228.239687055
"U46751_at",5675946.56401138
"D10040_at",382255.271692745
"S77154_s_at",296243.402560455
"X98172_at",206522.17140825
"AB003103_at",8285.33712660029
"AB000381_s_at",1551.2773826458
"X59812_at",3741.39118065434
"L40407_at",5676.48648648649
"U20647_at",45264.3705547653
"X94563_xpt2_r_at",308792.509246088
"X85781_s_at",4809.33783783784
"L07515_at",9386.29089615932
"D55643_s_at",5177.95448079659
"U59321_at",441075.5056899
"Y07596_at",363.826458036984
"Y10260_at",42364.4921763869
"D89289_at",8101.54765291607
"K02777_s_at",97502.4416785206
"X98258_at",8418.66358463727
"U03735_f_at",1145.59672830725
"X03072_at",61166.2674253201
"HG1140-HT4817_s_at",26140.2987197724
"M15841_at",145166.839260313
"X04706_s_at",101.157894736842
"M73746_s_at",6.74039829302987
"HG961-HT961_at",0
"S73205_at",300.184921763869
"L37127_at",234979.027027027
"X74295_at",44505.5341394026
"D31883_at",667982.495021337
"HG3117-HT3293_at",3751.88051209104
"X98225_at",1721.91820768137
"X15376_at",10422.6287339972
"L16862_at",471738.275960171
"Z73497_at",441.229018492176
"X95240_s_at",15.1500711237553
"M61733_at",2521.13229018492
"HG3733-HT4003_at",0
"U25997_at",708.779516358464
"X17094_at",137147.013513514
"D63479_s_at",337495.715504979
"U79287_at",161588.145092461
"M15169_at",5667.83285917496
"M94547_at",57.0014224751067
"D13637_at",5361.68492176387
"D30655_at",4581058.29374111
"Y08999_at",8186.16216216216
"U19247_rna1_s_at",76447.1237553343
"J04513_at",673.357041251778
"M28826_at",4028012.2311522
"L13977_at",23932.0376955903
"X03934_at",11255162.5497866
"U23736_s_at",19.5881934566145
"HG620-HT620_at",556269.411095306
"Z49105_at",40620.466571835
"L20860_at",2977.63655761024
"U09002_at",12869.6906116643
"L09234_at",7.43456614509246
"M80397_s_at",87008.4409672831
"U34880_at",62009.4971550498
"M84371_rna1_s_at",983181.047652916
"U18297_s_at",0.105263157894737
"M32334_at",375793.875533428
"U30999_at",50203.593883357
"U49928_at",536.191322901849
"AF000234_at",2503.43385490754
"L00352_at",212910.731152205
"Z56281_at",147076.859886202
"L11573_at",290.213371266003
"U83601_at",32.2368421052632
"HG1862-HT1897_at",5030016.7083926
"Z29074_at",0
"X51698_s_at",1442.83926031294
"U66702_at",8415.0106685633
"M74161_at",1356.7119487909
"U25165_at",132057.280227596
"D00591_at",14268.4615931721
"X72889_at",179341.22688478
"U55206_at",7809.70412517781
"L14778_s_at",144212.310099573
"U16306_at",2405092
"M34516_r_at",5028769.90113798
"X78926_at",1620.52347083926
"Z46967_at",2059.28093883357
"D79990_at",116045.394025605
"X90858_at",533929.229018492
"L47738_at",809187.698435277
"U64197_at",6880.21621621622
"U90268_at",2821.83285917496
"U01160_at",5269.70483641536
"U22376_cds2_s_at",4954384.73186344
"HG142-HT142_at",22.1315789473684
"X99947_at",389.889046941679
"U72507_at",19609.3342816501
"X83107_at",9.16358463726885
"U58087_at",95647.9694167852
"HG919-HT919_at",64297.8605974395
"U45328_s_at",319145.391891892
"D49488_at",2401.31792318634
"M63959_at",789910.020625889
"U63743_at",158789.140825036
"L13773_at",149580.955903272
"M27160_at",7540.90256045519
"M12625_at",26519.3890469417
"U05227_at",251.750355618777
"L16464_at",19873.9864864865
"X67325_at",859359.884068279
"U67963_at",240222.358463727
"D50927_at",32212.5554765292
"AFFX-HSAC07/X00351_5_st",7112.13157894737
"J04982_at",973.073257467994
"L34357_at",4593.23186344239
"U82987_at",16358.1571834993
"X66363_at",54697.1557610242
"L19686_rna1_at",6300625.70412518
"AB000114_at",1347.38904694168
"L48211_at",5283.44238975818
"Z29083_at",12418.3584637269
"M18185_at",363.718349928876
"Y10207_at",29445.2638691323
"U09178_s_at",25622.159317212
"L36818_at",65186.1998577525
"D50913_at",172368.873399715
"Y00757_at",58.1315789473684
"X51362_s_at",78465.6216216216
"U25029_at",70720.4416785206
"X78669_at",13493.1073968706
"L13939_s_at",1090868.73186344
"Y00067_rna1_at",1023.54196301565
"M26730_s_at",1187232.40682788
"Y10659_at",11541.0419630156
"X79200_s_at",4.14224751066856
"U88898_at",2739.29445234708
"Z81326_at",20313.8605974395
"U86214_at",2933.4146514936
"U28015_at",187.97226173542
"D21163_at",8404.97012802276
"M96738_s_at",48.6578947368421
"S81737_s_at",3880.14580369844
"X70991_at",42057.593883357
"L12723_at",12392.2759601707
"M94556_at",343010.79943101
"X95826_at",3752.31009957326
"M74524_at",69237.4431009957
"HG4390-HT4660_at",13149.2581792319
"U92457_s_at",717.049786628734
"U55258_at",42851.966571835
"L35594_at",25817.1984352774
"M60052_at",1074.96514935989
"D50916_at",53030.1593172119
"Z24680_at",32201.1984352774
"U24704_at",68835.8719772404
"M38591_at",2872416.09174964
"M55905_at",11989.7667140825
"U59289_at",2400.87411095306
"S82471_s_at",5042.35277382646
"X90840_at",6507.01920341394
"U73499_at",724.221906116643
"M62303_at",4960.393314367
"U48437_at",76474.2937411095
"Y00978_at",6270.65718349929
"Z96810_at",106.330014224751
"U31384_at",1762038.628734
"U40369_rna1_at",565743.73541963
"AB000449_at",38767.5881934566
"L34409_at",1318.84779516358
"U73167_cds7_at",6172.63157894737
"Y00062_at",1237242.64082504
"X73882_at",3573.63086770981
"D25303_at",14198.9246088193
"M55621_at",15899.5512091038
"U16129_at",982.083214793741
"U31501_at",48937.9153627312
"X66945_at",204276.981507824
"L76687_at",6717.17283072546
"D32050_at",243661.334992888
"HG2707-HT2803_at",0
"U53468_at",3528.35348506401
"X87904_at",28656.4950213371
"L20591_at",443.380512091038
"M81695_s_at",338889.875533428
"D83703_at",21482.6692745377
"HG537-HT537_at",7029.28022759602
"M30894_at",3738702.41251778
"M22960_at",940037.357041252
"Z29077_xpt1_at",8350.09388335704
"M14123_xpt3_at",3999.13015647226
"AF000959_at",125.289473684211
"U29171_at",933810.042674253
"Y09022_at",34879.5903271693
"D10704_at",6143.35704125178
"U65928_at",57888.1166429587
"U69108_at",1076.2453769559
"Y07909_at",35743.240398293
"X67594_at",24187.6642958748
"U52700_at",2597.66216216216
"X62535_at",981095.496443812
"U00672_at",23135.3975817923
"X14885_rna1_s_at",128.947368421053
"M94633_at",108582.312944523
"D38555_at",49038.6714082504
"Y00451_s_at",116486.13086771
"X51521_at",4664888.15433855
"X98534_s_at",110337.380512091
"X89066_at",480.648648648649
"AF009674_at",22867.359886202
"Z26317_at",3738.00853485064
"X53002_s_at",10461.0327169275
"M64347_at",5070.13726884779
"U75276_s_at",26853.1187766714
"Y10375_s_at",91084.0092460882
"X76732_at",474302.79374111
"Z38133_s_at",2639.84637268848
"Y08319_at",1086.75177809388
"X72790_at",14874.0746799431
"AB000410_s_at",75.8918918918919
"U58033_at",319.921052631579
"J04173_at",2534157.59388336
"U68485_at",149912.253200569
"L41559_at",10386.7965860597
"AF015910_at",288083.348506401
"J00148_cds2_f_at",312.353485064011
"L07594_at",503.226173541963
"X81637_at",4157.46514935989
"U13913_s_at",213.547652916074
"L76200_at",1887190.79943101
"HG651-HT4201_at",343101.670697013
"U80669_at",38875.9125177809
"D28791_at",2978.15078236131
"M84820_s_at",9499.36059743955
"M20867_s_at",148491.086770982
"Y08564_at",0
"X83863_at",232364.79943101
"Y10514_s_at",1007.82361308677
"S75174_at",53.2894736842105
"X15722_at",573.0106685633
"U79254_at",318714.640825036
"L07615_at",508.953058321479
"M58378_cds1_at",77355.0071123755
"M15353_at",1306.54623044097
"X91117_rna1_at",8081.43172119488
"D25274_at",303680.691322902
"AB000896_at",248.859886201991
"D10522_at",250584.532716927
"U71087_at",3551.17283072546
"U20998_at",978649.553342817
"HG2846-HT2983_at",45430.8029871977
"S69965_at",0
"L40397_at",522185.109530583
"X56199_at",67822.4409672831
"L34838_at",0
"D82346_at",13444.1287339972
"U50928_at",75892.8705547653
"D86956_at",72075.0903271693
"J02854_at",7309.55618776671
"M55682_s_at",1559.67283072546
"L43964_at",177.009957325747
"M65134_s_at",1700.43243243243
"D28915_at",295704.546230441
"M19961_at",831947.812944524
"Z24725_at",1303.15576102418
"U52828_s_at",3382.85988620199
"X97267_rna1_s_at",2600605.48008535
"U66075_at",11.5675675675676
"U79296_at",5138.52916073969
"S78873_s_at",22264.4608819346
"U72936_s_at",196718.108108108
"U18009_at",261127.861308677
"U63139_at",56.4836415362731
"X95325_s_at",1611069.56756757
"X87176_at",7342.2453769559
"U80017_rna2_at",14158.3620199147
"M27436_s_at",2948.65433854908
"U03090_at",22349.1642958748
"D13435_at",27827.1187766714
"X76104_at",67365.2581792319
"HG3992-HT4262_at",16099.9857752489
"U67733_at",2128.91109530583
"HG3137-HT3313_at",3.78947368421053
"M76180_at",627.397581792319
"U01877_at",17912.2425320057
"U80017_rna1_at",16380.4530583215
"D43768_at",16.4473684210526
"U09937_rna1_s_at",2118438.02062589
"U40370_at",2717.34850640114
"D82060_at",2670.51493598862
"M60450_s_at",1065.54765291607
"M31523_at",803441.144381223
"X73608_at",4696.18492176387
"M93284_at",13586.4701280228
"Y10141_s_at",70498.9480796586
"HG3740-HT4010_at",46432.7176386913
"U05237_at",221384.583214794
"U13369_at",140.421052631579
"HG3362-HT3539_s_at",16683.3122332859
"U22815_at",638.924608819346
"X79483_at",3860.50711237553
"U43672_at",528.729018492176
"U52827_at",511.735419630156
"M32304_s_at",372327.616642959
"L27586_at",2783.15007112376
"M83363_at",3279.12162162162
"L77571_at",5.15789473684211
"U17989_at",5241.95448079659
"M57423_f_at",2131.97439544808
"U67615_at",12425.1984352774
"M35416_at",5188.74253200569
"Y13153_at",3697.84708392603
"D38163_s_at",3093.33783783784
"HG3242-HT4231_s_at",8754.94523470839
"AC000099_at",5167.7987197724
"U82279_at",0
"U48736_at",14524.9018492176
"L38929_at",4509.17496443812
"U04325_cds3_at",2410.73186344239
"U20979_at",39338.5234708393
"M37033_at",3945379.96657183
"M14565_at",13889.5085348506
"L13042_at",14515.6045519203
"HG4677-HT5102_s_at",14140.0633001422
"M93415_at",6292.17140825036
"L12052_at",5.15789473684211
"M30496_at",11941.2119487909
"L76517_at",49990.9054054054
"D16626_at",905.081081081081
"U04806_s_at",25361.2923186344
"U15590_at",0
"D26361_at",4375.64793741109
"X16105_at",60036.1856330014
"HG4638-HT5050_at",27707.5512091038
"U30894_at",22135.1273115221
"L07261_s_at",16305.2859174964
"M28170_at",27414.1372688478
"M88338_at",24401.420341394
"L10381_at",54.1031294452347
"M63391_rna1_at",1580.46657183499
"X76383_at",107.169274537696
"M20902_at",166415.078236131
"U82108_s_at",34987.1642958748
"AFFX-HUMISGF3A/M97935_5_at",3297.78947368421
"Y00970_at",17949.5
"Z12173_at",2251.82645803698
"HG2479-HT2575_s_at",106214.177098151
"M25667_at",28488.7660028449
"X14445_at",12251.5675675676
"U52682_at",43101.0561877667
"U08989_at",14382.0917496444
"L07493_at",15024.8165007112
"U78722_at",2107.04196301565
"U16811_s_at",6592.1052631579
"X63753_at",186499.007112376
"M14123_xpt4_at",34.1052631578947
"U48213_at",40.0263157894737
"HG3405-HT3586_at",1812.42105263158
"M64082_at",448.566856330014
"HG2887-HT3031_r_at",386.580369843528
"U03688_at",285.644381223329
"Z83745_at",1132.95874822191
"M13755_at",1457804.76529161
"X65977_at",28241.6365576102
"D84239_at",26550.386913229
"D38751_at",34.3705547652916
"U43408_at",534.958748221906
"M81758_at",115980.211237553
"L09717_at",11477.9182076814
"U90552_s_at",235104.347795164
"J03634_at",8242.14509246088
"D80007_at",28515.8122332859
"X13810_s_at",62452.1706970128
"X67683_at",22530.9701280228
"X60382_rna1_at",2998.94736842105
"X77922_s_at",763.672830725462
"J05682_at",3524.03982930299
"X62153_s_at",247323.258179232
"M97496_at",27585.793029872
"AC002086_at",919.724751066856
"U35451_at",73318.79943101
"L08485_at",843.968705547653
"X81420_at",0
"M32315_at",291937.889046942
"X51954_at",1022.31009957326
"X99894_at",74.3534850640114
"D63477_at",13853.5227596017
"U25849_at",334956.258890469
"U18288_at",11687.2183499289
"S48983_at",6.73684210526316
"K01160_s_at",128732.429587482
"X95735_at",2136131.19487909
"U48251_at",350014.076813656
"D88799_at",6353.34352773826
"U17743_s_at",2673.59388335704
"U09284_at",54413.4431009957
"M96982_at",1344487.04196302
"X82456_at",2554739.54267425
"X99268_at",7225.68421052632
"X99920_at",77692.2254623044
"D87470_at",5958.64366998577
"M85289_at",68.4473684210526
"AF015913_at",205231.283072546
"U38480_at",7299.40042674253
"HG3790-HT4060_at",0
"M13792_at",21439715.4992888
"S79873_s_at",66093.2716927454
"L49219_f_at",4775.49928876245
"U95740_rna2_at",10596.8705547653
"X99975_at",1868.22546230441
"X52001_at",481.591038406828
"M15517_cds5_at",4959.36059743955
"L42450_at",2626.26244665718
"HG3914-HT4184_s_at",1241.2773826458
"U83600_at",1149.34850640114
"D55654_at",1098604.76244666
"X05908_at",3863786.57823613
"M96789_at",143.940967283073
"HG4340-HT4610_at",0.236842105263158
"Z23115_at",189089.445945946
"Z83804_at",501.798719772404
"X59618_at",20473.5227596017
"X63563_at",47905.1209103841
"X75346_s_at",66622.4046941679
"M94077_at",2921.83285917496
"HG3044-HT3742_s_at",0
"D87463_at",7.60526315789474
"J05401_at",1066.17709815078
"M14123_xpt1_at",531.709815078236
"D16532_at",23404.9822190612
"D87716_s_at",17344.939544808
"D42045_at",102.117354196302
"X52142_at",14478.6884779516
"U72509_s_at",55076.6173541963
"D21063_at",471611.022048364
"X64810_at",1725.60526315789
"U57341_at",2543036.20483642
"M96759_rna1_at",8122.04623044097
"U35735_at",1601.99502133713
"S66431_at",71664.347083926
"U37143_at",1923.4679943101
"U58522_at",1487.67567567568
"AF006041_at",225306.142247511
"M74542_at",58.1315789473684
"M22898_at",163305.439544808
"X87241_at",82875.8975817923
"S72493_s_at",200719.496443812
"U79274_at",152984.924608819
"L08010_at",249616.208392603
"J03925_at",102860.256045519
"M12125_at",32824.2027027027
"X66114_rna1_at",13134.1458036984
"X02404_at",3273.31792318634
"X58377_at",1754.31650071124
"D00097_s_at",0
"L09235_at",8843.28093883357
"D63487_at",66350.1230440967
"X05276_at",1416001.3940256
"U41813_at",176104.711948791
"L49054_at",373.197724039829
"L35035_at",22618.8485064011
"M83712_s_at",2068.45874822191
"Y07595_at",5184.33001422475
"D84361_at",10100.6884779516
"AFFX-DapX-3_at",0
"D13628_at",54672.5327169275
"J05582_s_at",24989.2268847795
"U73477_s_at",262102.145803698
"U44103_at",6968.56685633001
"U32581_at",15308.1081081081
"D43968_at",95724.859886202
"X59739_at",17249.4879089616
"S70004_at",211.123755334282
"L34657_at",93635.5135135135
"U04209_at",4841.37411095306
"X04571_at",1096.34708392603
"M90656_at",70166.2624466572
"U24153_at",791.826458036984
"HG987-HT987_at",2213429.9886202
"X57809_at",12811.6614509246
"Y00097_s_at",311906.17140825
"L43631_at",233545.655761024
"X69910_at",60103.0960170697
"M25756_at",1417.28093883357
"U27193_at",253.528449502134
"D14657_at",835194.239687055
"D16469_at",308601.650071124
"X55889_at",2937.93812233286
"L10386_at",23062.7716927454
"U50078_at",48129.1614509246
"M57471_at",84.8990042674253
"X03656_rna1_at",108046.373399716
"M22877_at",38118.1543385491
"D16181_at",1470.1706970128
"X00237_at",2443.2773826458
"M60828_at",976.591749644381
"HG4433-HT4703_at",68.4075391180654
"X01038_rna1_s_at",5939.65576102418
"HG167-HT167_s_at",32.0825035561878
"U65093_at",182158.731863442
"M19311_at",75.1209103840683
"U63824_at",621.420341394026
"S67798_at",2747.04978662873
"X52003_at",12840.3214793741
"L14927_at",8035.27169274538
"X77533_at",675.559743954481
"HG668-HT4793_at",1716.49573257468
"X70649_at",26637.3748221906
"L47345_at",71619.1586059744
"U22314_s_at",6996.89402560455
"X80230_at",259326.023470839
"L04510_at",1838.79943100996
"X84908_at",7289.82432432432
"S75295_at",6043.48577524893
"D83785_at",75162.600284495
"L39059_at",24558.7396870555
"S76942_s_at",480330.762446657
"U49957_s_at",1648.90469416785
"X12458_rna1_at",9402.80298719772
"M95809_at",11143.5561877667
"AB002380_at",8256.52418207681
"U46569_at",92330.3079658606
"X99961_at",439.480085348506
"U13044_at",2527.03271692745
"Y11174_at",7.60526315789474
"U74382_s_at",19209.3975817923
"X87159_at",11.6052631578947
"AD000092_cds7_s_at",26310.2652916074
"U66726_s_at",882.145803698435
"U33920_at",12438.6721194879
"S78569_at",133.305832147937
"U09877_at",560.947368421053
"X02596_at",230875.06116643
"M82919_at",366.637268847795
"M29971_at",33112.9530583215
"HG2442-HT2538_at",11446.020625889
"Y13620_at",43012.9957325747
"Z94753_s_at",3598.71123755334
"AB002332_at",5162.6173541963
"U53786_at",34395.886913229
"X52221_at",5146.87980085348
"U61849_at",5278.1052631579
"U79300_at",198.581081081081
"M99439_at",183057.23826458
"U72263_s_at",4528.80298719772
"U79526_at",1691.70483641536
"M16750_s_at",1287816.60028449
"HG2507-HT2603_at",1646.87980085348
"AFFX-ThrX-M_at",46.4210526315789
"X04366_at",53308.5156472262
"X69433_at",1155157.29231863
"D43772_at",6772.72901849218
"M90356_f_at",40584.0967283073
"X96586_at",214761.06401138
"HG4058-HT4328_at",5852.05974395448
"D13540_at",5371.43385490754
"D38521_at",74706.7660028449
"U93553_at",2079.86699857753
"M62810_at",16698.7539118065
"D78334_at",811.428165007112
"X78416_s_at",2944.94167852063
"L39211_at",1041.87482219061
"L20859_at",8513.79231863442
"X51801_at",262.049075391181
"L33477_at",8.52631578947368
"X74142_at",38.3477951635846
"M33308_at",117670.8314367
"Z78289_at",6174.46657183499
"M55418_at",1624.7453769559
"M95712_at",93161.7219061166
"M23668_at",3374.62375533428
"M81780_cds5_at",87512.7937411095
"X75755_rna1_s_at",106601.655761024
"M32373_at",2853.03556187767
"M28213_s_at",19431.7019914652
"X53793_at",64882.8449502134
"D25304_at",444143.269559033
"U85611_at",208662.742532006
"X79882_at",156468.460881935
"S57153_s_at",458.600284495021
"AFFX-HUMISGF3A/M97935_MB_at",95586.8058321479
"HG998-HT998_s_at",96501.4822190612
"L41607_at",1325.45661450925
"X83857_s_at",63.1102418207681
"D85759_s_at",0
"L38500_at",2755.48862019915
"M76446_at",0
"J05243_at",392464.441678521
"M27749_at",1444485.4829303
"U18991_at",0
"X04327_at",32691.3485064011
"U10687_s_at",9250.78591749644
"U77129_at",6759.72475106686
"Y08612_at",35839.1635846373
"HG2247-HT2332_at",19034.7489331437
"M61199_at",42581.4743954481
"X76092_at",0
"AFFX-BioB-5_at",0
"J04611_at",465985.928876245
"L40394_at",13046.3584637269
"M31899_at",19053.0419630156
"X96849_at",33684.5241820768
"L04751_at",2106.06330014225
"M64554_rna1_at",4.36201991465149
"X52882_at",542920.29943101
"X54936_at",10976.5071123755
"X59842_rna1_s_at",70428.5099573257
"U05681_s_at",779441.553342817
"M76125_s_at",5.15789473684211
"U43843_at",1962.97012802276
"M60974_s_at",149071.699146515
"X79568_at",301.289473684211
"U38291_rna1_at",21303.1443812233
"HG1872-HT1907_at",1315751.98008535
"X61177_at",347.997155049787
"X98263_at",16571.5561877667
"U79303_at",120754.344950213
"U63295_at",5712.43243243243
"U42359_at",743.118776671408
"HG4155-HT4425_s_at",0
"U05340_at",243337.09601707
"Y10202_at",34.3079658605974
"X58401_at",84.3335704125178
"S75168_rna1_at",151409.431721195
"U23942_at",6560.87980085348
"M81750_at",6324.31650071124
"X12953_at",41997.3883357041
"X65965_s_at",13975130.9274538
"D50525_at",80656.740398293
"X97301_at",0
"X66358_at",971.900426742532
"M60614_at",5708.87411095306
"U37122_at",383754.362019915
"HG1612-HT1612_at",4406597.37980085
"U59228_at",21484.1714082504
"Y08991_at",8455.48790896159
"U43916_s_at",55093.1984352774
"M63138_at",6112653.27240398
"D87436_at",15754.9246088193
"D21241_xpt1_s_at",4713.32076813656
"U13896_at",513.661450924609
"U79290_at",714.253911806543
"X06661_at",534.352773826458
"U40271_s_at",8316.213371266
"D86978_at",52788.1052631579
"Z74616_s_at",767.251778093883
"HG2987-HT3136_s_at",11875.5419630156
"U56637_at",1948691.10455192
"U89355_at",13428.8449502134
"M15465_s_at",31832.4182076814
"U41740_at",9763.59032716928
"X62654_rna1_at",2056675.10384068
"HG2274-HT2370_at",96406.0825035562
"U59877_s_at",1449.60526315789
"U74324_at",22.5128022759602
"J02645_at",55955.4651493599
"D13636_at",37751.380512091
"X53683_at",51363.266002845
"X57985_rna2_at",261086.461593172
"U47077_at",25058.7795163585
"U22961_s_at",4995.42816500711
"HG3945-HT4215_at",12344.6635846373
"D50915_at",871523.874822191
"L13689_at",136568.208392603
"HG2383-HT4824_s_at",2840.90469416785
"M33987_at",2815.36628733997
"HG3132-HT3308_at",545.5106685633
"M22403_s_at",4002.69487908962
"H46990_at",85.7724039829303
"D49728_at",267551.132290185
"U07000_cds4_at",16317.3122332859
"M25897_at",278543.443100996
"U34976_at",1765.16358463727
"L24804_at",201852.438122333
"D38503_at",338.694879089616
"HG4068-HT4338_at",87056.9025604552
"S83249_at",2.99573257467994
"HG1686-HT4572_s_at",48580.3669985775
"X04143_at",4435.6586059744
"M24485_s_at",5917283.64793741
"U01691_s_at",520604.69487909
"X04602_s_at",915560.708392603
"HG4417-HT4687_f_at",704.077524893314
"D63476_at",785022.145803698
"U31628_at",5354.34708392603
"U61232_at",5677.22617354196
"X78925_at",73715.8776671408
"X76534_at",821.150071123755
"U95006_at",75336.5633001423
"U07856_at",51.6557610241821
"S82592_at",615.317923186344
"K02405_f_at",1326103.75889047
"Y12556_at",295.684210526316
"L32832_s_at",34723.3719772404
"D38081_at",45447.5227596017
"U88964_at",690825.46799431
"U11821_s_at",1000.31081081081
"U44772_at",76245.8065433855
"D13315_at",192846.603129445
"M62843_at",0
"L17418_cds2_s_at",236.199146514936
"U55766_at",8003.70981507824
"X70683_at",3802468.8598862
"S83364_at",77546.7489331437
"Z37987_s_at",1922.893314367
"K02574_at",1442729.21763869
"U04636_rna1_at",186411.33428165
"Z83806_at",1.69914651493599
"X60299_s_at",5443.35704125178
"L07077_at",545.101706970128
"M25296_at",29123.493598862
"HG4194-HT4464_at",7502.29374110953
"U58681_at",119392.874110953
"J02982_f_at",126127.33428165
"L04490_at",146800.466571835
"S78187_at",434141.701991465
"X74837_at",175990.466571835
"U12139_at",145210.310099573
"U30888_at",202752.785917496
"U18914_at",3837.67283072546
"D13643_at",16968.6578947368
"U57911_at",30794.4615931721
"X71874_cds1_at",1142086.99573257
"U52518_at",24008.8342816501
"Z29064_at",121317.995021337
"M87503_at",1011398.50142248
"M93426_at",69706.7539118065
"L40391_at",414811.843527738
"S70609_at",53057.3399715505
"HG2850-HT4814_s_at",10069.2098150782
"U04270_at",13988.2254623044
"Z29572_at",6532.30725462304
"U64198_at",28.6578947368421
"HG4747-HT5195_at",7008.85988620199
"U33822_at",37871.9288762447
"U28368_at",181716.184921764
"M80335_at",56994.4559032717
"X71125_at",461.078236130868
"M73047_at",23523.3911806543
"U59423_at",808292.583214794
"L38593_s_at",21645.1728307255
"L48546_at",188489.684210526
"Z29678_at",67350.9473684211
"D25538_at",31580.2759601707
"HG2160-HT2230_at",27.1322901849218
"Y00787_s_at",36342424.1963016
"U08854_s_at",5580.52347083926
"Z16411_s_at",8746.7773826458
"X92762_at",30532.9957325747
"X96698_at",24428.7368421053
"X14767_at",36933.0106685633
"D63861_s_at",12947.886913229
"U51711_at",265.940967283073
"U90902_at",3532.68278805121
"D38552_at",31624.7432432432
"U96191_at",0
"U39840_at",3363.83285917496
"M34057_at",1207.50213371266
"U01317_cds6_at",630511.394025605
"X93996_rna1_at",206065.647937411
"M91368_s_at",1272.84779516358
"HG907-HT907_at",257.921052631579
"X65614_at",28664.1458036984
"U23435_s_at",4105.53627311522
"L42374_s_at",28825.8527738265
"U69611_at",3344.08036984353
"D29640_s_at",26198.8940256046
"U33317_rna1_at",4587.08961593172
"U86136_at",13654.6173541963
"U50553_at",53133.3918918919
"Y12711_at",12476.213371266
"M16714_at",1468.42745376956
"M29696_at",2897836.58036984
"U91618_at",532
"Z68274_at",3764.60028449502
"X67734_at",4865.78947368421
"AB000462_at",17935.826458037
"M87789_s_at",12487485.8435277
"X17093_at",7716211.27240398
"S62696_s_at",1407.94310099573
"X76223_s_at",20462979.4992888
"X13451_s_at",988.600284495021
"U85430_at",11486.3648648649
"AFFX-LysX-M_at",930.105263157895
"X14684_s_at",260103.487908962
"U71364_at",27228.6230440967
"U82256_at",6311.49359886202
"Z46632_at",1978.40113798009
"U06155_at",11992.8399715505
"U60800_at",157401.99715505
"X96719_at",1546356.57467994
"D87969_at",40897.0533428165
"X74330_at",20267.3719772404
"U79247_at",3174.61806543386
"X00371_rna1_at",6650.28520625889
"S50223_at",52689.1813655761
"M60891_s_at",204495.659317212
"M85169_at",91309.5085348506
"Y08223_at",6240.22475106686
"U62800_at",0
"U90913_at",5293.65007112375
"D86550_at",328902.352773826
"Z32765_at",1213751.45661451
"M95929_at",27917.6052631579
"HG3484-HT3678_s_at",604821.499288762
"M72885_rna1_s_at",4507434.128734
"L02950_at",753204.672119488
"J03171_at",17945.5085348506
"U08096_at",5329.47439544808
"M68864_at",288290.685633001
"X93510_at",41.7446657183499
"M21388_r_at",6128377.54196302
"L78833_cds2_at",855.346372688478
"U43083_at",32697.6557610242
"D50550_at",9525.14366998577
"M94856_at",359654.708392603
"M12886_at",33288413.6450925
"U44975_at",1820607.25177809
"X02158_rna1_at",2.64366998577525
"U35637_s_at",761.655761024182
"U31201_cds2_s_at",0
"X98307_at",40.0263157894737
"U23803_at",212320.885490754
"X15306_rna1_at",3863.69843527738
"U12897_at",1236.89900426743
"D13305_at",960.026315789474
"D32002_s_at",0
"M30703_s_at",4390040.94167852
"L33262_s_at",32.2389758179232
"X77548_at",374902.213371266
"U66198_at",15.1578947368421
"U21931_at",427877.912517781
"M37400_at",10613.9921763869
"AB002365_at",4097.29231863442
"X85740_at",1003.36059743954
"M10943_at",14289.359886202
"U94831_at",46832.4125177809
"X71490_at",117786.020625889
"U62432_at",124.321479374111
"D38549_at",595229.229018492
"U57450_at",52297.627311522
"X98266_cds2_at",651.704125177809
"D14874_at",21712.5156472262
"X56465_at",4571.93172119488
"U20158_at",215035.519203414
"AF009426_at",4898.21123755334
"X13766_s_at",420.196301564723
"L13197_at",20580.4182076814
"L33842_rna1_at",1842684.10810811
"HG2662-HT2758_at",0
"U85267_at",11660.9957325747
"D83017_s_at",3306.95945945946
"M92439_at",37459.6443812233
"U79270_at",18516.5867709815
"U05255_s_at",3235905.34352774
"D86549_at",22402.2083926031
"U31973_s_at",30.4210526315789
"U94836_at",11560.2795163585
"X78933_at",1464.2652916074
"M36653_s_at",2026.31650071124
"U77968_at",71885.6642958748
"D64053_at",543.155761024182
"HG2167-HT2237_at",136711.621621622
"M21535_at",16443.5220483642
"HG3075-HT3236_s_at",7744.05405405405
"X69838_at",132540.825746799
"D13642_at",7974.7119487909
"D00761_at",390646.657183499
"Z11518_s_at",5455.23826458037
"X52599_at",3616.70839260313
"M15881_at",5574.17140825036
"X14787_at",44444.9274537696
"U07919_at",35541.6052631579
"Y10615_at",2656.17140825036
"HG4333-HT4603_at",26543.5625889047
"AF003743_at",73908.6038406828
"U70136_at",1681.98008534851
"L36645_at",23264.3613086771
"X51823_s_at",312.580369843528
"U09564_at",59131.7389758179
"X80878_at",56930.1450924609
"X92744_at",15546.2702702703
"L43576_at",3762.41251778094
"M19645_at",2670957.01920341
"M13955_at",36755.4146514936
"U74667_at",83884.1827880512
"D26350_at",8.84495021337127
"M95767_at",7521.5533428165
"J05070_at",2631.92887624467
"X65663_at",47.1038406827881
"U27460_at",219402.603840683
"U71207_at",194.483641536273
"AB003698_at",17983.3798008535
"L37199_at",17935.9409672831
"U90065_s_at",5594.41251778094
"L35249_s_at",96331.0697012802
"U33054_at",2.13157894736842
"X85372_at",322926.258890469
"M30607_s_at",6038.64082503556
"U66048_at",30552.2908961593
"U64863_at",4469.58250355619
"Z32684_at",4201.92105263158
"X12451_at",651106.02916074
"HG3570-HT3773_at",14893.6593172119
"HG4258-HT4528_at",6585.59388335704
"X74301_s_at",122283.007112376
"S73591_at",12005975.1642959
"U03851_at",48487.4516358464
"X06323_at",39771.9182076814
"L39064_rna1_at",9849.46870554765
"U79261_s_at",25301.1209103841
"D30742_at",40273.8890469417
"D00760_at",172399.792318634
"S70585_rna1_at",0
"AF001294_at",17197.2638691323
"M16973_at",7465.23186344239
"U65410_at",1627.48221906117
"D30715_xpt5_s_at",24659.2667140825
"K02100_at",7037.8613086771
"D78261_at",538.635135135135
"S76638_at",72832.1365576102
"K02545_cds2_at",63525.3741109531
"U12259_cds2_s_at",28.6578947368421
"M29335_at",475.402560455192
"U06632_at",3482.58961593172
"AFFX-BioB-5_st",27955.8527738265
"X82539_at",301.26600284495
"Y07827_s_at",0
"M63175_at",77531.1778093883
"M62982_at",1.33428165007112
"M69225_at",62.3534850640114
"M57506_rna1_at",1.68421052631579
"M73720_at",44005.4288762447
"U46692_rna1_at",954720.150782361
"X67155_at",15557.5597439545
"M21984_at",19001.1301564723
"L40380_at",2970.2560455192
"X78520_at",960.460881934566
"M88163_at",14307.2859174964
"U67171_at",4515245.96657183
"U91903_at",4566.44736842105
"U77948_at",374247.664295875
"M64595_at",337712.623044097
"X04325_at",24943.9182076814
"AFFX-CreX-3_at",5421.43954480797
"M63928_at",213685.536273115
"S82447_s_at",103567.86628734
"U26591_at",1497.29231863442
"J03258_at",2048.44736842105
"HG1496-HT1496_s_at",101540.333570413
"U07882_at",243.269559032717
"U18062_at",129004.460881935
"L05147_at",48.6578947368421
"X82240_rna1_at",22335319.1842105
"X07109_at",1296925.5056899
"D78012_at",287196.150782361
"U00930_at",24563.8527738265
"D21852_at",123813.99715505
"U65579_at",53098.913940256
"D38305_at",42200.5896159317
"V00594_s_at",29667689.5192034
"X51953_at",111.184210526316
"D88146_at",3.18421052631579
"X01059_at",6268.1906116643
"J03589_at",36314.6209103841
"X58255_at",25771.2859174964
"U32989_at",0.236842105263158
"U22431_s_at",210284.924608819
"Z70276_s_at",579.379800853485
"D85423_at",423.807254623044
"U11877_at",18121.8100995733
"M13143_at",10069.6137980085
"M37825_at",714.059743954481
"U78095_at",457046.239687055
"U90651_at",19333.3342816501
"Y09858_at",4235.09032716927
"X80692_at",138943.283072546
"L38820_at",5538.91394025605
"M37766_at",831032.307965861
"AFFX-HSAC07/X00351_3_st",2041609.90042674
"U73936_at",656.873399715505
"M60721_at",374582.279516358
"L34219_at",5850.14580369843
"S78234_at",1885.59032716927
"U03056_at",36.0263157894737
"S42457_at",26.8933143669986
"U60325_at",52824.9246088193
"M81182_s_at",2830.74253200569
"L11373_at",435193.72688478
"U94592_at",1967303.78947368
"U68142_at",131254.512802276
"D50683_at",507518.29943101
"Y13247_at",74595.5426742532
"D86975_at",1270.02275960171
"D21260_at",6126943.92603129
"M14949_at",11674.726173542
"U96781_cds1_at",16620.4551920341
"Y09305_at",8272.93954480797
"M57609_at",30723.4886201991
"U11701_at",461.096017069701
"X74987_s_at",4235.92958748222
"HG2510-HT2606_at",1580.63229018492
"U89505_at",386436.942389758
"U10362_at",35899.4025604552
"X07696_at",0
"AF014958_at",40270.9160739687
"D78586_at",44920.7539118065
"X04729_s_at",27553.9722617354
"D50582_at",324.190611664296
"D50917_at",71522.8485064011
"X53595_s_at",1461.77240398293
"Y10205_at",3216.52631578947
"X64838_at",18406.7112375533
"U30246_at",5026.8079658606
"HG3426-HT3610_s_at",8783.30583214794
"X53586_rna1_at",1862874.42105263
"M69203_s_at",2354557.42887624
"HG4582-HT4987_at",149764.657894737
"M27504_s_at",28336.6571834993
"D49396_at",22206.7489331437
"U79289_at",3063.29445234708
"U88667_at",43856.0369843528
"L06845_at",62416.2048364154
"X99664_at",31055.3378378378
"X51408_at",12603.1984352774
"M36067_at",46104.466571835
"U18259_at",80960.5263157895
"U36500_at",9660.19630156472
"D28539_s_at",0
"M32639_at",0
"M28219_at",0
"HG3729-HT3999_f_at",5873.76386913229
"D26070_at",35912.6571834993
"X56494_at",4430488.89900427
"U71598_at",14878.2937411095
"Y00971_at",8122.07681365576
"U93049_at",281476.924608819
"J04810_s_at",1070.16785206259
"Z19002_at",1132397.29445235
"Z22780_at",737.553342816501
"U60975_at",931970.702702703
"U33147_at",64636.6351351351
"D80010_at",17114.6230440967
"HG3548-HT3749_at",48358.7368421053
"S69115_at",214785.06685633
"Z12830_at",22695.6308677098
"U62317_rna7_at",37466.0768136558
"D49818_at",68510.4182076814
"AFFX-M27830_M_at",6265476.41251778
"HG4749-HT5197_at",32291.2183499289
"X63359_at",34863.5625889047
"Y00433_at",22032082.5092461
"X62891_s_at",1190856.02631579
"U81607_at",197198.080369844
"HG3105-HT3281_s_at",3026.12873399715
"L09753_at",5.92105263157895
"U16031_at",26536.9822190612
"D38037_at",33587.9288762447
"U40990_at",65306.8940256046
"U63090_at",12952.4786628734
"X56807_at",1162.81650071124
"AF008445_at",208076.483641536
"U47054_at",6238.25035561878
"X16354_at",3214.33001422475
"L35545_at",571.847083926031
"D13264_at",11.2802275960171
"S75256_s_at",20221.9295874822
"AFFX-HUMGAPDH/M33197_M_st",40661.9459459459
"HG3627-HT3836_at",35283.7695590327
"U00001_s_at",634.9679943101
"Z83800_at",69.8349928876245
"AFFX-ThrX-5_at",418.948079658606
"U13045_at",13142.8798008535
"L10405_at",3865.28947368421
"X54457_s_at",0
"M19267_s_at",1880.58036984353
"M23234_s_at",1112.60312944523
"X65727_cds2_s_at",5534.02631578947
"M98528_at",794.24466571835
"U59325_at",24.7852062588905
"X69950_s_at",22722.9566145092
"U09607_at",119504.8371266
"D12625_at",110.441678520626
"M95936_s_at",131960.074679943
"J05556_at",8268.23897581792
"M62958_at",3121.2773826458
"U33921_at",7772.87411095306
"HG2260-HT2349_s_at",101.861308677098
"M81780_cds4_at",0
"L29433_at",1732.52418207681
"U56085_at",1308.88833570413
"HG2981-HT3938_s_at",9645.25248933144
"AFFX-BioB-M_st",13625.0362731152
"L16782_at",7548.48150782361
"U24266_at",27520.1906116643
"U08815_at",66372.213371266
"M95787_at",31832.2987197724
"X04470_s_at",18948.9701280228
"U18321_at",20244.0746799431
"D38498_f_at",25244.046230441
"U18291_at",35371.8179231863
"L05597_at",153.721906116643
"U16997_at",4391.64793741109
"L13972_at",127338.293029872
"U57452_at",1876.05405405405
"L14565_at",64271.4431009957
"U77845_at",23110.347083926
"U79725_at",155186.128733997
"U73514_at",3207.29445234708
"HG2161-HT2231_at",0
"L77563_at",1618.02275960171
"Z15115_at",6234383.63086771
"L36983_at",112882.83997155
"S78798_s_at",13398.1507823613
"L13258_at",2031.32076813656
"L10665_at",4323.4146514936
"S80050_at",20664.4160739687
"U14193_at",407326.942389758
"U82313_at",13.325746799431
"L28175_at",51729.2724039829
"Z78290_at",54.4665718349929
"M59371_at",8575.37411095306
"L32977_at",748507.499288762
"D79988_at",14454.7254623044
"X07384_at",5422.67709815078
"U19107_rna1_at",513.861308677098
"U57099_at",584.956614509246
"U79246_at",121.647937411095
"M31627_at",5093609.21834993
"U79295_at",5141.65078236131
"U64871_at",395.23826458037
"M24736_s_at",1249.10953058321
"J04948_at",103015.258179232
"U36501_at",8351.59672830726
"D17461_at",1233.22688477952
"D83699_at",16058.5803698435
"M62324_at",74211.6586059744
"M28249_at",1311.23541963016
"L27080_at",347.992176386913
"HG2175-HT2245_s_at",19443.8613086771
"M54951_at",6390.37055476529
"U19142_at",2619.45163584637
"M32402_at",3.78947368421053
"M13994_s_at",48519.1813655761
"M24351_cds3_s_at",1817.36628733997
"X97748_s_at",572537.06685633
"HG2663-HT2759_at",4298.85704125178
"J00277_at",335.379800853485
"U48959_at",24427.3911806543
"V01515_cds1_at",9355.0960170697
"U24683_at",5130.50711237553
"M29335_s_at",35.0362731152205
"U70322_at",41176.1507823613
"U50136_rna1_at",773272.580369844
"U26727_at",25492.4530583215
"X83543_at",4067.34637268848
"U70987_at",1784.5640113798
"D87448_at",18187.8435277383
"Y10812_at",232.526315789474
"U19906_at",1900.04623044097
"X65857_at",11038.6372688478
"S83325_s_at",6205.12375533428
"U45448_s_at",404738.0056899
"U51561_at",1645.15007112376
"M64108_at",77731.753200569
"D25215_at",391.115220483642
"U79248_at",1528.39900426743
"D14659_at",2261.08961593172
"D82326_at",10001.0419630156
"U31799_at",0
"X07743_at",619502.839260313
"U01062_at",6421.59388335704
"U32576_rna1_at",10049.826458037
"U41315_rna1_s_at",27816.2674253201
"X64364_at",2567090.31650071
"AFFX-BioDn-3_at",11726.5263157895
"M60748_at",5305.76386913229
"L78833_cds1_at",4792.96514935989
"U44799_s_at",11486.8399715505
"X54941_at",83510.5355618777
"M77142_at",25401.9857752489
"D50810_at",3931.40256045519
"X64072_s_at",3960931.83001422
"L05072_s_at",324382.725462304
"M35531_at",24443.1045519203
"M55683_at",85.5
"X16983_at",147772.366998578
"M31651_at",6076.96159317212
"X07315_at",57775.7446657183
"M60047_at",3.18421052631579
"U57796_at",1603.35988620199
"J04040_at",4411.16358463727
"J00219_s_at",125.499288762447
"X51730_at",66.0462304409673
"U60666_at",10574.4921763869
"S81243_s_at",60929.9516358464
"AF000424_s_at",2063154.17140825
"X51420_at",776.941678520626
"L76927_rna1_at",4982.95590327169
"U12387_s_at",10512.0092460882
"AF000573_rna1_at",8.40753911806543
"U62438_at",1240.52347083926
"S81003_at",242877.884068279
"U15655_at",14406.1507823613
"X75042_at",58984.766002845
"D49387_at",5960.85704125178
"X05196_at",137969.400426743
"M91556_s_at",1027.95448079659
"M21494_at",8921.18421052631
"U90546_r_at",22564.740398293
"X83572_at",4823.15789473684
"D86096_cds3_at",887.50853485064
"U01923_at",47381.9836415363
"S77410_at",4790.13086770981
"X69111_at",467313.217638691
"S72869_at",2342.18278805121
"U65918_f_at",192.580369843528
"J04621_at",21.0903271692745
"X69819_at",688514.762446657
"U60644_at",6824517.03271693
"L22075_at",49818.0832147937
"M24400_at",5009.54196301565
"L15309_at",4507.34850640114
"U83171_at",1621047.73897582
"AFFX-TrpnX-5_at",850.258890469417
"D26561_cds1_at",233.914651493599
"U03877_at",6.73684210526316
"M38180_rna1_at",115.456614509246
"X15088_at",161.50853485064
"Z47055_s_at",346234.947368421
"M36284_s_at",1269934.29089616
"U59914_at",1390.14864864865
"L23808_at",0
"U83117_at",1077.60739687055
"AF009301_at",45592.5490753912
"L20826_at",9050.41536273115
"U94332_at",1841.4679943101
"U06681_at",24172.5376955903
"U34877_at",29839.2183499289
"M59911_at",25290.6778093883
"X98178_s_at",5749.10170697013
"HG3638-HT3993_s_at",10418.7965860597
"U48807_at",16690.7233285918
"X55544_at",4582.58961593172
"U88871_at",101.672830725462
"Y10032_at",42676.5014224751
"U72935_cds3_s_at",12115.7183499289
"U43177_at",38179.4431009957
"Y08614_at",530405.528449502
"D89501_at",5397.21266002845
"HG3543-HT3739_at",324159.397581792
"X57129_at",34442.8798008535
"L21934_at",970.486486486486
"M22760_at",447267.806543385
"M34677_at",124700.13655761
"U73738_at",1770.89900426743
"U54999_at",6428.75391180654
"Y07701_at",4429.86699857753
"U59919_at",6910.3079658606
"L22548_at",0
"D17570_s_at",0
"X59543_at",25142.0540540541
"S76475_at",6925.01280227596
"U15642_s_at",7297.82076813656
"J00146_at",3135.21550497866
"D61380_at",1771630.02916074
"HG4126-HT4396_at",14932.7795163585
"M74587_rna1_s_at",10495.0960170697
"M22995_at",36952.039829303
"Y10517_at",144.427453769559
"U42387_at",0
"L12711_s_at",2033798.63726885
"J02783_at",1098052.52062589
"L19871_at",439008.404694168
"D86964_at",104216.093883357
"X86693_at",1009.86415362731
"HG3369-HT3546_at",514.74893314367
"Z83741_at",0.105263157894737
"X13546_rna1_at",5283310.89331437
"M13560_s_at",32607024.3470839
"X97058_at",3643.11877667141
"U56418_at",153747.081081081
"U60415_at",1051.61379800853
"L08069_at",477633.661450925
"U92014_at",54595.6706970128
"Z20656_rna1_s_at",88.927453769559
"D89377_s_at",3020.14224751067
"J04111_at",90049.8243243243
"M19507_at",11943674.2588905
"U40317_s_at",0
"J03810_at",1234.8079658606
"M93056_at",860766.53769559
"Y12478_at",1137.42603129445
"U76764_s_at",1213055.43172119
"D14520_at",1417.53982930299
"L21998_at",128447.002133713
"D16154_at",2543.1692745377
"U60115_at",484344.52916074
"X54942_at",213693.738975818
"D84294_at",336673.621621622
"M59820_at",70618.1827880512
"D79984_s_at",54731.880512091
"M31165_at",3864.46088193457
"M11025_s_at",7749.85846372689
"U00957_at",222.916073968706
"M74525_at",4662.37553342816
"U68536_at",4209.83001422475
"HG3502-HT3696_at",2153.06970128023
"X78686_at",1193.93172119488
"U78525_at",321286.546230441
"L07949_at",204.623755334282
"Z80780_f_at",186820.364864865
"D44466_at",46703.539829303
"K03218_at",8031.43172119488
"X53742_at",0.236842105263158
"HG3513-HT3707_at",558.123044096728
"Z93784_at",55585.4516358464
"U50839_at",16218.4530583215
"U20760_at",6346.74039829303
"U30313_at",2619.12091038407
"X80507_at",4931.29231863442
"X66610_at",2729.79231863442
"D14822_at",251.642247510669
"U20734_s_at",4287662.57823613
"D12485_at",1542.71123755334
"X82207_at",40160.2368421053
"L41143_at",2894.44736842105
"D28423_at",868821.875533428
"M73482_at",58.6778093883357
"X13334_at",171669.763869132
"S76853_s_at",52.1031294452347
"X52005_at",3555.08677098151
"M26311_s_at",18115229.3029872
"X62429_s_at",511.076102418208
"U81556_at",615097.348506401
"U96115_at",10154.0227596017
"D43767_at",82998.3733997155
"U40343_at",352959.073257468
"HG363-HT363_at",116216.532716927
"Y08639_at",17095.5561877667
"X02419_rna1_s_at",13557.7268847795
"J03778_s_at",103.451635846373
"Y10204_at",360.495021337127
"U90552_at",3263.52275960171
"X97065_at",19575.6906116643
"U79256_at",11001.359886202
"M93221_at",37399.6500711238
"M26856_s_at",0
"M60298_at",24738.9964438122
"L32866_at",20381.9886201991
"X75546_at",13161.0099573257
"HG2730-HT2827_s_at",4598.37553342816
"U00921_at",594202.691322902
"M24486_s_at",12695.9317211949
"X76648_at",364860.091038407
"D86959_at",5927.63015647226
"X06985_at",224726.358463727
"X60955_s_at",0
"Y13896_at",641.866998577525
"M19301_at",1191.38051209104
"U10492_at",26392.0775248933
"L40388_at",5820.5945945946
"D45906_at",17230.3100995733
"L11669_at",530944.238975818
"M62302_at",15364.8342816501
"X99133_at",1037.03556187767
"D64110_at",288140.204836415
"U38175_at",22916.7083926031
"AC002045_xpt1_at",6864.67496443812
"L46353_at",1120.49217638691
"U66497_at",1213.41394025605
"D13640_at",320801.426031294
"D38522_at",5395.91536273115
"Z30425_at",61067.0647226174
"U68566_at",313347.312233286
"M21551_rna1_at",26145.4288762447
"D80003_at",21074.9679943101
"S77835_s_at",0
"L40411_at",14472.7233285918
"X02160_at",263702.785917496
"D85815_at",158012.461593172
"M14091_at",1620.18563300142
"X63597_at",580.785206258891
"M94151_at",49.9210526315789
"S62027_s_at",0.333570412517781
"HG2981-HT3127_s_at",432353.547652916
"Z36531_at",13529.4971550498
"X51417_at",0
"Y10506_at",1334.60953058321
"S78693_f_at",693.271692745377
"L14269_at",2915.63086770981
"M96843_at",112027.763869132
"X83441_at",42869.5881934566
"X70340_at",1181.84352773826
"L27706_at",108978.555476529
"Y07683_at",15843.4004267425
"S57887_at",775.413940256046
"U43318_at",14070.9281650071
"X90999_at",9044.20199146515
"M60459_at",8751.32574679943
"D31888_at",43386.4957325747
"U18004_at",0
"X99393_s_at",6672.25320056899
"X76057_at",22145.4480796586
"L14542_at",575.140825035562
"U79302_at",5550.93385490754
"U83598_at",32084.2652916074
"U00802_s_at",92062.1166429587
"U11287_at",40.5896159317212
"L19783_at",6156.63229018492
"L00190_s_at",4426.1052631579
"D42040_s_at",242837.610241821
"X13839_at",23937.7674253201
"X00090_f_at",1613.23826458037
"U20758_rna1_at",944.857041251778
"U79258_at",3167.0106685633
"U57316_at",65025.5910384068
"J00207_rna2_at",2719.38904694168
"M64269_s_at",9321.98008534851
"U03911_at",7448.60953058322
"S59184_at",1911.82645803698
"HG429-HT429_at",1446.37837837838
"AF005887_at",7187.03271692745
"J04080_at",1525.88691322902
"U07664_at",145477.019203414
"U49187_at",3436.53271692745
"U29343_at",6290.03413940256
"U50939_at",90158.1137980085
"U01120_at",10412.853485064
"Z35309_at",622.03413940256
"L27559_s_at",58.3100995732575
"L26339_at",4271.74466571835
"D79996_at",254926.945234708
"HG2841-HT2970_at",563.302987197724
"M24470_at",57905.9722617354
"HG2309-HT2405_at",22.3079658605974
"Z24724_at",13780.1827880512
"U77735_at",307360.682788051
"HG2591-HT2687_s_at",8252.11664295875
"U21128_at",261.5106685633
"HG2279-HT2375_at",4643282.37837838
"M62800_at",26.9473684210526
"M31158_at",16364.3755334282
"L12760_s_at",1266.79374110953
"S82240_at",366.117354196302
"D26067_at",14722.6714082504
"HG1595-HT4788_s_at",838970.894025605
"D82343_at",452.113798008535
"M83941_at",174.859886201991
"HG1400-HT1400_s_at",94341.5419630157
"S82075_at",0
"U22028_at",11938.1593172119
"HG37-HT37_at",6073.66145092461
"X69141_at",70399.5426742532
"M29386_s_at",10110.4551920341
"U34844_at",5063.24893314367
"HG2815-HT2931_s_at",799138.941678521
"X90780_rna1_at",3332.7119487909
"X54938_at",102433.918207681
"M89955_at",0
"X55989_rna1_at",19472.8741109531
"M95610_at",100844.634423898
"Y00264_at",222524.238975818
"U19251_s_at",8405.60170697013
"M95678_at",1029813.91820768
"U62531_at",0
"U89916_at",933.339971550498
"J04973_at",134978.905405405
"X02317_at",2056232.2254623
"U90914_at",5747.18918918919
"M91670_at",227883.861308677
"U70660_at",60919.8349928876
"HG3872-HT4142_at",5.92105263157895
"U69140_s_at",20938.7908961593
"U49742_at",12723.7987197724
"U81001_at",47106.6408250356
"U94832_at",172350.941678521
"M98343_at",0
"U66088_at",13036.8506401138
"S79219_s_at",22763.7724039829
"X13100_s_at",2614.6173541963
"D87009_cds3_at",20.8933143669986
"U36759_s_at",234539.405405405
"X07994_at",201.047652916074
"HG1153-HT1153_at",4093766.8485064
"U66559_at",81163.8300142247
"X93017_at",825.735419630156
"M13699_at",713.235419630156
"X74929_s_at",1247.62162162162
"M87499_at",1751.53698435277
"M77829_s_at",814.615220483642
"X82224_at",3799.85277382646
"U57629_at",5354.18278805121
"M81650_rna1_at",1899.63655761024
"M11058_at",2020.72617354196
"U16660_at",245473.912517781
"S78825_at",1566.73684210526
"U13948_at",3178.19985775249
"U04735_at",2423.33143669986
"M24398_at",54337.7560455192
"L08488_at",3537.49359886202
"M29551_at",21987.6273115221
"X07767_at",91638.2674253201
"X63380_at",0
"X59656_at",1092.28520625889
"L41887_rna1_at",78702.6749644381
"U51903_at",445036.634423898
"M59499_at",7028.06258890469
"AF002224_at",47882.2396870555
"S83309_s_at",5775.28022759602
"X98411_at",150186.147937411
"X54667_at",0.0263157894736842
"HG921-HT3995_at",1214.54907539118
"U78876_at",65.7894736842105
"D87077_at",16414.4125177809
"M28827_at",14479.3342816501
"U18548_at",330024.753911807
"Y10313_at",4932.34495021337
"Z46788_at",1677.26386913229
"X58072_at",71016.5775248933
"J04058_at",14177.2716927454
"M57892_at",111.28093883357
"U24685_at",22276.56685633
"L25441_at",498.399004267425
"X54131_at",1584.2027027027
"D38024_at",75968.5917496444
"S81661_s_at",597.198435277383
"J03060_at",163.127311522048
"D50640_at",6270.23968705548
"U13220_at",6490.23968705548
"L25286_s_at",341.024182076814
"M36118_s_at",6701.44594594595
"X85750_at",13110.4786628734
"HG3976-HT4246_at",2771.23826458037
"Z35491_at",54160.6322901849
"U85707_at",10752.5554765292
"U54804_at",9108.25391180654
"X75308_at",1512.17140825036
"M23254_at",356080.654338549
"U79304_at",0
"L38969_at",10166.1621621622
"Z14978_at",230901.107396871
"D63998_at",26590.2112375533
"U33267_at",1752.06899004267
"X67951_at",9089475.88406828
"D88797_at",3800.50711237553
"M63603_at",3596.40113798009
"U07349_at",4932.31009957326
"M23533_at",44.2368421052632
"M18737_rna1_at",375647.041963016
"X79204_at",2068.36415362731
"M20137_at",6939.79231863442
"D25217_at",153541.562588905
"L06133_at",2122.3506401138
"U81984_at",19342.4046941679
"U02680_at",5444.41536273115
"M92449_at",47597.793029872
"J05032_at",48524.6998577525
"L23116_at",13020.9160739687
"U51269_at",55425.7695590327
"M58509_cds1_s_at",1273.68421052632
"HG831-HT831_at",5815.72190611664
"L16842_at",351892.167852063
"M37763_at",1798.14224751067
"U57721_at",11779.4651493599
"D49490_at",118097.374822191
"U60873_at",546.350640113798
"L08096_s_at",79324.1827880512
"M60094_rna1_at",1690.97012802276
"U26403_at",4299.87482219061
"U25433_at",3486.74324324324
"U19765_at",34098.4295874822
"U43885_at",9166.94736842105
"U65404_at",8803.95163584637
"K01884_at",871.197724039829
"U65406_rna4_at",1601.65007112376
"U32907_at",1724.63157894737
"M64673_at",67905.0355618777
"X12517_at",0
"M31994_at",38470.5917496444
"L44140_cds4_s_at",17796.9566145092
"M75106_at",375.76386913229
"HG2723-HT2819_at",0.236842105263158
"X81636_at",1568.07681365576
"U10685_at",1399.14438122333
"D42055_at",1055.10953058321
"L43338_at",9772.58677098151
"L25878_s_at",152.672119487909
"M21904_at",1168449.5341394
"HG4480-HT4833_at",1051.25817923186
"M55153_at",9635.50853485064
"U41816_at",8607.69630156472
"U20536_s_at",803.485775248933
"X65724_at",3768.03413940256
"U33837_at",5.92105263157895
"U20530_at",3688.10028449502
"U33202_s_at",1570.56970128023
"X05997_at",2046.99644381223
"X06182_s_at",138452.771692745
"X87160_at",10472.0832147937
"M97935_s_at",560604.726173542
"X81372_at",7639.66429587482
"Z29067_at",2553.08961593172
"D89050_at",9.5
"M55531_at",858520.239687055
"M29037_s_at",2824.54907539118
"D82061_at",41387.6422475107
"S81221_at",0
"L19605_at",5617087.99217639
"X15949_at",54087.6443812233
"U36341_rna1_at",239754.310099573
"D17516_at",4778.05120910384
"X58288_at",36926.7233285917
"U16258_at",2246.02062588905
"D13969_at",445.078236130868
"U58658_at",11142.1593172119
"X04391_at",52611.5881934566
"D14664_at",22355.7247510669
"U14603_at",11523793.9836415
"Z21707_at",107.789473684211
"U66580_at",7.59032716927454
"J03626_rna1_s_at",5943.15789473684
"D86985_at",24217.0533428165
"U15131_at",0
"HG2981-HT3125_s_at",234076.142247511
"U62433_at",18340.4751066856
"J00314_at",413469.960881935
"M74096_at",3886.65718349929
"M62831_at",6419449.58819346
"X61970_at",223434.159317212
"U73737_at",117824.674964438
"AF001548_rna1_at",6879.71834992888
"D16480_at",139724.805832148
"D29805_at",4025682.90469417
"L38933_rna1_at",19746.9054054054
"M16707_rna1_at",4380.63157894737
"M26041_s_at",603359.60170697
"Z50194_at",3467.21550497866
"X78687_at",13790.7965860597
"X73478_at",267000.224751067
"U06863_at",58397.0099573257
"HG1103-HT1103_at",4683.38549075391
"D86981_at",2743.5533428165
"HG3242-HT3419_s_at",7216.71763869132
"X86400_at",0
"U25041_at",0
"X52541_at",906790.677098151
"M94055_at",1933.18421052632
"X79067_at",189056.643669986
"X61373_at",16343.9886201991
"L10123_at",2391.17496443812
"L40393_at",8487.45661450925
"X77909_at",42758.9160739687
"X02612_at",5398.4786628734
"X83573_at",29350.0917496444
"M13241_at",16592.5497866287
"J05073_at",610.096728307255
"D16350_at",1288.10312944523
"L05512_at",23856.2795163585
"M92269_f_at",226.834281650071
"X79201_at",10538.1963015647
"D84424_at",7357.97439544808
"HG4128-HT4398_at",9348.40682788051
"J05036_s_at",13264.8399715505
"M94893_at",45.2268847795164
"Z15005_at",5909.4146514936
"M15517_cds3_s_at",17980.3506401138
"U67932_s_at",17447.8719772404
"U89606_at",344.631578947368
"U49065_at",2316.67140825036
"X91249_at",33955.5284495021
"X99886_s_at",1850.48364153627
"J05016_rna1_s_at",23335.9687055477
"U26032_at",6315.72972972973
"HG2339-HT2435_at",0
"U02020_at",2343221.51351351
"U90543_at",114.631578947368
"D10922_s_at",314.469416785206
"U20648_at",1907.02204836415
"U07806_s_at",463351.547652916
"X56687_s_at",39563.5881934566
"L00022_s_at",215767.024182077
"HG4297-HT4567_at",525164.455192034
"D49357_at",8092.11664295875
"Z48519_s_at",2226.42460881935
"U90544_at",369.292318634424
"M90359_at",0.947368421052632
"D13630_at",157004.711948791
"X15422_at",519.101706970128
"D11327_s_at",154318.941678521
"L13436_at",39988.8165007112
"U51205_at",4834.85704125178
"U11313_at",8769.93456614509
"X55740_at",44923.4879089616
"HG3859-HT4129_at",1303.38904694168
"Z14982_rna1_at",581742.088193457
"U43189_s_at",42762.3876244666
"Z49155_at",17116.2453769559
"U08336_at",17980.7972972973
"D32202_at",13575.9694167852
"U52969_at",3547.2119487909
"X15943_at",33.3314366998578
"M21056_at",1738.13157894737
"D63391_at",33470.1479374111
"L40379_at",7041.45163584637
"M21119_s_at",19860043.9608819
"M99438_at",3263.32574679943
"HG2090-HT2152_s_at",11315.5625889047
"D31763_at",6439.71266002845
"M35851_s_at",552.134423897582
"J05428_at",1453.47439544808
"Y10510_at",115.107396870555
"D86479_at",475556.672119488
"U41668_at",35242.0803698435
"U60206_s_at",319.513513513513
"M33374_at",2296.19630156472
"U88666_at",8092.75391180654
"U05255_at",1375.27169274538
"X86809_at",108484.953058321
"L29218_at",74320.307254623
"U51095_at",1346.77951635846
"D10667_s_at",0
"U92436_at",38952.56685633
"U49248_at",6351.11522048364
"D00723_at",18713.3236130868
"X67698_at",985547.217638691
"X69116_s_at",3834.08250355619
"M96684_at",719.77027027027
"U45955_at",25525.7724039829
"X58529_at",17265703.0135135
"J03071_cds3_f_at",11723.539829303
"HG4557-HT4962_r_at",18112.7311522048
"V00594_at",1740730.21123755
"X95654_at",14.4153627311522
"D63390_at",8334.53556187767
"U80811_at",60.6635846372688
"U27459_at",5061.04196301565
"M25280_at",8462700.31009957
"M14058_at",38330.1998577525
"M37271_s_at",984405.115220484
"HG855-HT855_s_at",2118.40113798009
"HG3123-HT3299_at",10167.4338549075
"D43638_at",10302.6714082504
"X76059_at",27850.5497866287
"X78342_at",360.623755334282
"D86425_at",2751.23826458037
"U49516_at",0
"X93921_at",30086.100284495
"U72661_at",635285.806543385
"M27492_at",4493.55120910384
"HG2358-HT4858_s_at",9.5
"U64520_at",3259.57610241821
"S62539_at",5949.36628733997
"U25771_at",12596.5633001422
"L25270_at",40212.5099573257
"X99296_xpt1_at",0
"X51441_at",3015.21266002845
"M10950_cds2_at",0
"HG3925-HT4195_at",2462.49217638691
"HG3125-HT3301_s_at",11208.0910384068
"X66867_cds1_at",46506.7859174964
"M83233_at",77303.6273115221
"Y00081_s_at",811878.386913229
"U50743_at",9228934.77169275
"D29810_at",1057.99715504979
"X13293_at",192429.211948791
"D82348_at",346771.931721195
"J04027_at",101068.036984353
"M29580_at",5.92105263157895
"J04102_at",603449.5056899
"HG2264-HT2360_at",26738.853485064
"X58723_at",1839.12731152205
"Z29066_s_at",3187.91536273115
"M24283_at",183725.820768137
"U26914_at",10043.6166429587
"U26312_s_at",64648.4815078236
"X74819_at",5836.92816500711
"D00596_at",1608330.07752489
"X01060_at",1402737.80725462
"M60751_at",106.870554765292
"X68561_at",12669.4025604552
"M27161_at",20015.2667140825
"Z97074_at",15715.9153627312
"L42542_at",118508.740398293
"X68149_at",4227.54196301565
"J04469_at",23525.5227596017
"M21624_at",6920839.82147937
"D63483_at",3631.98577524893
"U51333_s_at",434069.024182077
"L36529_at",7577.98862019915
"U50360_s_at",3229.37980085348
"X15331_s_at",209720.731863442
"U81006_at",87286.3477951636
"HG1763-HT1780_s_at",37080.5234708393
"M28825_at",955765.211948791
"S58544_at",1350.59459459459
"D80001_at",32631.7268847795
"L09229_s_at",2755018.33926031
"M31661_at",707.789473684211
"L13738_at",116691.77027027
"U47007_at",481.302987197724
"M63589_at",24619.7724039829
"U30521_at",3197682.38691323
"D50678_at",49.0099573257468
"X66087_at",1686.11664295875
"M15395_at",2270612.60384068
"D13644_at",1185.03271692745
"U09550_at",619.285917496444
"X95632_s_at",8270.24466571835
"U72515_at",30767.0014224751
"HG880-HT880_s_at",181.289473684211
"U17886_at",29102.0227596017
"D49489_at",561845.442389758
"M80647_at",57425.3854907539
"HG3893-HT4163_at",5153.96657183499
"Z11697_at",697647.177809388
"L10413_at",740683.064722617
"L04282_at",55402.2254623044
"HG2492-HT2588_at",1094.36486486486
"L03411_s_at",34877.1614509246
"X83301_s_at",69.9317211948791
"HG511-HT511_at",397440.762446657
"X77794_at",564130.56970128
"HG627-HT5098_s_at",466766.150782361
"U49436_at",40202.6344238976
"X91868_at",2496.03698435277
"U14747_at",1902.33357041252
"M60752_at",124090.615220484
"U96915_at",376268.739687055
"U73682_at",7751.76955903272
"U66838_at",1082074.35348506
"U33632_at",850.927453769559
"HG180-HT180_at",8842.43243243243
"L41268_f_at",25523.5881934566
"U66033_at",910.421052631579
"AC000062_at",30.3669985775249
"X98834_rna1_at",3971.56258890469
"D42053_at",62641.2382645804
"L40387_at",602181.468705548
"M15059_at",87483.5903271693
"X66079_at",572896.580369844
"L49218_f_at",399.812944523471
"M77349_at",11663.3605974395
"X04011_at",226696.447368421
"HG2259-HT2348_s_at",247811.312233286
"AC000061_cds2_at",46489.6706970128
"X68985_s_at",36755.5903271693
"X91196_s_at",3007.54765291607
"L77701_at",32402.3477951636
"X84195_at",629.954480796586
"M93311_at",1054.893314367
"U37519_at",30650.1450924609
"U11878_at",2981.70412517781
"M63379_at",1942912.85348506
"X14813_at",46157.880512091
"S77763_at",575035.177809388
"X15573_at",152168.412517781
"L06175_at",19723.5903271693
"M77810_at",3052.2759601707
"L38961_at",29883.7724039829
"J04152_rna1_s_at",3070.06258890469
"U60808_s_at",0
"U28150_at",6062.91109530583
"X13227_at",19988.5497866287
"M17316_at",14237.7524893314
"M57731_s_at",4184309.46799431
"M20030_f_at",6731.39118065434
"U07358_at",56374.4950213371
"U35113_at",112020.859886202
"AF001620_at",148.996443812233
"L40636_at",2445.70412517781
"D89077_at",156068.891180654
"S72370_at",165.226884779516
"X56741_at",19096.1052631579
"M25077_at",72291.2297297297
"U37359_at",5389.44310099573
"Y10511_at",2380.19132290185
"M11749_at",747.547652916074
"X94453_at",21808.0803698435
"U84551_cds2_at",1.68421052631579
"U77664_at",4370.95661450925
"D30037_at",5466.50995732575
"M20681_at",812686.850640114
"M63962_rna1_at",414.507112375533
"M86808_at",555.48293029872
"Y11215_at",84027.7674253201
"Y00317_at",4.74324324324324
"U06643_s_at",22.5832147937411
"Z73677_at",16997.8748221906
"X60655_at",14654.993598862
"X54199_s_at",1896.50711237553
"U00115_at",147726.657894737
"U79285_at",83203.880512091
"M74099_at",23914.2389758179
"HG1877-HT1917_s_at",7773.78947368421
"U96769_rna1_at",14078.6827880512
"M23294_at",268688.583214794
"L28010_at",420092.0056899
"U52513_at",589087.391891892
"U50315_at",94890.4160739687
"M29277_s_at",25865.3940256046
"D43636_at",137770.794452347
"L20852_at",2114.51564722617
"U62961_at",4497.83001422475
"X56692_at",3742.3506401138
"AFFX-M27830_5_at",6720536.22475107
"AFFX-BioC-5_at",12493.413940256
"U32519_at",59204.1963015647
"Y07512_at",837.915362731152
"U73338_at",2543.5106685633
"X64877_at",5388.19630156472
"M26679_at",9003.56258890469
"L19161_at",50839.4679943101
"M74089_at",34555.2183499289
"Y00503_at",12.7368421052632
"U53445_at",50.6692745376956
"HG2825-HT2949_at",41131.4054054054
"D87461_at",2179.320056899
"L06797_s_at",16482526.455192
"S38742_s_at",17192.1849217639
"HG4115-HT4385_at",2627.75320056899
"X54816_at",12070.4701280228
"X05608_at",678.645803698435
"X69962_s_at",2088.97012802276
"X04707_at",3445.88691322902
"U47101_at",143750.924608819
"U53446_at",7667.85846372689
"M13452_s_at",920313.5056899
"X82209_at",32277.7759601707
"X16832_at",580411.852773826
"L35240_at",39514.893314367
"Y08682_rna1_s_at",14267.226173542
"X62744_at",3253616.02916074
"M96859_at",43354.0405405405
"M94167_at",16139.4423897582
"HG3395-HT3573_s_at",34530.9651493599
"L14922_at",5562.50142247511
"D78335_at",27882.6948790896
"M19684_at",1535.06970128023
"U09413_at",1571.60810810811
"L37868_s_at",10737.9345661451
"U04810_at",0
"AFFX-PheX-3_at",670.948079658606
"M55419_at",110.213371266003
"X60957_at",24269.6849217639
"U37518_at",59450.8741109531
"U18934_at",34.0945945945946
"L40396_at",50.2254623044097
"AF005361_at",153.497155049787
"M24069_at",296971.980085348
"U00944_at",3570.69772403983
"M31516_s_at",9806.67780938833
"U49837_at",77810.4246088193
"D90209_at",2093999.19487909
"AD000092_cds2_at",0
"U71300_at",2191.98293029872
"D31889_at",18567.7382645804
"U38964_s_at",107317.468705548
"U41515_at",155921.172830725
"U26710_at",63815.4288762447
"D29958_at",1140.27951635846
"HG67-HT67_f_at",2385.81009957326
"HG174-HT174_at",906.948079658606
"J04088_at",70037.9345661451
"U79272_at",2443.58250355619
"X85106_at",20398.6287339972
"U02082_at",2631.5
"M36200_at",13841.5362731152
"D14678_at",929.767425320057
"L76568_xpt3_f_at",230470.350640114
"U55054_at",3995.34850640114
"M69238_at",8380.7972972973
"S80905_f_at",76383.5227596017
"X87767_at",4046.09459459459
"HG3248-HT3425_at",1898.6372688478
"HG2604-HT2700_at",2795.02418207681
"U70981_at",15.8613086770982
"D14694_at",1324349.28307255
"U50327_s_at",75555.027027027
"X17360_rna1_at",14403.0241820768
"U76369_at",4948.18492176387
"Y10262_s_at",10528.6230440967
"D42044_at",727.596017069701
"U28014_at",111146.199146515
"L27071_at",878.526315789474
"D14878_at",83537.4857752489
"D13639_at",3558209.23186344
"D31897_at",14813.8207681366
"M27749_r_at",53341.6593172119
"D63882_s_at",10.5263157894737
"X63417_at",52615.2517780939
"U40622_at",1147.96657183499
"U65002_at",39.522759601707
"X17651_at",37056.100284495
"U12767_at",52035.0697012802
"U26174_at",1228.02347083926
"X17648_at",5696.10312944524
"U79265_at",45980.0917496444
"U84388_at",26118.9879089616
"L22650_at",374.887624466572
"M86707_at",24638.2624466572
"U65011_at",5852.89118065434
"X04828_at",837864.201991465
"D87449_at",14892.2759601707
"D78333_at",553.915362731152
"M64934_at",48446.8990042674
"M10014_cds1_at",7026.91607396871
"AB000816_s_at",41.2176386913229
"U23430_s_at",16961.5967283073
"X82494_at",30470.2048364154
"U62015_at",19.0419630156472
"X05323_at",35191.5512091038
"M19309_s_at",2836.20483641536
"U82532_at",1326.80583214794
"D76444_at",17554.7908961593
"X56841_at",853091.343527738
"Y11306_rna1_at",57531.8641536273
"D88795_at",4236.74253200569
"V00574_s_at",18230.3840682788
"X89109_s_at",1748586.87411095
"M27819_at",133339.067567568
"X63741_s_at",919.513513513514
"U32680_at",108062.663584637
"U31216_s_at",0
"M84605_at",1156.73115220484
"U90547_at",184831.110241821
"D63482_at",13270.4815078236
"D14695_at",94636.5241820768
"X99325_at",144385.428876245
"U10117_at",57594.8193456615
"X64044_at",21827.8435277383
"X04145_at",202286.577524893
"X85116_rna1_s_at",921628.691322902
"J03779_at",4288388.67709815
"D83260_s_at",33875.6842105263
"D38073_at",239068.042674253
"U76388_at",188109.712660028
"U22816_at",332.267425320057
"U55936_at",4534.42745376956
"D87743_at",8552.04054054054
"HG3985-HT4255_at",504.108108108108
"X97261_r_at",0
"X68264_rna1_at",11399.7837837838
"L19779_at",25846775.4800853
"U30930_at",6200.10312944524
"S38953_s_at",20714.4075391181
"X04898_rna1_at",3183.79231863442
"Y08263_at",22485.326458037
"D42039_at",4306.06330014225
"X14253_s_at",4412.76600284495
"L11329_at",450582.137268848
"M92432_at",1806.83143669986
"U20350_at",47661.8300142248
"U11862_s_at",0
"X82629_at",6.73684210526316
"D86096_cds6_at",884.848506401138
"X78932_at",428.953058321479
"X82693_at",23975.0782361309
"D00408_at",474.870554765292
"X87211_at",15658.3129445235
"X13916_at",6894.12304409673
"J04742_at",509.123755334282
"U63332_at",35.6906116642959
"D78014_at",9149.01920341394
"M91432_at",414839.172830725
"U10324_at",93349.4743954481
"AC002464_at",2212.49217638691
"S74445_at",59575.573257468
"X81788_at",9294.23968705548
"X15357_at",28075.4679943101
"X00949_at",436.01493598862
"Y12856_at",21182.0085348506
"L38486_at",108845.428876245
"U93091_at",652.589615931721
"M65291_at",1840.42105263158
"U52100_at",3613.07325746799
"U08049_at",2979.72688477952
"X68560_at",125752.208392603
"X82835_at",26.2624466571835
"M37075_at",12826.6856330014
"L41349_at",735.050497866287
"D59253_at",6868.78591749644
"AF005037_at",1806.40753911807
"L14754_at",74623.5227596017
"U73843_at",17667.9722617354
"J02973_rna1_at",20312.0426742532
"Z49269_at",21740.7453769559
"S45630_at",33371.3513513514
"S77361_at",1682.18847795164
"D13627_at",666694.942389758
"HG3730-HT4000_s_at",137455.618776671
"M15856_at",2168.7119487909
"X02761_s_at",2.63157894736842
"U80184_rna1_at",6781.61379800854
"J03473_at",932873.645092461
"X05615_at",765.229018492176
"M37712_at",7083.3719772404
"AC000066_at",155.197724039829
"U96136_at",1117.25248933144
"X82324_at",1865.99715504979
"HG458-HT458_f_at",6.73684210526316
"J00139_s_at",5378.52347083926
"J05125_at",82.1849217638691
"M23575_f_at",8777.16358463727
"J03263_s_at",186532.805832148
"M17754_at",16828.3990042674
"U28758_s_at",2101.96657183499
"U58032_at",9162.2987197724
"U12255_at",974333.696301565
"U32499_s_at",1140.15433854908
"HG2841-HT2969_s_at",114.265291607397
"X68314_at",256.956614509246
"U30827_s_at",1269101.71266003
"X81889_at",4335.88904694168
"U56402_s_at",7303.6813655761
"J03600_at",359055.576102418
"D38128_at",71.3883357041252
"Y11416_at",3.79871977240398
"M80359_at",21475.8378378378
"M31667_f_at",281408.948079659
"X79439_at",516276.170697013
"M96980_at",16944.1166429587
"D78275_at",128970.113798009
"U62317_rna6_at",3502.42460881935
"U79251_at",17043.6557610242
"J04164_at",16071231.374111
"M61176_at",2286.00924608819
"AFFX-DapX-M_at",9455.23541963016
"U17760_rna1_at",25.2894736842105
"AFFX-HUMTFRR/M11507_M_at",51781.5192034139
"M27968_s_at",815.821479374111
"D10523_at",70686.7652916074
"X52075_rna1_at",2087.50568990043
"HG3115-HT3291_at",6818.84779516359
"X72304_at",338.515647226174
"L35546_at",5927.31792318634
"M24899_at",13685.9857752489
"L21936_at",136175.289473684
"M80254_at",51898.0341394026
"Z11502_at",2334.2652916074
"M37815_cds1_at",1249.50853485064
"X81625_at",67920.4274537696
"M17466_at",624.042674253201
"M32598_at",3200.47510668563
"M88279_at",716763.37197724
"J04156_at",102.702702702703
"M63256_at",60.6315789473684
"M95740_at",10860.7567567568
"X59350_at",424042.549786629
"U40215_at",3239.24893314367
"M13207_at",8685.40256045519
"AC000061_cds3_at",0.947368421052632
"X74331_at",4997.09032716927
"J04501_at",73277.4452347084
"M96132_at",0
"Z14093_at",168.421052631579
"U30245_at",22.1315789473684
"D29642_at",127953.388335704
"U37221_at",884.492176386913
"X95648_at",17364.8506401138
"U00238_rna1_at",11941.6166429587
"U30255_at",255805.934566145
"M60092_at",5197.30298719772
"U82613_at",31406.1507823613
"D38550_at",82334.2112375533
"X77753_at",2356.36486486487
"L10102_rna1_at",2908.33285917496
"U67122_s_at",145514.729018492
"V00532_rna1_f_at",56.3840682788051
"U25435_at",48025.5
"D31815_at",1453.40042674253
"U82818_at",3149.70981507824
"U09368_at",231.073257467994
"U05321_at",60.6770981507824
"D10495_at",176722.204836415
"U70063_at",41335.713371266
"X52947_at",71882.7432432432
"D14662_at",167386.563300142
"J03077_s_at",17103857.2660028
"U22178_s_at",11468.5611664296
"M18255_cds2_s_at",152148.663584637
"Z34975_at",3279.36059743955
"U53476_at",15639.7695590327
"U10991_at",34355.9182076814
"U50648_s_at",1730711.5284495
"S83366_cds3_at",1303.78947368421
"M62403_s_at",73879.1842105263
"X94333_at",0
"M85217_at",16.3129445234708
"X99350_rna1_at",118.171408250356
"L37043_at",192619.130156472
"J05200_rna1_s_at",0
"U23946_at",60401.8783783784
"M61826_s_at",114744.231152205
"U73167_cds2_s_at",12037.7702702703
"Y07604_at",438476.780227596
"U57971_s_at",33813.2517780939
"X14894_at",122.020625889047
"L37362_at",3063.28093883357
"M20203_s_at",2229898.17140825
"M97675_at",35.9857752489331
"U09278_at",99.3890469416785
"S77356_at",2282181.71550498
"S81914_at",542005.19772404
"D16593_at",66236.6038406828
"D83783_at",73110.0803698435
"U15932_at",89954.1137980085
"HG3930-HT4200_at",3665.3719772404
"X87344_cds10_r_at",544759.798719772
"L24774_s_at",33382.7233285917
"X69978_at",19258.1372688478
"U40490_at",103663.724751067
"U11732_at",47774.7517780939
"U12778_at",664.100284495021
"M24248_at",401457.73826458
"J04132_at",197439.302987198
"M26061_at",5423.67283072546
"X85545_at",23464.2311522048
"L76569_at",60.7403982930299
"X12901_at",13.9210526315789
"U60519_at",15294.2453769559
"X15882_at",83768.8648648649
"M13690_s_at",81444.6721194879
"U06698_at",105.150071123755
"L36642_at",33.5960170697013
"L07592_at",1794.50924608819
"M86667_at",2597311.87482219
"M34181_at",77614.5490753912
"M81882_at",649.420341394026
"U17195_at",3143.72972972973
"S69369_at",146.586770981508
"U34587_at",35567.3798008535
"L77559_at",191.217638691323
"Z37976_at",13175.1948790896
"HG3175-HT3352_at",38255.886913229
"D83777_at",21598.0284495021
"D49493_at",766.258890469417
"U77949_at",1113.18421052632
"HG2994-HT4850_s_at",207535.86059744
"M68891_at",93487.3065433855
"X58399_at",161028.384068279
"D50692_at",41541.4829302987
"X51441_s_at",0
"U54617_at",1129.96088193457
"U27516_s_at",4762.3506401138
"J03909_at",3305421.35704125
"HG2530-HT2626_at",11.9409672830725
"M96233_s_at",164706.916073969
"U47686_s_at",18240.0625889047
"X70070_at",43856.9281650071
"Z31695_at",204.458748221906
"HG2992-HT5186_at",47855.1728307255
"X58298_s_at",1418.27880512091
"D31628_s_at",183.704836415363
"X06614_at",231987.667852063
"U51003_s_at",4380.63157894737
"U02683_s_at",6447.16429587482
"Z11685_s_at",4725.50568990043
"X65644_at",20280.9246088193
"U41737_at",782.196301564723
"D86960_at",9795.65860597439
"M92357_at",282425.263869132
"U29953_rna1_at",44514.2019914651
"U09117_at",228733.334992888
"M34516_at",11780285.8641536
"D83032_at",120978.669274538
"U70451_at",253925.186344239
"U56998_at",72691.9800853485
"L13266_s_at",12833.0014224751
"Y09912_rna1_at",0
"D38449_at",2009.06970128023
"L38025_at",152
"X04434_at",4298.33285917496
"M74558_at",6150.15433854907
"X14830_at",5905.1813655761
"U07550_at",192962.961593172
"X00437_s_at",62222771.0014225
"X57351_at",3617561.47439545
"Y11180_at",890.9786628734
"M95623_cds1_at",342523.212660028
"J03824_at",18783.9011379801
"M59830_at",1367475.86699858
"D26156_s_at",315202.603129445
"D50919_at",4783.26386913229
"M16967_at",15.1578947368421
"X76061_at",16436.1906116643
"Z48511_at",4288.10312944524
"L37042_at",147538.574679943
"X79888_at",4237.13229018492
"X58079_at",2015.33783783784
"X06290_at",534.577524893314
"Z70295_at",1254.73115220484
"U53204_at",638607.09601707
"D88152_at",140.236842105263
"Y07828_at",299.528449502134
"HG651-HT5209_s_at",53270.4722617354
"M85276_at",300515.864153627
"L14787_at",10513.9431009957
"U18932_at",0
"HG274-HT274_s_at",63666.4957325747
"X79353_at",212528.874110953
"Z83805_at",760.526315789474
"U38846_at",1435332.50995733
"X60486_at",4130716.17140825
"U56976_at",0
"X59711_at",5743.55120910384
"D87443_at",4702.57752489331
"L11369_at",7884.02916073969
"AF007111_at",16119.7041251778
"U96094_at",39087.9694167852
"M68907_s_at",3012.08819345661
"D28235_s_at",92838.6230440967
"M55284_at",2679.17283072546
"X83618_at",55.6842105263158
"X95289_at",613.24893314367
"Z19574_rna1_at",0
"U20230_at",0
"M34423_at",41282.7795163585
"L14848_s_at",944.353485064011
"M71243_f_at",530275.107396871
"M62762_at",1368908.35277383
"U46194_at",16259.9950213371
"Z48481_at",87415.2155049787
"X80026_at",27163.3883357041
"L11239_at",21882.0227596017
"D82344_at",5546.5640113798
"X64559_at",0
"L07044_at",16605.9182076814
"L19063_at",0
"D45132_at",79742.6315789474
"U00952_at",387009.343527738
"U02619_at",101213.06401138
"U69263_at",5484.74253200569
"HG3313-HT3490_at",17.5398293029872
"Z73903_at",0
"X64878_at",5158.60953058322
"S80343_at",10901.826458037
"HG2441-HT2537_s_at",9688.67140825035
"D38524_at",78245.5369843528
"HG4458-HT4727_at",8.52631578947368
"X12876_s_at",9566.99644381223
"D13988_at",509159.120910384
"M96944_at",3134.56116642959
"X79536_at",1422237.30654339
"L20321_at",1634.92816500711
"K02268_at",14160.7396870555
"M64788_at",1452.41251778094
"Z23090_at",10520360.56899
"X99050_rna1_at",4807.37766714082
"U27768_at",2352.65789473684
"U65092_at",3831.99217638691
"HG3638-HT3849_s_at",81013.1721194879
"D90070_s_at",193525.758179232
"D80008_at",14700.2908961593
"M37435_at",48692.1173541963
"HG2915-HT3059_f_at",10608272.9139403
"HG644-HT644_at",139.926031294452
"X12662_rna1_at",772.267425320057
"HG491-HT491_at",384.103129445235
"U09770_at",1744281.88691323
"D85181_at",6874.42958748222
"U22398_at",5097.67283072546
"U28369_at",2495.32574679943
"L48516_at",5363.41109530583
"U37248_at",39675.1642958748
"M20471_at",625386.873399716
"X61755_rna1_s_at",22686.1230440967
"Z26653_at",0
"L08246_at",2875108.99573257
"AJ000480_at",332284.825746799
"L14430_at",21.0903271692745
"AC002073_cds1_at",17561.9324324324
"Y08836_at",47580.9530583215
"U24186_at",7987.84637268848
"U61276_s_at",39098.8449502134
"M93143_at",29805.6984352774
"Z71389_at",6737.91251778094
"U48296_at",112693.143669986
"U82671_cds2_at",42641.5910384068
"Z22535_at",48.0490753911807
"X98330_at",58.1081081081081
"S37730_s_at",129619.86628734
"M34668_at",24459.1749644381
"S69265_s_at",86117.86628734
"J04449_at",194.631578947368
"U12424_s_at",122.190611664296
"S41458_at",10803.6991465149
"U33761_at",2001.26600284495
"M62840_at",10851.5533428165
"L02648_at",8885.85846372689
"M24594_at",182602.319345661
"U36601_at",2249.71266002845
"U38864_at",0
"U51166_at",35810.9679943101
"M60626_at",556.290896159317
"M20218_at",2188.49217638691
"L39060_at",582.358463726885
"U57092_at",6599.2119487909
"D85425_s_at",4847.28591749644
"X79510_at",259.428165007112
"D28118_at",114693.940967283
"U44378_at",6862.29302987198
"U68723_at",58640.3705547653
"X55448_cds2_at",4411.02418207681
"U75370_at",60759.7987197724
"M22005_at",0
"M19722_at",1375077.55049787
"U66464_at",87146.0803698435
"M11973_cds1_at",5947.66216216216
"D29641_at",19866.913940256
"D87078_at",348598.29658606
"X82200_at",1376561.41394026
"X79066_at",74311.2517780939
"M83738_at",15330.7517780939
"X13794_rna1_at",5750027.77596017
"U80073_at",73196.3165007112
"X04085_rna1_at",3938367.92958748
"U35139_at",3374.1706970128
"X97335_at",6182.58961593172
"X89067_at",205.699146514936
"M27288_at",6925.5
"L00137_cds1_at",14953.2318634424
"HG1827-HT1856_s_at",14955.7354196302
"D50914_at",40179.4800853485
"X12530_s_at",814811.248933144
"J04093_s_at",164.796586059744
"U03399_at",3105.62162162162
"U85767_at",377403.955192034
"D87468_at",19772.5497866287
"D87074_at",428670.438122333
"U09716_s_at",18198.6891891892
"X05232_at",460.591749644381
"U10886_at",1103.29231863442
"U83463_at",51100.1906116643
"U62966_at",4882.81650071124
"X02956_at",1048.48648648649
"D87119_at",229098.199857752
"U58675_cds1_at",795.371977240398
"U91327_at",115139.852773826
"U19523_at",10753.6842105263
"HG3494-HT3688_at",794807.72688478
"L27479_at",15204.3990042674
"U82535_at",11727.4800853485
"U15174_at",13950.213371266
"L04733_at",54660.2788051209
"X81882_at",5209.19487908962
"M74719_at",3823873.08961593
"U43899_at",42895.1635846373
"U41766_s_at",2769.00711237553
"U22029_f_at",4906.78307254623
"D14826_s_at",46966.6578947368
"X12453_at",4332.87980085348
"L37378_at",3042.7773826458
"X95525_at",2199.48862019915
"HG3227-HT3404_at",38852.0376955903
"M21642_s_at",1314.33926031294
"U59878_at",64409.6479374111
"U02687_at",808921.616642959
"Z18954_at",14289.7560455192
"X71345_f_at",2137347.96870555
"HG2573-HT2669_at",2793.63086770981
"M64936_at",8003.06970128023
"U23070_at",108.751778093883
"M24461_at",4937.4054054054
"X87342_at",0
"D64159_at",1890.03982930299
"X16707_at",168.421052631579
"L09604_at",4644771.55405405
"U70862_at",1071.05547652916
"Z18948_at",6425.0106685633
"U09646_at",1201.52844950213
"S76965_at",27146.0405405405
"D00654_at",974.657183499289
"U10485_at",1415080.52062589
"U58091_at",1614.07681365576
"D38122_at",1440.79374110953
"J00123_at",4425.71550497866
"M90354_at",0
"X17644_s_at",7855.80440967283
"U47050_at",7450.18278805121
"HG3748-HT4018_at",37049.6137980085
"M63262_at",831059.385490754
"U72648_s_at",790.645803698435
"S77575_at",110.25320056899
"HG2564-HT2660_s_at",47.1749644381223
"M16653_at",0
"M63582_at",195683.573257468
"D79206_s_at",248376.412517781
"M92424_at",10389.593883357
"U09279_at",759.032716927454
"M29927_at",66442.0633001423
"M59964_at",0
"M11313_s_at",7008.67211948791
"HG2152-HT2222_at",1463.61877667141
"M67468_s_at",10422.2311522048
"L11695_at",1066.71123755334
"X99209_at",148885.123755334
"X63575_s_at",2721.10384068279
"U21943_at",1071.17567567568
"D13641_at",516779.306543385
"AFFX-LysX-5_at",659.23186344239
"L19183_at",20632.039829303
"D50370_at",2366.65789473684
"X13973_at",160436.159317212
"M73489_at",16207.886913229
"U29463_s_at",6482.71763869132
"L01406_at",6648.6173541963
"X54867_s_at",597.886913229019
"L29306_s_at",1077.97439544808
"X74570_at",51028.1315789474
"U87460_at",329.024182076814
"U08377_at",14459.1692745377
"HG2810-HT2921_at",65007.1038406828
"X92689_at",635.618776671408
"L08044_s_at",14263.6813655761
"L41390_at",5202.36699857753
"U78313_at",1990.22190611664
"M62628_s_at",79444.9246088193
"X57110_s_at",11556.386913229
"M64358_at",279.775960170697
"U28042_at",8575.44310099573
"U01317_cds1_at",6605.28947368421
"AB000584_at",113821.496443812
"U81262_at",96.6458036984353
"Z22551_at",18645.9004267425
"U39573_at",43323.713371266
"HG2788-HT2896_at",4977721.50213371
"M16474_s_at",159.698435277383
"V00563_at",5124089.96870555
"U78190_rna1_at",17436.0881934566
"X59131_at",58.1315789473684
"D15057_at",1105841.26671408
"U19495_s_at",464.440967283073
"M97796_s_at",2604532.28520626
"J03242_s_at",86021.3570412518
"U25801_at",6152.69487908962
"L27624_s_at",9.33428165007112
"J04599_at",227646.577524893
"L19711_at",20660.7965860597
"X59871_at",2421341.32361309
"M34458_rna1_s_at",51195.7524893314
"S62904_s_at",117.294452347084
"X16866_at",5390.7119487909
"U59058_s_at",12811.4544807966
"Z31690_s_at",35397.4480796586
"M34996_s_at",4671693.68136558
"M65062_at",72.3335704125178
"L36847_at",11155.0960170697
"X86098_at",3487.55618776671
"X02874_at",24675.8613086771
"L41067_at",98297.3342816501
"U89336_cds4_at",330303.23826458
"U16720_rna1_s_at",21549.6849217639
"M14758_at",1618.14509246088
"M54995_at",388898.117354196
"M58459_at",3607612.46159317
"U25975_at",78862.6856330014
"D83657_at",101052.245376956
"D26155_s_at",8083.99217638691
"M63438_s_at",21456401.4452347
"U72621_at",17169.4886201991
"X57522_at",207734.982219061
"D86970_at",920406.023470839
"S80335_at",63894.7254623044
"D12763_at",13.7297297297297
"S76067_at",562.74039829303
"HG25930-HT26386_at",10894.3783783784
"X68836_at",36904.56685633
"X04445_rna1_s_at",1178.64580369844
"D90359_at",8220.67709815078
"M58460_at",246.083214793741
"M14636_at",43672.9025604552
"HG2367-HT2463_s_at",2397.28022759602
"M27891_at",21200727.71266
"U97188_at",5806.40753911807
"L17330_at",9477.48790896159
"X14975_at",1757657.19487909
"U67988_at",167.955192034139
"U27326_s_at",12245.320056899
"M60746_at",29858.8506401138
"U94320_at",81.049786628734
"M82827_s_at",4.79445234708393
"Z69923_at",193.331436699858
"M74290_at",0
"D30755_at",153980.953058321
"U09759_at",8749.37411095306
"U73704_at",1410.46159317212
"D16294_at",37417.0497866287
"D49410_at",118098.332859175
"U48707_at",208.275960170697
"U39196_at",1072.38762446657
"U92314_s_at",0
"X61118_rna1_at",420597.377667141
"X83228_at",0
"X58964_at",0
"U46767_at",1299.48221906117
"U41815_at",21769.0021337127
"X78711_at",3330.83428165007
"HG2007-HT2056_s_at",57.3399715504979
"D00749_s_at",6281652.88762447
"M58569_s_at",11.6052631578947
"M75126_at",286203.488620199
"U09087_s_at",11682.2795163585
"L00058_at",384024.859886202
"L13286_at",60.3933143669986
"D37984_s_at",1858.25035561878
"M31776_s_at",27473.4480796586
"U28386_at",112439.229018492
"U50534_at",4657.5106685633
"Y07847_at",24564.6173541963
"Z35307_at",14812.8392603129
"Z36714_at",12003.5284495021
"X96754_at",398.113798008535
"L25444_at",52518.0056899004
"HG688-HT688_f_at",3272843.68421053
"M57710_at",5265065.95163585
"M86752_at",440029.960881935
"U20362_at",4.20199146514936
"M29550_at",8705.44523470839
"HG4236-HT4506_f_at",6175.73897581792
"X58234_at",0
"U02081_at",41392.8620199147
"Z80777_at",8.84779516358464
"U41060_at",10638.8257467994
"M81778_s_at",509.701991465149
"U14417_at",306867.536273115
"L29277_at",176499.721906117
"X77366_at",11529.4288762447
"Y08417_s_at",1274.4786628734
"D78134_at",1497463.42034139
"U07223_at",36528.8029871977
"L35269_at",20093.9864864865
"D90279_s_at",9066.85988620199
"X81851_s_at",304.893314366999
"L10678_at",470.01493598862
"X90568_at",96.1052631578947
"X03068_f_at",3945778.40469417
"D82345_at",289452.568990043
"U57093_at",261.181365576102
"HG1111-HT1111_at",6132.15433854907
"HG4517-HT4920_s_at",2371.37766714082
"AF007875_at",37184.1081081081
"U15460_at",1003.40042674253
"U12978_at",7.60526315789474
"Z47043_at",152.839971550498
"M63488_at",9807.87482219061
"L13278_at",8035.22688477952
"X61123_at",750771.608108108
"M27826_at",35822.8506401138
"HG4310-HT4580_at",5.92105263157895
"U00968_at",261841.988620199
"M17236_s_at",1113.31223328592
"L25085_at",845706.8314367
"M69181_at",111545.172119488
"U61167_at",1384.15078236131
"AB000450_at",13247.920341394
"Y10571_at",659.118776671408
"X91809_at",548291.103840683
"HG3934-HT4204_at",47405.6166429587
"X82068_at",28.6180654338549
"D16611_s_at",4369.78378378378
"L19778_at",435.379800853485
"D43948_at",41831.359886202
"J00220_cds5_at",7162.05405405405
"U07151_at",9003.98008534851
"U43519_at",26215.4679943101
"L24470_at",1220.63513513514
"M64231_rna1_at",29742.1308677098
"K03183_f_at",43625.9743954481
"U17838_at",46108.766002845
"D17408_s_at",46.4210526315789
"U69961_at",0
"S65738_at",446156.956614509
"HG4074-HT4344_at",80264.7176386913
"U73167_cds3_at",0
"U97018_at",2140.52916073969
"D42054_at",57104.9160739687
"J02883_at",8571.54196301565
"U02609_at",0
"M59216_s_at",5011.61877667141
"Y10055_at",40514.7453769559
"L42452_at",60.7852062588905
"U05861_at",9334.1173541963
"M55172_at",128.527027027027
"S69370_s_at",296.654338549075
"D14533_at",2349.96657183499
"U30610_at",9465.84637268848
"U79297_at",20432.4587482219
"S81083_cds1_at",15318.8911806543
"D00003_s_at",106.833570412518
"M30938_at",725241.174964438
"X02910_at",36781.7382645804
"HG2689-HT2785_at",0
"X54232_at",77663.0192034139
"D50928_at",37126.9246088193
"U59309_at",50222.5746799431
"J02960_cds1_s_at",5817.00213371266
"Z70723_at",0
"S39329_at",285.101706970128
"M97347_s_at",17114.7539118065
"M33518_at",93737.6678520626
"L02840_at",4369.90682788051
"AF000545_at",1167.01280227596
"X58528_s_at",12574.7859174964
"X07820_at",2090.3840682788
"D14043_at",1443604.8029872
"M33882_at",2250467.23186344
"HG3521-HT3715_at",359987.716216216
"M57703_s_at",2161.73897581792
"J05068_at",215.326458036984
"Y07759_at",132.046230440967
"X14362_at",137.900426742532
"U26398_at",12725.1095305832
"D78011_at",12.3705547652916
"S76978_s_at",1135.95448079659
"X14346_at",1239.18421052632
"U09210_at",2450.00568990043
"M57732_at",7903.10739687056
"Z29090_at",28661.9068278805
"M60483_rna1_s_at",42838.8733997155
"D86968_at",2475.26955903272
"U09366_at",5810.29374110953
"Z49835_s_at",421335.655761024
"U52373_s_at",1322.45590327169
"U20816_s_at",4043.78947368421
"J00116_s_at",98.3477951635846
"U66561_at",703.681365576102
"U58090_at",8114.820056899
"U56244_at",44463.2268847795
"U03891_at",96801.3371266003
"U20860_at",0
"S82597_rna1_s_at",20381.420341394
"L19314_at",19219.7382645804
"D10925_at",5951.80440967283
"U90904_at",74796.9274537696
"U37352_at",97184.4551920341
"X86564_at",7.11024182076814
"U84011_s_at",3436.99644381223
"U73330_at",8.78022759601707
"U07794_cds2_at",751.064722617354
"X69886_s_at",88.0825035561878
"M64572_at",22115.9295874822
"M77140_at",5717.20412517781
"D38537_s_at",3259.87482219061
"U35048_at",706107.823613087
"D86976_at",454324.953058321
