"feature_id","symbol","genename"
"A28102_at","GABRA3","gamma-aminobutyric acid type A receptor subunit alpha3"
"AB000114_at","OMD","osteomodulin"
"AB000115_at","IFI44L","interferon induced protein 44 like"
"AB000220_at","SEMA3C","semaphorin 3C"
"AB000381_s_at","GML","glycosylphosphatidylinositol anchored molecule like"
"AB000410_s_at","OGG1","8-oxoguanine DNA glycosylase"
"AB000449_at","VRK1","VRK serine/threonine kinase 1"
"AB000450_at","VRK2","VRK serine/threonine kinase 2"
"AB000462_at","SH3BP2","SH3 domain binding protein 2"
"AB000468_at","RNF4","ring finger protein 4"
"AB000584_at","GDF15","growth differentiation factor 15"
"AB000816_s_at","BMAL1","basic helix-loop-helix ARNT like 1"
"AB000895_at","DCHS1","dachsous cadherin-related 1"
"AB000896_at","PCDHGB4","protocadherin gamma subfamily B, 4"
"AB002315_at","AREL1","apoptosis resistant E3 ubiquitin protein ligase 1"
"AB002332_at","CLOCK","clock circadian regulator"
"AB002365_at","PRUNE2","prune homolog 2 with BCH domain"
"AB002366_at","ECPAS","Ecm29 proteasome adaptor and scaffold"
"AB002380_at","ARHGEF12","Rho guanine nucleotide exchange factor 12"
"AB003103_at","PSMD12","proteasome 26S subunit, non-ATPase 12"
"AB003698_at","CDC7","cell division cycle 7"
"AB005535_s_at","CLOCK","clock circadian regulator"
"AB006781_s_at","LGALS4","galectin 4"
"AC000061_cds2_at","CFTR","CF transmembrane conductance regulator"
"AC000061_cds3_at","CFTR","CF transmembrane conductance regulator"
"AC000062_at","FRY","FRY microtubule binding protein"
"AC000066_at","AKAP9","A-kinase anchoring protein 9"
"AC000099_at","GRM8","glutamate metabotropic receptor 8"
"AC000115_cds1_at","VGLL1","vestigial like family member 1"
"AC002045_xpt1_at","NPIPA1/PDXDC2P-NPIPB14P/PKD1P1/NPIPB15/NPIPA3/NPIPA2/NPIPA5/NPIPA7/NPIPA8","nuclear pore complex interacting protein family member A1/PDXDC2P-NPIPB14P readthrough, transcribed pseudogene/polycystin 1, transient receptor potential channel interacting pseudogene 1/nuclear pore complex interacting protein family member B15/nuclear pore complex interacting protein family member A3/nuclear pore complex interacting protein family member A2/nuclear pore complex interacting protein family member A5/nuclear pore complex interacting protein family member A7/nuclear pore complex interacting protein family member A8"
"AC002073_cds1_at","PIK3IP1","phosphoinositide-3-kinase interacting protein 1"
"AC002076_cds2_at","GNGT1","G protein subunit gamma transducin 1"
"AC002077_at","GNAT1","G protein subunit alpha transducin 1"
"AC002086_at","ZBTB33","zinc finger and BTB domain containing 33"
"AC002450_at","SLC25A13","solute carrier family 25 member 13"
"AC002464_at","SLC22A16","solute carrier family 22 member 16"
"AD000092_cds1_at","MAST1","microtubule associated serine/threonine kinase 1"
"AD000092_cds2_at","DNASE2","deoxyribonuclease 2, lysosomal"
"AD000092_cds7_s_at","RAD23A","RAD23 nucleotide excision repair protein A"
"AD000684_cds1_at","LSR","lipolysis stimulated lipoprotein receptor"
"AF000177_at","LSM1","LSM1 homolog, mRNA degradation associated"
"AF000231_at","RAB11A","RAB11A, member RAS oncogene family"
"AF000234_at","P2RX4","purinergic receptor P2X 4"
"AF000424_s_at","LST1","leukocyte specific transcript 1"
"AF000545_at","P2RY10","P2Y receptor family member 10"
"AF000560_at","ZNF787","zinc finger protein 787"
"AF000573_rna1_at","HGD","homogentisate 1,2-dioxygenase"
"AF000959_at","CLDN5","claudin 5"
"AF001294_at","PHLDA2","pleckstrin homology like domain family A member 2"
"AF001359_f_at","MLH1","mutL homolog 1"
"AF001548_rna1_at","MYH11","myosin heavy chain 11"
"AF001620_at","MYOC","myocilin"
"AF002020_at","NPC1","NPC intracellular cholesterol transporter 1"
"AF002224_at","UBE3A","ubiquitin protein ligase E3A"
"AF002700_at","GFRA2","GDNF family receptor alpha 2"
"AF003743_at","KCNQ1","potassium voltage-gated channel subfamily Q member 1"
"AF005037_at","SCAMP1","secretory carrier membrane protein 1"
"AF005043_at","PARG","poly(ADP-ribose) glycohydrolase"
"AF005361_at","KPNA5","karyopherin subunit alpha 5"
"AF005887_at","ATF6","activating transcription factor 6"
"AF006041_at","DAXX","death domain associated protein"
"AF006084_at","ARPC1B","actin related protein 2/3 complex subunit 1B"
"AF006087_at","ARPC4","actin related protein 2/3 complex subunit 4"
"AF006609_at","RGS3","regulator of G protein signaling 3"
"AF007111_at","MDM4","MDM4 regulator of p53"
"AF007551_at","BET1","Bet1 golgi vesicular membrane trafficking protein"
"AF007875_at","DPM1","dolichyl-phosphate mannosyltransferase subunit 1, catalytic"
"AF008445_at","PLSCR1","phospholipid scramblase 1"
"AF009301_at","MARCHF6","membrane associated ring-CH-type finger 6"
"AF009426_at","LDLRAD4","low density lipoprotein receptor class A domain containing 4"
"AF009674_at","AXIN1","axin 1"
"AF010193_at","SMAD7","SMAD family member 7"
"AF012024_s_at","ITGB1BP1","integrin subunit beta 1 binding protein 1"
"AF012270_at","RRH","retinal pigment epithelium-derived rhodopsin homolog"
"AF014958_at","CCRL2","C-C motif chemokine receptor like 2"
"AF015910_at","AKAP1","A-kinase anchoring protein 1"
"AF015913_at","PRMT5","protein arginine methyltransferase 5"
"AF015950_at","TERT","telomerase reverse transcriptase"
"AFFX-BioB-3_at",NA,NA
"AFFX-BioB-5_at",NA,NA
"AFFX-BioB-5_st",NA,NA
"AFFX-BioB-M_st",NA,NA
"AFFX-BioC-3_st",NA,NA
"AFFX-BioC-5_at",NA,NA
"AFFX-BioDn-3_at",NA,NA
"AFFX-BioDn-3_st",NA,NA
"AFFX-BioDn-5_st",NA,NA
"AFFX-CreX-3_at",NA,NA
"AFFX-CreX-3_st",NA,NA
"AFFX-CreX-5_st",NA,NA
"AFFX-DapX-3_at",NA,NA
"AFFX-DapX-5_at",NA,NA
"AFFX-DapX-M_at",NA,NA
"AFFX-HSAC07/X00351_3_st","ACTB","actin beta"
"AFFX-HSAC07/X00351_5_st","ACTB","actin beta"
"AFFX-HSAC07/X00351_M_st","ACTB","actin beta"
"AFFX-HUMGAPDH/M33197_3_st","GAPDH","glyceraldehyde-3-phosphate dehydrogenase"
"AFFX-HUMGAPDH/M33197_5_st","GAPDH","glyceraldehyde-3-phosphate dehydrogenase"
"AFFX-HUMGAPDH/M33197_M_st","GAPDH","glyceraldehyde-3-phosphate dehydrogenase"
"AFFX-HUMISGF3A/M97935_3_at","STAT1","signal transducer and activator of transcription 1"
"AFFX-HUMISGF3A/M97935_5_at","STAT1","signal transducer and activator of transcription 1"
"AFFX-HUMISGF3A/M97935_MB_at","STAT1","signal transducer and activator of transcription 1"
"AFFX-HUMRGE/M10098_3_at",NA,NA
"AFFX-HUMRGE/M10098_5_at",NA,NA
"AFFX-HUMRGE/M10098_M_at",NA,NA
"AFFX-HUMTFRR/M11507_3_at","TFRC","transferrin receptor"
"AFFX-HUMTFRR/M11507_5_at","TFRC","transferrin receptor"
"AFFX-HUMTFRR/M11507_M_at","TFRC","transferrin receptor"
"AFFX-LysX-3_at",NA,NA
"AFFX-LysX-5_at",NA,NA
"AFFX-LysX-M_at",NA,NA
"AFFX-M27830_5_at",NA,NA
"AFFX-M27830_M_at",NA,NA
"AFFX-PheX-3_at",NA,NA
"AFFX-ThrX-5_at",NA,NA
"AFFX-ThrX-M_at",NA,NA
"AFFX-TrpnX-5_at",NA,NA
"AJ000480_at","TRIB1","tribbles pseudokinase 1"
"AJ001047_at","MATN3","matrilin 3"
"D00003_s_at","CYP3A4","cytochrome P450 family 3 subfamily A member 4"
"D00017_at","ANXA2","annexin A2"
"D00097_s_at","APCS","amyloid P component, serum"
"D00408_at","CYP3A7","cytochrome P450 family 3 subfamily A member 7"
"D00408_s_at","CYP3A7/CYP3A4/CYP3A5/CYP3A7-CYP3A51P","cytochrome P450 family 3 subfamily A member 7/cytochrome P450 family 3 subfamily A member 4/cytochrome P450 family 3 subfamily A member 5/CYP3A7-CYP3A51P readthrough"
"D00591_at","RCC1","regulator of chromosome condensation 1"
"D00596_at","TYMS","thymidylate synthetase"
"D00632_at","GPX3","glutathione peroxidase 3"
"D00654_at","ACTG2","actin gamma 2, smooth muscle"
"D00723_at","GCSH","glycine cleavage system protein H"
"D00726_at","FECH","ferrochelatase"
"D00749_s_at","CD7","CD7 molecule"
"D00760_at","PSMA2","proteasome 20S subunit alpha 2"
"D00761_at","PSMB1","proteasome 20S subunit beta 1"
"D00763_at","PSMA4","proteasome 20S subunit alpha 4"
"D10040_at","ACSL1","acyl-CoA synthetase long chain family member 1"
"D10202_at","PTAFR","platelet activating factor receptor"
"D10495_at","PRKCD","protein kinase C delta"
"D10511_at","ACAT1","acetyl-CoA acetyltransferase 1"
"D10522_at","MARCKS","myristoylated alanine rich protein kinase C substrate"
"D10523_at","OGDH","oxoglutarate dehydrogenase"
"D10537_s_at","MPZ","myelin protein zero"
"D10656_at","CRK","CRK proto-oncogene, adaptor protein"
"D10667_s_at","MYH11","myosin heavy chain 11"
"D10704_at","CHKA","choline kinase alpha"
"D10922_s_at","FPR2","formyl peptide receptor 2"
"D10923_at","HCAR3","hydroxycarboxylic acid receptor 3"
"D10925_at","CCR1","C-C motif chemokine receptor 1"
"D10995_at","HTR1B","5-hydroxytryptamine receptor 1B"
"D11086_at","IL2RG","interleukin 2 receptor subunit gamma"
"D11094_at","PSMC2","proteasome 26S subunit, ATPase 2"
"D11139_at","TIMP1","TIMP metallopeptidase inhibitor 1"
"D11151_at","EDNRA","endothelin receptor type A"
"D11327_s_at","PTPN7","protein tyrosine phosphatase non-receptor type 7"
"D12485_at","ENPP1","ectonucleotide pyrophosphatase/phosphodiesterase 1"
"D12625_at","NF1","neurofibromin 1"
"D12676_at","SCARB2","scavenger receptor class B member 2"
"D12763_at","IL1RL1","interleukin 1 receptor like 1"
"D13168_at","EDNRB","endothelin receptor type B"
"D13264_at","MSR1","macrophage scavenger receptor 1"
"D13305_at","CCKBR","cholecystokinin B receptor"
"D13315_at","GLO1","glyoxalase I"
"D13435_at","PIGF","phosphatidylinositol glycan anchor biosynthesis class F"
"D13540_at","PTPN11","protein tyrosine phosphatase non-receptor type 11"
"D13626_at","P2RY14","purinergic receptor P2Y14"
"D13627_at","CCT8","chaperonin containing TCP1 subunit 8"
"D13628_at","ANGPT1","angiopoietin 1"
"D13630_at","BZW1","basic leucine zipper and W2 domains 1"
"D13631_s_at","ARHGEF6","Rac/Cdc42 guanine nucleotide exchange factor 6"
"D13633_at","DLGAP5","DLG associated protein 5"
"D13635_at","UBE3C","ubiquitin protein ligase E3C"
"D13636_at","GTF3C2","general transcription factor IIIC subunit 2"
"D13637_at","TLR1","toll like receptor 1"
"D13638_s_at","ARHGAP11A","Rho GTPase activating protein 11A"
"D13639_at","CCND2","cyclin D2"
"D13640_at","PPM1F","protein phosphatase, Mg2+/Mn2+ dependent 1F"
"D13641_at","TOMM20","translocase of outer mitochondrial membrane 20"
"D13642_at","SF3B3","splicing factor 3b subunit 3"
"D13643_at","DHCR24","24-dehydrocholesterol reductase"
"D13644_at","USP6NL","USP6 N-terminal like"
"D13666_s_at","POSTN","periostin"
"D13814_s_at","AGTR1","angiotensin II receptor type 1"
"D13969_at","PCGF2","polycomb group ring finger 2"
"D13988_at","GDI2","GDP dissociation inhibitor 2"
"D14043_at","CD164","CD164 molecule"
"D14497_at","MAP3K8","mitogen-activated protein kinase kinase kinase 8"
"D14520_at","KLF5","KLF transcription factor 5"
"D14533_at","XPA","XPA, DNA damage recognition and repair factor"
"D14657_at","PCLAF","PCNA clamp associated factor"
"D14658_at","SPCS2","signal peptidase complex subunit 2"
"D14659_at","EMC2","ER membrane protein complex subunit 2"
"D14660_at","MRPL19","mitochondrial ribosomal protein L19"
"D14662_at","PRDX6","peroxiredoxin 6"
"D14664_at","CD302/LY75-CD302","CD302 molecule/LY75-CD302 readthrough"
"D14678_at","KIFC1","kinesin family member C1"
"D14686_at","AMT","aminomethyltransferase"
"D14689_at","NUP214","nucleoporin 214"
"D14694_at","PTDSS1","phosphatidylserine synthase 1"
"D14695_at","HERPUD1","homocysteine inducible ER protein with ubiquitin like domain 1"
"D14811_at","MAD2L1BP","MAD2L1 binding protein"
"D14822_at","RUNX1T1","RUNX1 partner transcriptional co-repressor 1"
"D14823_at","RUNX1T1","RUNX1 partner transcriptional co-repressor 1"
"D14826_s_at","CREM","cAMP responsive element modulator"
"D14874_at","ADM","adrenomedullin"
"D14878_at","CDC123","cell division cycle 123"
"D15049_at","PTPRH","protein tyrosine phosphatase receptor type H"
"D15050_at","SIK1","salt inducible kinase 1"
"D15057_at","DAD1","defender against cell death 1"
"D16154_at","CYP11B1","cytochrome P450 family 11 subfamily B member 1"
"D16181_at","PMP2","peripheral myelin protein 2"
"D16227_at","HPCAL1","hippocalcin like 1"
"D16294_at","ACAA2","acetyl-CoA acyltransferase 2"
"D16350_at","ACSM3","acyl-CoA synthetase medium chain family member 3"
"D16469_at","ATP6AP1","ATPase H+ transporting accessory protein 1"
"D16480_at","HADHA","hydroxyacyl-CoA dehydrogenase trifunctional multienzyme complex subunit alpha"
"D16481_at","HADHB","hydroxyacyl-CoA dehydrogenase trifunctional multienzyme complex subunit beta"
"D16532_at","VLDLR","very low density lipoprotein receptor"
"D16593_at","HPCA","hippocalcin"
"D16611_s_at","CPOX","coproporphyrinogen oxidase"
"D16626_at","HAL","histidine ammonia-lyase"
"D16688_s_at","MLLT3","MLLT3 super elongation complex subunit"
"D16815_at","NR1D2","nuclear receptor subfamily 1 group D member 2"
"D16827_s_at","SSTR5","somatostatin receptor 5"
"D17357_at","INHBA","inhibin subunit beta A"
"D17391_at","COL4A4","collagen type IV alpha 4 chain"
"D17400_at","PTS","6-pyruvoyltetrahydropterin synthase"
"D17408_s_at","CNN1","calponin 1"
"D17461_at",NA,NA
"D17516_at","ADCYAP1R1","ADCYAP receptor type I"
"D17525_at","MASP1","MBL associated serine protease 1"
"D17532_at","DDX6","DEAD-box helicase 6"
"D17547_at","DCT","dopachrome tautomerase"
"D17570_s_at","ZPBP","zona pellucida binding protein"
"D17793_at","AKR1C3","aldo-keto reductase family 1 member C3"
"D21063_at","MCM2","minichromosome maintenance complex component 2"
"D21090_at","RAD23B","RAD23 nucleotide excision repair protein B"
"D21163_at","EFTUD2","elongation factor Tu GTP binding domain containing 2"
"D21239_at","RAPGEF1","Rap guanine nucleotide exchange factor 1"
"D21241_xpt1_s_at","CYP19A1","cytochrome P450 family 19 subfamily A member 1"
"D21260_at","CLTC","clathrin heavy chain"
"D21262_at","NOLC1","nucleolar and coiled-body phosphoprotein 1"
"D21267_at","SNAP25","synaptosome associated protein 25"
"D21337_at","COL4A6","collagen type IV alpha 6 chain"
"D21851_at","LARS2","leucyl-tRNA synthetase 2, mitochondrial"
"D21852_at","R3HDM1","R3H domain containing 1"
"D21878_at","BST1","bone marrow stromal cell antigen 1"
"D25215_at","HERC3/PIGY-DT","HECT and RLD domain containing E3 ubiquitin protein ligase 3/PIGY divergent transcript"
"D25217_at","MLC1","modulator of VRAC current 1"
"D25274_at","RAC1","Rac family small GTPase 1"
"D25303_at","ITGA9","integrin subunit alpha 9"
"D25304_at","ARHGEF6","Rac/Cdc42 guanine nucleotide exchange factor 6"
"D25328_at","PFKP","phosphofructokinase, platelet"
"D25538_at","ADCY7","adenylate cyclase 7"
"D25539_at","KIAA0040","KIAA0040"
"D26067_at","TMEM41B","transmembrane protein 41B"
"D26070_at","ITPR1","inositol 1,4,5-trisphosphate receptor type 1"
"D26129_at","RNASE1","ribonuclease A family member 1, pancreatic"
"D26155_s_at","SMARCA2","SWI/SNF related BAF chromatin remodeling complex subunit ATPase 2"
"D26156_s_at","SMARCA4","SWI/SNF related BAF chromatin remodeling complex subunit ATPase 4"
"D26308_at","BLVRB","biliverdin reductase B"
"D26350_at","ITPR2","inositol 1,4,5-trisphosphate receptor type 2"
"D26361_at","KIF14","kinesin family member 14"
"D26561_cds1_at",NA,NA
"D26561_cds2_at",NA,NA
"D26579_at","ADAM8","ADAM metallopeptidase domain 8"
"D28118_at","VEZF1","vascular endothelial zinc finger 1"
"D28137_at","BST2","bone marrow stromal cell antigen 2"
"D28235_s_at","PTGS2","prostaglandin-endoperoxide synthase 2"
"D28364_at","ANXA2","annexin A2"
"D28383_at","ATP5PB","ATP synthase peripheral stalk-membrane subunit b"
"D28423_at","SRSF3","serine and arginine rich splicing factor 3"
"D28473_s_at","IARS1","isoleucyl-tRNA synthetase 1"
"D28476_at","TRIP12","thyroid hormone receptor interactor 12"
"D28539_s_at","GRM5","glutamate metabotropic receptor 5"
"D28589_at","DANCR","differentiation antagonizing non-protein coding RNA"
"D28791_at","PIGA","phosphatidylinositol glycan anchor biosynthesis class A"
"D28915_at","IFI44","interferon induced protein 44"
"D29640_s_at","IQGAP1","IQ motif containing GTPase activating protein 1"
"D29641_at","MTREX","Mtr4 exosome RNA helicase"
"D29642_at","ARHGAP25","Rho GTPase activating protein 25"
"D29643_at","DDOST","dolichyl-diphosphooligosaccharide--protein glycosyltransferase non-catalytic subunit"
"D29675_at","NOS2","nitric oxide synthase 2"
"D29677_at","HELZ","helicase with zinc finger"
"D29805_at","B4GALT1","beta-1,4-galactosyltransferase 1"
"D29810_at","DCBLD2","discoidin, CUB and LCCL domain containing 2"
"D29956_at","USP8","ubiquitin specific peptidase 8"
"D29958_at","EXOSC7","exosome component 7"
"D29992_at","TFPI2","tissue factor pathway inhibitor 2"
"D30037_at","PITPNB","phosphatidylinositol transfer protein beta"
"D30655_at","EIF4A2","eukaryotic translation initiation factor 4A2"
"D30715_xpt5_s_at","REG3A","regenerating family member 3 alpha"
"D30742_at","CAMK4","calcium/calmodulin dependent protein kinase IV"
"D30755_at","TNIP1","TNFAIP3 interacting protein 1"
"D30756_at","NBR1","NBR1 autophagy cargo receptor"
"D31628_s_at","HPD","4-hydroxyphenylpyruvate dioxygenase"
"D31716_at","KLF9","KLF transcription factor 9"
"D31762_at","TRAM2","translocation associated membrane protein 2"
"D31763_at","ZNF33A","zinc finger protein 33A"
"D31764_at","SNX17","sorting nexin 17"
"D31815_at","RGN","regucalcin"
"D31833_s_at","AVPR1B","arginine vasopressin receptor 1B"
"D31840_s_at","ATN1","atrophin 1"
"D31883_at","ABLIM1","actin binding LIM protein 1"
"D31885_at","ARL6IP1","ARL6 interacting reticulophagy regulator 1"
"D31886_at","RAB3GAP1","RAB3 GTPase activating protein catalytic subunit 1"
"D31887_at","SLC39A14","solute carrier family 39 member 14"
"D31888_at","RCOR1","REST corepressor 1"
"D31889_at","PSMD5","proteasome 26S subunit, non-ATPase 5"
"D31897_at","DOC2A","double C2 domain alpha"
"D32002_s_at","NCBP1","nuclear cap binding protein subunit 1"
"D32050_at","AARS1","alanyl-tRNA synthetase 1"
"D32202_at","ADRA1A","adrenoceptor alpha 1A"
"D37781_s_at","PTPRJ","protein tyrosine phosphatase receptor type J"
"D37984_s_at","RECQL","RecQ like helicase"
"D38024_at","DBET","D4Z4 binding element transcript"
"D38037_at","FKBP1B","FKBP prolyl isomerase 1B"
"D38073_at","MCM3","minichromosome maintenance complex component 3"
"D38081_at","TBXA2R","thromboxane A2 receptor"
"D38122_at","FASLG","Fas ligand"
"D38128_at","PTGIR","prostaglandin I2 receptor"
"D38163_s_at","COL19A1","collagen type XIX alpha 1 chain"
"D38251_s_at","POLR2E","RNA polymerase II, I and III subunit E"
"D38293_at","AP3M2","adaptor related protein complex 3 subunit mu 2"
"D38305_at","TOB1","transducer of ERBB2, 1"
"D38449_at","GPR176","G protein-coupled receptor 176"
"D38462_at",NA,NA
"D38491_at","RBM34/ARID4B","RNA binding motif protein 34/AT-rich interaction domain 4B"
"D38496_s_at","LZTR1","leucine zipper like post translational regulator 1"
"D38498_f_at","PMS2P3","PMS1 homolog 2, mismatch repair system component pseudogene 3"
"D38500_at","PMS2P4","PMS1 homolog 2, mismatch repair system component pseudogene 4"
"D38502_at","PMS2P5","PMS1 homolog 2, mismatch repair system component pseudogene 5"
"D38503_at","GABRA2","gamma-aminobutyric acid type A receptor subunit alpha2"
"D38521_at","PSME4","proteasome activator subunit 4"
"D38522_at","SYT11/SEPTIN11","synaptotagmin 11/septin 11"
"D38524_at","NT5C2","5'-nucleotidase, cytosolic II"
"D38537_s_at","PPOX","protoporphyrinogen oxidase"
"D38549_at","CYFIP1","cytoplasmic FMR1 interacting protein 1"
"D38550_at","E2F3","E2F transcription factor 3"
"D38551_at","RAD21","RAD21 cohesin complex component"
"D38552_at","PPWD1","peptidylprolyl isomerase domain and WD repeat containing 1"
"D38555_at","SEC24C","SEC24 homolog C, COPII component"
"D38583_at","S100A11","S100 calcium binding protein A11"
"D38751_at","KIF22","kinesin family member 22"
"D42038_at","KIAA0087","KIAA0087 lncRNA"
"D42039_at","MESD","mesoderm development LRP chaperone"
"D42040_s_at","BRD2","bromodomain containing 2"
"D42043_at","RFTN1","raftlin, lipid raft linker 1"
"D42044_at","EMC1","ER membrane protein complex subunit 1"
"D42045_at","DCLRE1A","DNA cross-link repair 1A"
"D42053_at","MBTPS1","membrane bound transcription factor peptidase, site 1"
"D42054_at","CEP57","centrosomal protein 57"
"D42055_at","NEDD4","NEDD4 E3 ubiquitin protein ligase"
"D42063_at","RANBP2","RAN binding protein 2"
"D42072_at","NF1","neurofibromin 1"
"D42073_at","RCN1","reticulocalbin 1"
"D42084_at","METAP1","methionyl aminopeptidase 1"
"D42087_at","RAB21","RAB21, member RAS oncogene family"
"D42108_at","PLCL1","phospholipase C like 1 (inactive)"
"D42138_at","PIGB","phosphatidylinositol glycan anchor biosynthesis class B"
"D43636_at","SNRK","SNF related kinase"
"D43638_at","RUNX1T1","RUNX1 partner transcriptional co-repressor 1"
"D43767_at","CCL17","C-C motif chemokine ligand 17"
"D43768_at","XCL1","X-C motif chemokine ligand 1"
"D43772_at","GRB7","growth factor receptor bound protein 7"
"D43947_at","BLTP2","bridge-like lipid transfer protein family member 2"
"D43948_at","CKAP5","cytoskeleton associated protein 5"
"D43950_at","CCT5","chaperonin containing TCP1 subunit 5"
"D43951_at","PUM1","pumilio RNA binding family member 1"
"D43968_at","RUNX1/LOC100506403","RUNX family transcription factor 1/uncharacterized LOC100506403"
"D44466_at","PSMD1","proteasome 26S subunit, non-ATPase 1"
"D45132_at","PRDM2","PR/SET domain 2"
"D45248_at","PSME2","proteasome activator subunit 2"
"D45370_at","ADIRF","adipogenesis regulatory factor"
"D45399_at","PDE6H","phosphodiesterase 6H"
"D45906_at","LIMK2","LIM domain kinase 2"
"D45917_s_at","TIMP3","TIMP metallopeptidase inhibitor 3"
"D49354_s_at","PPFIA1","PPFI scaffold protein A1"
"D49357_at","MAT1A","methionine adenosyltransferase 1A"
"D49372_s_at","CCL11","C-C motif chemokine ligand 11"
"D49387_at","PTGR1","prostaglandin reductase 1"
"D49394_at","HTR3A","5-hydroxytryptamine receptor 3A"
"D49396_at","PRDX3","peroxiredoxin 3"
"D49410_at","IL3RA","interleukin 3 receptor subunit alpha"
"D49488_at","TTPA","alpha tocopherol transfer protein"
"D49489_at","PDIA6","protein disulfide isomerase family A member 6"
"D49490_at","PDIA5","protein disulfide isomerase family A member 5"
"D49493_at","GDF10","growth differentiation factor 10"
"D49728_at","NR4A1","nuclear receptor subfamily 4 group A member 1"
"D49817_at","PFKFB3","6-phosphofructo-2-kinase/fructose-2,6-biphosphatase 3"
"D49818_at","PFKFB4","6-phosphofructo-2-kinase/fructose-2,6-biphosphatase 4"
"D49950_at","IL18","interleukin 18"
"D50370_at","NAP1L3","nucleosome assembly protein 1 like 3"
"D50402_at","SLC11A1","solute carrier family 11 member 1"
"D50477_s_at","MMP16","matrix metallopeptidase 16"
"D50487_at","DHX8","DEAH-box helicase 8"
"D50525_at","TUG1","taurine up-regulated 1"
"D50532_at","CLEC10A","C-type lectin domain containing 10A"
"D50550_at","LLGL1","LLGL scribble cell polarity complex component 1"
"D50582_at","KCNJ11","potassium inwardly rectifying channel subfamily J member 11"
"D50640_at","PDE3B","phosphodiesterase 3B"
"D50645_at","SDF2","stromal cell derived factor 2"
"D50663_at","DYNLT1","dynein light chain Tctex-type 1"
"D50678_at","LRP8","LDL receptor related protein 8"
"D50683_at","TGFBR2","transforming growth factor beta receptor 2"
"D50692_at","MYCBP","MYC binding protein"
"D50810_at","LNPEP","leucyl and cystinyl aminopeptidase"
"D50840_at","UGCG","UDP-glucose ceramide glucosyltransferase"
"D50855_s_at","CASR","calcium sensing receptor"
"D50857_at","DOCK1","dedicator of cytokinesis 1"
"D50863_at","TESK1","testis associated actin remodelling kinase 1"
"D50913_at","PMPCA","peptidase, mitochondrial processing subunit alpha"
"D50914_at","BOP1","BOP1 ribosomal biogenesis factor"
"D50915_at","FAM30A","family with sequence similarity 30 member A"
"D50916_at","UBE4A","ubiquitination factor E4A"
"D50917_at","SERTAD2","SERTA domain containing 2"
"D50918_at","SEPTIN6","septin 6"
"D50919_at","TRIM14","tripartite motif containing 14"
"D50920_at","MED24","mediator complex subunit 24"
"D50922_at","KEAP1","kelch like ECH associated protein 1"
"D50923_at","URB2","URB2 ribosome biogenesis homolog"
"D50926_at","MORC3","MORC family CW-type zinc finger 3"
"D50927_at","TLK1","tousled like kinase 1"
"D50928_at","SAFB2","scaffold attachment factor B2"
"D50930_at","FAM53B","family with sequence similarity 53 member B"
"D50931_at","DELE1","DAP3 binding cell death enhancer 1"
"D55638_at",NA,NA
"D55640_at",NA,NA
"D55643_s_at",NA,NA
"D55654_at","MDH1","malate dehydrogenase 1"
"D55696_at","LGMN","legumain"
"D55716_at","MCM7","minichromosome maintenance complex component 7"
"D59253_at","NCBP2","nuclear cap binding protein subunit 2"
"D61380_at","PARK7","Parkinsonism associated deglycase"
"D61391_at","PRPSAP1","phosphoribosyl pyrophosphate synthetase associated protein 1"
"D63135_at","TTYH2","tweety family member 2"
"D63160_at","FCN2","ficolin 2"
"D63390_at","PAFAH1B2","platelet activating factor acetylhydrolase 1b catalytic subunit 2"
"D63391_at","PAFAH1B3","platelet activating factor acetylhydrolase 1b catalytic subunit 3"
"D63412_at","AQP4","aquaporin 4"
"D63475_at","AP2M1","adaptor related protein complex 2 subunit mu 1"
"D63476_at","ARHGEF7","Rho guanine nucleotide exchange factor 7"
"D63477_at","EFR3A","EFR3 homolog A"
"D63479_s_at","DGKD","diacylglycerol kinase delta"
"D63480_at","SPIDR","scaffold protein involved in DNA repair"
"D63482_at","GIT2","GIT ArfGAP 2"
"D63483_at","SCARF1","scavenger receptor class F member 1"
"D63486_at","MLEC","malectin"
"D63487_at","TTLL12","tubulin tyrosine ligase like 12"
"D63506_at","STXBP3","syntaxin binding protein 3"
"D63813_at","CLUL1","clusterin like 1"
"D63861_s_at","PPID","peptidylprolyl isomerase D"
"D63875_at","CTR9","CTR9 component of Paf1/RNA polymerase II complex"
"D63878_at","SEPTIN2","septin 2"
"D63879_at","SART3","spliceosome associated factor 3, U4/U6 recycling protein"
"D63880_at","NCAPD2","non-SMC condensin I complex subunit D2"
"D63881_at","SUZ12","SUZ12 polycomb repressive complex 2 subunit"
"D63882_s_at","DMC1","DNA meiotic recombinase 1"
"D63940_s_at","MXI1","MAX interactor 1, dimerization protein"
"D63998_at","MAN2A1","mannosidase alpha class 2A member 1"
"D64053_at","PTPRR","protein tyrosine phosphatase receptor type R"
"D64108_at","DMC1","DNA meiotic recombinase 1"
"D64109_at","TOB2","transducer of ERBB2, 2"
"D64110_at","BTG3","BTG anti-proliferation factor 3"
"D64142_at","H1-10","H1.10 linker histone"
"D64159_at","CCDC88A","coiled-coil and HOOK domain protein 88A"
"D67029_at","SEC14L1","SEC14 like lipid binding 1"
"D76435_at","ZIC1","Zic family zinc finger 1"
"D76444_at","RNF103","ring finger protein 103"
"D78011_at","DPYS","dihydropyrimidinase"
"D78012_at","CRMP1","collapsin response mediator protein 1"
"D78014_at","DPYSL3","dihydropyrimidinase like 3"
"D78129_at","SQLE","squalene epoxidase"
"D78134_at","CIRBP","cold inducible RNA binding protein"
"D78156_at","RASA2","RAS p21 protein activator 2"
"D78261_at","IRF4","interferon regulatory factor 4"
"D78275_at","PSMC6","proteasome 26S subunit, ATPase 6"
"D78333_at","CCT6B","chaperonin containing TCP1 subunit 6B"
"D78334_at","ANKRD7","ankyrin repeat domain 7"
"D78335_at","UCK2","uridine-cytidine kinase 2"
"D78586_at","CAD","carbamoyl-phosphate synthetase 2, aspartate transcarbamylase, and dihydroorotase"
"D78611_at","MEST","mesoderm specific transcript"
"D79206_s_at","SDC4","syndecan 4"
"D79983_at","RNF144A","ring finger protein 144A"
"D79984_s_at","SUPT6H","SPT6 homolog, histone chaperone and transcription elongation factor"
"D79987_at","ESPL1","extra spindle pole bodies like 1, separase"
"D79988_at","KNTC1","kinetochore associated 1"
"D79989_at","AGAP2","ArfGAP with GTPase domain, ankyrin repeat and PH domain 2"
"D79990_at","RASSF2","Ras association domain family member 2"
"D79993_at","CLINT1","clathrin interactor 1"
"D79994_at","KANK1","KN motif and ankyrin repeat domains 1"
"D79995_at","TTLL4","tubulin tyrosine ligase like 4"
"D79996_at","IST1","IST1 factor associated with ESCRT-III"
"D79997_at","MELK","maternal embryonic leucine zipper kinase"
"D80000_at","SMC1A","structural maintenance of chromosomes 1A"
"D80001_at","RRP1B","ribosomal RNA processing 1B"
"D80003_at","NCOA6","nuclear receptor coactivator 6"
"D80004_at","GSE1","Gse1 coiled-coil protein"
"D80005_at","FAM120A","family with sequence similarity 120 member A"
"D80006_at","MOB1A","MOB kinase activator 1A"
"D80007_at","PDCD11","programmed cell death 11"
"D80008_at","GINS1","GINS complex subunit 1"
"D80009_at","BMS1","BMS1 ribosome biogenesis factor"
"D80010_at","LPIN1","lipin 1"
"D80012_at","USP10","ubiquitin specific peptidase 10"
"D82060_at","SLC39A7","solute carrier family 39 member 7"
"D82061_at","HSD17B8","hydroxysteroid 17-beta dehydrogenase 8"
"D82326_at",NA,NA
"D82343_at","OLFM1","olfactomedin 1"
"D82344_at","PHOX2B","paired like homeobox 2B"
"D82345_at","TMSB15A","thymosin beta 15A"
"D82346_at","KCNQ2","potassium voltage-gated channel subfamily Q member 2"
"D82347_at","NEUROD1","neuronal differentiation 1"
"D82348_at","ATIC","5-aminoimidazole-4-carboxamide ribonucleotide formyltransferase/IMP cyclohydrolase"
"D83017_s_at","NELL1","neural EGFL like 1"
"D83032_at","ZNF638","zinc finger protein 638"
"D83260_s_at","FAM50A","family with sequence similarity 50 member A"
"D83407_at","RCAN2","regulator of calcineurin 2"
"D83597_at","CD180","CD180 molecule"
"D83657_at","S100A12","S100 calcium binding protein A12"
"D83699_at","HRK","harakiri, BCL2 interacting protein"
"D83702_at","CRY1","cryptochrome circadian regulator 1"
"D83703_at","PEX6","peroxisomal biogenesis factor 6"
"D83735_at","CNN2","calponin 2"
"D83767_at","UBXN8","UBX domain protein 8"
"D83776_at","TUT4","terminal uridylyl transferase 4"
"D83777_at","SCRN1","secernin 1"
"D83780_at","WASHC5","WASH complex subunit 5"
"D83782_at","SCAP","SREBF chaperone"
"D83783_at","MED12","mediator complex subunit 12"
"D83784_at","PLAGL2","PLAG1 like zinc finger 2"
"D83785_at","MAML1","mastermind like transcriptional coactivator 1"
"D83920_at","FCN1","ficolin 1"
"D84145_at","DCTN6","dynactin subunit 6"
"D84239_at","FCGBP","Fc gamma binding protein"
"D84276_at","CD38","CD38 molecule"
"D84294_at","TTC3","tetratricopeptide repeat domain 3"
"D84361_at","SHC3","SHC adaptor protein 3"
"D84424_at","HAS1","hyaluronan synthase 1"
"D84454_at","SLC35A2","solute carrier family 35 member A2"
"D85131_s_at","MAZ","MYC associated zinc finger protein"
"D85181_at","SC5D","sterol-C5-desaturase"
"D85418_at","PIGC","phosphatidylinositol glycan anchor biosynthesis class C"
"D85423_at","CDC5L","cell division cycle 5 like"
"D85425_s_at","NFYC","nuclear transcription factor Y subunit gamma"
"D85429_at","DNAJB1","DnaJ heat shock protein family (Hsp40) member B1"
"D85433_at","COMMD1","copper metabolism domain containing 1"
"D85758_at","ERH","ERH mRNA splicing and mitosis factor"
"D85759_s_at","DYRK1A","dual specificity tyrosine phosphorylation regulated kinase 1A"
"D85815_at","RHOD","ras homolog family member D"
"D86043_s_at","SIRPA","signal regulatory protein alpha"
"D86062_s_at","LOC102724023/GATD3","glutamine amidotransferase class 1 domain containing 3B/glutamine amidotransferase class 1 domain containing 3"
"D86096_cds1_s_at","PTGER3","prostaglandin E receptor 3"
"D86096_cds3_at","PTGER3","prostaglandin E receptor 3"
"D86096_cds6_at","PTGER3","prostaglandin E receptor 3"
"D86331_s_at","MMP15","matrix metallopeptidase 15"
"D86425_at","NID2","nidogen 2"
"D86479_at","AEBP1","AE binding protein 1"
"D86549_at","CFDP1","craniofacial development protein 1"
"D86550_at","DYRK1A","dual specificity tyrosine phosphorylation regulated kinase 1A"
"D86640_at","STAC","SH3 and cysteine rich domain"
"D86956_at","HSPH1","heat shock protein family H (Hsp110) member 1"
"D86958_at","RB1CC1","RB1 inducible coiled-coil 1"
"D86959_at","SLK","STE20 like kinase"
"D86960_at","LPGAT1","lysophosphatidylglycerol acyltransferase 1"
"D86961_at","LHFPL2","LHFPL tetraspan subfamily member 2"
"D86964_at","DOCK2","dedicator of cytokinesis 2"
"D86967_at","EDEM1","ER degradation enhancing alpha-mannosidase like protein 1"
"D86968_at","MAP3K4","mitogen-activated protein kinase kinase kinase 4"
"D86969_at","JADE3","jade family PHD finger 3"
"D86970_at","MYO18A","myosin XVIIIA"
"D86971_at","LARP4B","La ribonucleoprotein 4B"
"D86973_at","GCN1","GCN1 activator of EIF2AK4"
"D86975_at","ZNF516","zinc finger protein 516"
"D86976_at","ARHGAP45","Rho GTPase activating protein 45"
"D86978_at","NUP205","nucleoporin 205"
"D86980_at","TTC9","tetratricopeptide repeat domain 9"
"D86981_at","APPBP2","amyloid beta precursor protein binding protein 2"
"D86983_at","PXDN","peroxidasin"
"D86985_at","KIAA0232","KIAA0232"
"D87002_cds2_at","POM121L1P","POM121 transmembrane nucleoporin like 1, pseudogene"
"D87009_cds3_at","ZNF280B","zinc finger protein 280B"
"D87071_at","PIEZO1","piezo type mechanosensitive ion channel component 1 (Er blood group)"
"D87074_at","RIMS3","regulating synaptic membrane exocytosis 3"
"D87075_at","SLC23A2","solute carrier family 23 member 2"
"D87076_at","JADE2","jade family PHD finger 2"
"D87077_at","BICRAL","BICRA like chromatin remodeling complex associated protein"
"D87078_at","PUM2","pumilio RNA binding family member 2"
"D87116_at","MAP2K3","mitogen-activated protein kinase kinase 3"
"D87119_at","TRIB2","tribbles pseudokinase 2"
"D87120_at","FAM3C","FAM3 metabolism regulating signaling molecule C"
"D87127_at","SEC62","SEC62 preprotein translocation factor"
"D87292_at","TST","thiosulfate sulfurtransferase"
"D87328_at","HLCS","holocarboxylase synthetase"
"D87433_at","STAB1","stabilin 1"
"D87434_at","SUSD6","sushi domain containing 6"
"D87436_at","LPIN2","lipin 2"
"D87438_at","PDXDC1","pyridoxal dependent decarboxylase domain containing 1"
"D87443_at","SNX19","sorting nexin 19"
"D87444_at","TM9SF4","transmembrane 9 superfamily member 4"
"D87446_at","TMEM131","transmembrane protein 131"
"D87447_at","RGP1","RGP1 partner of RAB6A GEF complex"
"D87448_at","TOPBP1","DNA topoisomerase II binding protein 1"
"D87449_at","SLC35D1","solute carrier family 35 member D1"
"D87450_at","WAPL","WAPL cohesin release factor"
"D87452_at","IP6K1","inositol hexakisphosphate kinase 1"
"D87453_at","MRPS27","mitochondrial ribosomal protein S27"
"D87455_at","UTP14C","UTP14C small subunit processome component"
"D87458_at","TRIM9","tripartite motif containing 9"
"D87459_at","WASF1","WASP family member 1"
"D87461_at","BCL2L2","BCL2 like 2"
"D87463_at","PHYHIP","phytanoyl-CoA 2-hydroxylase interacting protein"
"D87464_at","FIG4","FIG4 phosphoinositide 5-phosphatase"
"D87465_at","SPOCK2","SPARC (osteonectin), cwcv and kazal like domains proteoglycan 2"
"D87468_at","ARC","activity regulated cytoskeleton associated protein"
"D87469_at","CELSR2","cadherin EGF LAG seven-pass G-type receptor 2"
"D87470_at","FAM168A","family with sequence similarity 168 member A"
"D87683_at","TSC1","TSC complex subunit 1"
"D87684_at","UBXN4","UBX domain protein 4"
"D87685_at","PHF3","PHD finger protein 3"
"D87716_s_at","WDR43","WD repeat domain 43"
"D87742_at","MIA3","MIA SH3 domain ER export factor 3"
"D87743_at","SLC9A6","solute carrier family 9 member A6"
"D87937_at","FUT1","fucosyltransferase 1 (H blood group)"
"D87969_at","SLC35A1","solute carrier family 35 member A1"
"D88146_at","SLC35A2","solute carrier family 35 member A2"
"D88152_at","SLC33A1","solute carrier family 33 member 1"
"D88155_s_at","NR5A1","nuclear receptor subfamily 5 group A member 1"
"D88270_at","VPREB1","V-set pre-B cell surrogate light chain 1"
"D88422_at","CSTA","cystatin A"
"D88795_at","PCDHB11","protocadherin beta 11"
"D88797_at","PCDHB17P","protocadherin beta 17 pseudogene"
"D88799_at","PCDHGB7","protocadherin gamma subfamily B, 7"
"D89050_at","OLR1","oxidized low density lipoprotein receptor 1"
"D89052_at","ATP6V0B","ATPase H+ transporting V0 subunit b"
"D89077_at","SLA","Src like adaptor"
"D89289_at","FUT8","fucosyltransferase 8"
"D89377_s_at","MSX2","msh homeobox 2"
"D89501_at","SMR3A","submaxillary gland androgen regulated protein 3A"
"D89859_at","ZBTB14","zinc finger and BTB domain containing 14"
"D90042_at","NAT2","N-acetyltransferase 2"
"D90070_s_at","PMAIP1","phorbol-12-myristate-13-acetate-induced protein 1"
"D90097_at","AMY2B","amylase alpha 2B"
"D90209_at","ATF4","activating transcription factor 4"
"D90279_s_at","COL5A1","collagen type V alpha 1 chain"
"D90282_at","CPS1","carbamoyl-phosphate synthase 1"
"D90359_at","TAF1","TATA-box binding protein associated factor 1"
"H46990_at","CYP2E1","cytochrome P450 family 2 subfamily E member 1"
"HG1019-HT1019_at",NA,NA
"HG1034-HT1034_f_at",NA,NA
"HG1067-HT1067_r_at",NA,NA
"HG110-HT110_s_at",NA,NA
"HG1102-HT1102_at",NA,NA
"HG1103-HT1103_at",NA,NA
"HG1111-HT1111_at",NA,NA
"HG1139-HT4910_at",NA,NA
"HG1140-HT4817_s_at",NA,NA
"HG1148-HT1148_at",NA,NA
"HG1153-HT1153_at",NA,NA
"HG1205-HT1205_at",NA,NA
"HG1327-HT1327_s_at",NA,NA
"HG1400-HT1400_s_at",NA,NA
"HG142-HT142_at",NA,NA
"HG1437-HT1437_s_at",NA,NA
"HG1496-HT1496_s_at",NA,NA
"HG1595-HT4788_s_at",NA,NA
"HG1604-HT1604_at",NA,NA
"HG1612-HT1612_at",NA,NA
"HG1614-HT1614_at",NA,NA
"HG162-HT3165_at",NA,NA
"HG167-HT167_s_at",NA,NA
"HG1686-HT4572_s_at",NA,NA
"HG1699-HT1704_s_at",NA,NA
"HG1728-HT1734_at",NA,NA
"HG1733-HT1748_at",NA,NA
"HG174-HT174_at",NA,NA
"HG1761-HT1778_s_at",NA,NA
"HG1763-HT1780_s_at",NA,NA
"HG1783-HT1803_s_at",NA,NA
"HG180-HT180_at",NA,NA
"HG1827-HT1856_s_at",NA,NA
"HG1862-HT1897_at",NA,NA
"HG1869-HT1904_at",NA,NA
"HG1872-HT1907_at",NA,NA
"HG1877-HT1917_s_at",NA,NA
"HG1980-HT2023_at",NA,NA
"HG1996-HT2044_at",NA,NA
"HG2007-HT2056_s_at",NA,NA
"HG2036-HT2090_at",NA,NA
"HG2075-HT2137_s_at",NA,NA
"HG2090-HT2152_s_at",NA,NA
"HG2139-HT2208_f_at",NA,NA
"HG2152-HT2222_at",NA,NA
"HG2157-HT2227_at",NA,NA
"HG2160-HT2230_at",NA,NA
"HG2161-HT2231_at",NA,NA
"HG2167-HT2237_at",NA,NA
"HG2175-HT2245_s_at",NA,NA
"HG2188-HT2258_at",NA,NA
"HG2191-HT2261_at",NA,NA
"HG2239-HT2324_at",NA,NA
"HG2239-HT2324_r_at",NA,NA
"HG2247-HT2332_at",NA,NA
"HG2255-HT2344_f_at",NA,NA
"HG2259-HT2348_s_at",NA,NA
"HG2260-HT2349_s_at",NA,NA
"HG2261-HT2351_s_at",NA,NA
"HG2261-HT2352_at",NA,NA
"HG2264-HT2360_at",NA,NA
"HG2274-HT2370_at",NA,NA
"HG2279-HT2375_at",NA,NA
"HG2309-HT2405_at",NA,NA
"HG2339-HT2435_at",NA,NA
"HG2348-HT2444_s_at",NA,NA
"HG2358-HT4858_s_at",NA,NA
"HG2365-HT2461_at",NA,NA
"HG2367-HT2463_s_at",NA,NA
"HG2379-HT3997_s_at",NA,NA
"HG2380-HT2476_s_at",NA,NA
"HG2383-HT4824_s_at",NA,NA
"HG2416-HT2512_at",NA,NA
"HG2441-HT2537_s_at",NA,NA
"HG2442-HT2538_at",NA,NA
"HG2463-HT2559_at",NA,NA
"HG2479-HT2575_at",NA,NA
"HG2479-HT2575_s_at",NA,NA
"HG2492-HT2588_at",NA,NA
"HG2507-HT2603_at",NA,NA
"HG2510-HT2606_at",NA,NA
"HG2530-HT2626_at",NA,NA
"HG2538-HT2634_at",NA,NA
"HG2562-HT2658_s_at",NA,NA
"HG2564-HT2660_s_at",NA,NA
"HG2573-HT2669_at",NA,NA
"HG2591-HT2687_s_at",NA,NA
"HG25930-HT26386_at",NA,NA
"HG2602-HT2698_at",NA,NA
"HG2604-HT2700_at",NA,NA
"HG2639-HT2735_s_at",NA,NA
"HG2662-HT2758_at",NA,NA
"HG2663-HT2759_at",NA,NA
"HG2686-HT2782_at",NA,NA
"HG2689-HT2785_at",NA,NA
"HG2706-HT2802_at",NA,NA
"HG2707-HT2803_at",NA,NA
"HG2709-HT2805_at",NA,NA
"HG2723-HT2819_at",NA,NA
"HG2724-HT2820_at",NA,NA
"HG273-HT273_at",NA,NA
"HG2730-HT2827_s_at",NA,NA
"HG2730-HT2828_s_at",NA,NA
"HG274-HT274_s_at",NA,NA
"HG2743-HT2845_at",NA,NA
"HG2743-HT2846_s_at",NA,NA
"HG2743-HT3926_s_at",NA,NA
"HG2788-HT2896_at",NA,NA
"HG2796-HT2904_at",NA,NA
"HG2797-HT2906_s_at",NA,NA
"HG2810-HT2921_at",NA,NA
"HG2815-HT2931_s_at",NA,NA
"HG2825-HT2949_at",NA,NA
"HG2841-HT2969_s_at",NA,NA
"HG2841-HT2970_at",NA,NA
"HG2846-HT2983_at",NA,NA
"HG2850-HT4814_s_at",NA,NA
"HG2855-HT2995_at",NA,NA
"HG2887-HT3031_r_at",NA,NA
"HG2915-HT3059_f_at",NA,NA
"HG2917-HT3061_f_at",NA,NA
"HG2936-HT3080_at",NA,NA
"HG2981-HT3125_s_at",NA,NA
"HG2981-HT3127_s_at",NA,NA
"HG2981-HT3938_s_at",NA,NA
"HG2987-HT3136_s_at",NA,NA
"HG2992-HT5186_at",NA,NA
"HG2994-HT4850_s_at",NA,NA
"HG2999-HT4756_s_at",NA,NA
"HG3033-HT3194_at",NA,NA
"HG3033-HT3194_r_at",NA,NA
"HG3044-HT3742_s_at",NA,NA
"HG3075-HT3236_s_at",NA,NA
"HG3085-HT3254_s_at",NA,NA
"HG3088-HT3263_at",NA,NA
"HG3105-HT3281_s_at",NA,NA
"HG3111-HT3287_at",NA,NA
"HG3115-HT3291_at",NA,NA
"HG3117-HT3293_at",NA,NA
"HG3123-HT3299_at",NA,NA
"HG3125-HT3301_s_at",NA,NA
"HG3132-HT3308_at",NA,NA
"HG3137-HT3313_at",NA,NA
"HG3141-HT3317_f_at",NA,NA
"HG3148-HT3324_s_at",NA,NA
"HG315-HT315_at",NA,NA
"HG3175-HT3352_at",NA,NA
"HG3187-HT3366_s_at",NA,NA
"HG3227-HT3404_at",NA,NA
"HG3231-HT3408_at",NA,NA
"HG3236-HT3413_f_at",NA,NA
"HG3238-HT4861_s_at",NA,NA
"HG3242-HT3419_s_at",NA,NA
"HG3242-HT4231_s_at",NA,NA
"HG3248-HT3425_at",NA,NA
"HG3264-HT3441_at",NA,NA
"HG3286-HT3463_at",NA,NA
"HG3288-HT3465_at",NA,NA
"HG3313-HT3490_at",NA,NA
"HG3342-HT3519_s_at",NA,NA
"HG3344-HT3521_at",NA,NA
"HG3345-HT3522_at",NA,NA
"HG3362-HT3539_s_at",NA,NA
"HG3369-HT3546_at",NA,NA
"HG3395-HT3573_s_at",NA,NA
"HG3405-HT3586_at",NA,NA
"HG3412-HT3593_s_at",NA,NA
"HG3415-HT3598_at",NA,NA
"HG3417-HT3600_s_at",NA,NA
"HG3426-HT3610_s_at",NA,NA
"HG3432-HT3618_at",NA,NA
"HG3432-HT3621_at",NA,NA
"HG3484-HT3678_s_at",NA,NA
"HG3491-HT3685_at",NA,NA
"HG3494-HT3688_at",NA,NA
"HG3495-HT3689_at",NA,NA
"HG3502-HT3696_at",NA,NA
"HG3510-HT3704_at",NA,NA
"HG3513-HT3707_at",NA,NA
"HG3517-HT3711_at",NA,NA
"HG3521-HT3715_at",NA,NA
"HG3523-HT4899_s_at",NA,NA
"HG3543-HT3739_at",NA,NA
"HG3546-HT3744_s_at",NA,NA
"HG3548-HT3749_at",NA,NA
"HG3565-HT3768_r_at",NA,NA
"HG3570-HT3773_at",NA,NA
"HG3576-HT3779_f_at",NA,NA
"HG3627-HT3836_at",NA,NA
"HG363-HT363_at",NA,NA
"HG3635-HT3845_f_at",NA,NA
"HG3638-HT3849_s_at",NA,NA
"HG3638-HT3993_s_at",NA,NA
"HG37-HT37_at",NA,NA
"HG3703-HT3915_s_at",NA,NA
"HG371-HT1063_s_at",NA,NA
"HG3729-HT3999_f_at",NA,NA
"HG3730-HT4000_s_at",NA,NA
"HG3731-HT4001_at",NA,NA
"HG3731-HT4001_r_at",NA,NA
"HG3733-HT4003_at",NA,NA
"HG3740-HT4010_at",NA,NA
"HG3748-HT4018_at",NA,NA
"HG3790-HT4060_at",NA,NA
"HG3859-HT4129_at",NA,NA
"HG3872-HT4142_at",NA,NA
"HG3884-HT4154_at",NA,NA
"HG3893-HT4163_at",NA,NA
"HG3897-HT4167_at",NA,NA
"HG3914-HT4184_s_at",NA,NA
"HG3925-HT4195_at",NA,NA
"HG3928-HT4198_at",NA,NA
"HG3930-HT4200_at",NA,NA
"HG3934-HT4204_at",NA,NA
"HG3942-HT4212_at",NA,NA
"HG3945-HT4215_at",NA,NA
"HG3976-HT4246_at",NA,NA
"HG3985-HT4255_at",NA,NA
"HG3987-HT4257_at",NA,NA
"HG3989-HT4259_at",NA,NA
"HG3991-HT4261_at",NA,NA
"HG3992-HT4262_at",NA,NA
"HG3998-HT4268_at",NA,NA
"HG4018-HT4288_at",NA,NA
"HG4027-HT4297_f_at",NA,NA
"HG4052-HT4322_at",NA,NA
"HG4058-HT4328_at",NA,NA
"HG4063-HT4333_s_at",NA,NA
"HG4068-HT4338_at",NA,NA
"HG4074-HT4344_at",NA,NA
"HG4094-HT4364_s_at",NA,NA
"HG4109-HT4379_at",NA,NA
"HG4115-HT4385_at",NA,NA
"HG4116-HT4386_s_at",NA,NA
"HG4120-HT4392_s_at",NA,NA
"HG4126-HT4396_at",NA,NA
"HG4128-HT4398_at",NA,NA
"HG4144-HT4414_at",NA,NA
"HG415-HT415_at",NA,NA
"HG4155-HT4425_s_at",NA,NA
"HG4165-HT4435_at",NA,NA
"HG417-HT417_s_at",NA,NA
"HG4178-HT4448_at",NA,NA
"HG4194-HT4464_at",NA,NA
"HG4234-HT4504_at",NA,NA
"HG4236-HT4506_f_at",NA,NA
"HG4243-HT4513_at",NA,NA
"HG4245-HT4515_at",NA,NA
"HG4258-HT4528_at",NA,NA
"HG429-HT429_at",NA,NA
"HG4297-HT4567_at",NA,NA
"HG4310-HT4580_at",NA,NA
"HG4312-HT4582_s_at",NA,NA
"HG4322-HT4592_at",NA,NA
"HG4333-HT4603_at",NA,NA
"HG4334-HT4604_s_at",NA,NA
"HG4340-HT4610_at",NA,NA
"HG4390-HT4660_at",NA,NA
"HG4417-HT4687_f_at",NA,NA
"HG4433-HT4703_at",NA,NA
"HG4458-HT4727_at",NA,NA
"HG4460-HT4729_at",NA,NA
"HG4462-HT4731_at",NA,NA
"HG4480-HT4833_at",NA,NA
"HG4490-HT4876_f_at",NA,NA
"HG4517-HT4920_s_at",NA,NA
"HG4518-HT4921_at",NA,NA
"HG4557-HT4962_at",NA,NA
"HG4557-HT4962_r_at",NA,NA
"HG458-HT458_f_at",NA,NA
"HG4582-HT4987_at",NA,NA
"HG4593-HT4998_at",NA,NA
"HG4638-HT5050_at",NA,NA
"HG4668-HT5083_s_at",NA,NA
"HG4677-HT5102_s_at",NA,NA
"HG4704-HT5146_at",NA,NA
"HG4716-HT5158_at",NA,NA
"HG4740-HT5187_at",NA,NA
"HG4747-HT5195_at",NA,NA
"HG4749-HT5197_at",NA,NA
"HG4755-HT5203_s_at",NA,NA
"HG4757-HT5207_s_at",NA,NA
"HG491-HT491_at",NA,NA
"HG511-HT511_at",NA,NA
"HG537-HT537_at",NA,NA
"HG620-HT620_at",NA,NA
"HG627-HT5097_s_at",NA,NA
"HG627-HT5098_s_at",NA,NA
"HG64-HT64_at",NA,NA
"HG644-HT644_at",NA,NA
"HG651-HT4201_at",NA,NA
"HG651-HT5209_s_at",NA,NA
"HG668-HT4793_at",NA,NA
"HG67-HT67_f_at",NA,NA
"HG688-HT688_f_at",NA,NA
"HG732-HT732_at",NA,NA
"HG742-HT742_at",NA,NA
"HG759-HT759_s_at",NA,NA
"HG831-HT831_at",NA,NA
"HG855-HT855_s_at",NA,NA
"HG862-HT862_s_at",NA,NA
"HG870-HT870_at",NA,NA
"HG880-HT880_at",NA,NA
"HG880-HT880_s_at",NA,NA
"HG884-HT884_s_at",NA,NA
"HG896-HT896_at",NA,NA
"HG907-HT907_at",NA,NA
"HG909-HT909_at",NA,NA
"HG919-HT919_at",NA,NA
"HG921-HT3995_at",NA,NA
"HG961-HT961_at",NA,NA
"HG987-HT987_at",NA,NA
"HG998-HT998_s_at",NA,NA
"J00116_s_at","COL2A1","collagen type II alpha 1 chain"
"J00123_at","PENK","proenkephalin"
"J00124_at","KRT14","keratin 14"
"J00139_s_at","DHFR/DHFRP3","dihydrofolate reductase/dihydrofolate reductase pseudogene 3"
"J00146_at","DHFRP3","dihydrofolate reductase pseudogene 3"
"J00148_cds2_f_at","GH1","growth hormone 1"
"J00207_rna2_at","IFNA2","interferon alpha 2"
"J00209_f_at","IFNA10","interferon alpha 10"
"J00210_rna1_at","IFNA1","interferon alpha 1"
"J00219_s_at","IFNG","interferon gamma"
"J00220_cds4_at","IGHE","immunoglobulin heavy constant epsilon"
"J00220_cds5_at","IGH/IGHA1/IGHA2","immunoglobulin heavy locus/immunoglobulin heavy constant alpha 1/immunoglobulin heavy constant alpha 2 (A2m marker)"
"J00268_s_at","INS","insulin"
"J00277_at","HRAS","HRas proto-oncogene, GTPase"
"J00301_at","PTH","parathyroid hormone"
"J00314_at","TUBB","tubulin beta class I"
"J02621_s_at","HMGN1","high mobility group nucleosome binding domain 1"
"J02645_at","EIF2S1","eukaryotic translation initiation factor 2 subunit alpha"
"J02758_s_at","APOA4","apolipoprotein A4"
"J02783_at","P4HB","prolyl 4-hydroxylase subunit beta"
"J02843_at","CYP2E1","cytochrome P450 family 2 subfamily E member 1"
"J02854_at","MYL9","myosin light chain 9"
"J02871_s_at","CYP4B1","cytochrome P450 family 4 subfamily B member 1"
"J02874_at","FABP4","fatty acid binding protein 4"
"J02883_at","CLPS","colipase"
"J02923_at","LCP1","lymphocyte cytosolic protein 1"
"J02947_s_at","SOD3","superoxide dismutase 3"
"J02960_cds1_s_at","ADRB2","adrenoceptor beta 2"
"J02963_at","ITGA2B","integrin subunit alpha 2b"
"J02973_rna1_at","THBD","thrombomodulin"
"J02982_f_at","GYPB","glycophorin B (MNS blood group)"
"J03027_at","HLA-G","major histocompatibility complex, class I, G"
"J03060_at","GBA1/GBA1LP","glucosylceramidase beta 1/glucosylceramidase beta 1 like, pseudogene"
"J03068_at","TRAK1","trafficking kinesin protein 1"
"J03071_cds3_f_at","CSH1/CSH2/CSHL1","chorionic somatomammotropin hormone 1/chorionic somatomammotropin hormone 2/chorionic somatomammotropin hormone like 1"
"J03077_s_at","PSAP","prosaposin"
"J03171_at","IFNAR1","interferon alpha and beta receptor subunit 1"
"J03242_s_at","IGF2/INS-IGF2","insulin like growth factor 2/INS-IGF2 readthrough"
"J03258_at","VDR","vitamin D receptor"
"J03260_s_at","GNAZ","G protein subunit alpha z"
"J03263_s_at","LAMP1","lysosomal associated membrane protein 1"
"J03473_at","PARP1","poly(ADP-ribose) polymerase 1"
"J03507_at","C7","complement C7"
"J03589_at","UBL4A","ubiquitin like 4A"
"J03600_at","ALOX5","arachidonate 5-lipoxygenase"
"J03626_rna1_s_at","UMPS","uridine monophosphate synthetase"
"J03634_at","INHBA","inhibin subunit beta A"
"J03778_s_at","MAPT","microtubule associated protein tau"
"J03779_at","MME","membrane metalloendopeptidase"
"J03798_at","SNRPD1","small nuclear ribonucleoprotein D1 polypeptide"
"J03801_f_at","LYZ","lysozyme"
"J03805_s_at","PPP2CB","protein phosphatase 2 catalytic subunit beta"
"J03810_at","SLC2A2","solute carrier family 2 member 2"
"J03824_at","UROS","uroporphyrinogen III synthase"
"J03890_rna1_at","SFTPC","surfactant protein C"
"J03909_at","IFI30","IFI30 lysosomal thiol reductase"
"J03910_rna1_at","MT1G","metallothionein 1G"
"J03915_s_at","CHGA","chromogranin A"
"J03925_at","ITGAM","integrin subunit alpha M"
"J03934_s_at","NQO1","NAD(P)H quinone dehydrogenase 1"
"J04027_at","ATP2B1","ATPase plasma membrane Ca2+ transporting 1"
"J04029_s_at","KRT10","keratin 10"
"J04040_at","GCG","glucagon"
"J04056_at","CBR1","carbonyl reductase 1"
"J04058_at","ETFA","electron transfer flavoprotein subunit alpha"
"J04076_at","EGR2","early growth response 2"
"J04080_at","C1S","complement C1s"
"J04088_at","TOP2A","DNA topoisomerase II alpha"
"J04093_s_at","UGT1A6/UGT1A10/UGT1A8/UGT1A7/UGT1A5/UGT1A9/UGT1A4/UGT1A1/UGT1A3","UDP glucuronosyltransferase family 1 member A6/UDP glucuronosyltransferase family 1 member A10/UDP glucuronosyltransferase family 1 member A8/UDP glucuronosyltransferase family 1 member A7/UDP glucuronosyltransferase family 1 member A5/UDP glucuronosyltransferase family 1 member A9/UDP glucuronosyltransferase family 1 member A4/UDP glucuronosyltransferase family 1 member A1/UDP glucuronosyltransferase family 1 member A3"
"J04101_at","ETS1","ETS proto-oncogene 1, transcription factor"
"J04102_at","ETS2","ETS proto-oncogene 2, transcription factor"
"J04111_at","JUN","Jun proto-oncogene, AP-1 transcription factor subunit"
"J04130_s_at","CCL4","C-C motif chemokine ligand 4"
"J04132_at","CD247","CD247 molecule"
"J04152_rna1_s_at","TACSTD2","tumor associated calcium signal transducer 2"
"J04156_at","IL7","interleukin 7"
"J04162_at","FCGR3B","Fc gamma receptor IIIb"
"J04164_at","IFITM1","interferon induced transmembrane protein 1"
"J04173_at","PGAM1","phosphoglycerate mutase 1"
"J04182_at","LAMP1","lysosomal associated membrane protein 1"
"J04430_s_at","ACP5","acid phosphatase 5, tartrate resistant"
"J04449_at","CYP3A4","cytochrome P450 family 3 subfamily A member 4"
"J04456_at","LGALS1","galectin 1"
"J04469_at","CKMT1B/CKMT1A","creatine kinase, mitochondrial 1B/creatine kinase, mitochondrial 1A"
"J04501_at","GYS1","glycogen synthase 1"
"J04513_at","FGF2","fibroblast growth factor 2"
"J04599_at","BGN","biglycan"
"J04605_at","PEPD","peptidase D"
"J04611_at","XRCC6","X-ray repair cross complementing 6"
"J04615_at","SNRPN/SNURF","small nuclear ribonucleoprotein polypeptide N/SNRPN upstream open reading frame"
"J04621_at","SDC2","syndecan 2"
"J04739_at","BPI","bactericidal permeability increasing protein"
"J04742_at","RPEL1","ribulose-5-phosphate-3-epimerase like 1"
"J04760_at","TNNI1","troponin I1, slow skeletal type"
"J04794_at","AKR1A1","aldo-keto reductase family 1 member A1"
"J04810_s_at","MSH3","mutS homolog 3"
"J04948_at","ALPG","alkaline phosphatase, germ cell"
"J04970_at","CPM","carboxypeptidase M"
"J04973_at","UQCRC2","ubiquinol-cytochrome c reductase core protein 2"
"J04982_at","SLC25A4","solute carrier family 25 member 4"
"J04990_at","CTSG","cathepsin G"
"J05008_at","EDN1","endothelin 1"
"J05016_rna1_s_at","MARCHF8","membrane associated ring-CH-type finger 8"
"J05032_at","DARS1","aspartyl-tRNA synthetase 1"
"J05036_s_at","CTSE","cathepsin E"
"J05037_at","SDS","serine dehydratase"
"J05068_at","TCN1","transcobalamin 1"
"J05070_at","MMP9","matrix metallopeptidase 9"
"J05073_at","PGAM2","phosphoglycerate mutase 2"
"J05096_rna1_at","ATP1A2","ATPase Na+/K+ transporting subunit alpha 2"
"J05125_at","PNLIP","pancreatic lipase"
"J05158_at","CPN2","carboxypeptidase N subunit 2"
"J05200_rna1_s_at","RYR1","ryanodine receptor 1"
"J05213_at","IBSP","integrin binding sialoprotein"
"J05243_at","SPTAN1","spectrin alpha, non-erythrocytic 1"
"J05252_s_at","PCSK2","proprotein convertase subtilisin/kexin type 2"
"J05257_at","DPEP1","dipeptidase 1"
"J05401_at","CKMT2","creatine kinase, mitochondrial 2"
"J05428_at","UGT2B7","UDP glucuronosyltransferase family 2 member B7"
"J05448_at","POLR2C","RNA polymerase II subunit C"
"J05459_at","GSTM3","glutathione S-transferase mu 3"
"J05500_at","SPTB","spectrin beta, erythrocytic"
"J05556_at","MMP8","matrix metallopeptidase 8"
"J05582_s_at","MUC1","mucin 1, cell surface associated"
"J05614_at","PCNA","proliferating cell nuclear antigen"
"J05633_at","ITGB5","integrin subunit beta 5"
"J05682_at","ATP6V1C1","ATPase H+ transporting V1 subunit C1"
"K01160_s_at","HLA-DQA1/HLA-DQA2","major histocompatibility complex, class II, DQ alpha 1/major histocompatibility complex, class II, DQ alpha 2"
"K01396_at","SERPINA1","serpin family A member 1"
"K01884_at",NA,NA
"K01911_at","NPY","neuropeptide Y"
"K02054_at","GRP","gastrin releasing peptide"
"K02100_at","OTC","ornithine transcarbamylase"
"K02215_at","AGT","angiotensinogen"
"K02268_at","PDYN","prodynorphin"
"K02402_at","F9","coagulation factor IX"
"K02405_f_at","HLA-DQB1","major histocompatibility complex, class II, DQ beta 1"
"K02545_cds2_at",NA,NA
"K02574_at","PNP","purine nucleoside phosphorylase"
"K02766_at","C9","complement C9"
"K02777_s_at","TRDV2/TRAV20/TRAJ17/TRAC","T cell receptor delta variable 2/T cell receptor alpha variable 20/T cell receptor alpha joining 17/T cell receptor alpha constant"
"K02882_cds1_s_at","IGHD","immunoglobulin heavy constant delta"
"K03008_cds1_at","CRYGC","crystallin gamma C"
"K03021_at","PLAT","plasminogen activator, tissue type"
"K03183_f_at","CGB3/CGB5/CGB7/CGB8/CGB1/CGB2","chorionic gonadotropin subunit beta 3/chorionic gonadotropin subunit beta 5/chorionic gonadotropin subunit beta 7/chorionic gonadotropin subunit beta 8/chorionic gonadotropin subunit beta 1/chorionic gonadotropin subunit beta 2"
"K03189_f_at","CGB3/CGB5/CGB7/CGB8/CGB1/CGB2","chorionic gonadotropin subunit beta 3/chorionic gonadotropin subunit beta 5/chorionic gonadotropin subunit beta 7/chorionic gonadotropin subunit beta 8/chorionic gonadotropin subunit beta 1/chorionic gonadotropin subunit beta 2"
"K03192_f_at","CYP2A6","cytochrome P450 family 2 subfamily A member 6"
"K03195_at","SLC2A1","solute carrier family 2 member 1"
"K03207_f_at","PRB4","proline rich protein BstNI subfamily 4"
"K03218_at","SRC","SRC proto-oncogene, non-receptor tyrosine kinase"
"K03460_at","TUBA3C/TUBA3E/TUBA3D","tubulin alpha 3c/tubulin alpha 3e/tubulin alpha 3d"
"K03474_at","AMH","anti-Mullerian hormone"
"L00022_s_at","IGHE","immunoglobulin heavy constant epsilon"
"L00058_at","MYC","MYC proto-oncogene, bHLH transcription factor"
"L00137_cds1_at","GHRH","growth hormone releasing hormone"
"L00190_s_at","SERPINC1","serpin family C member 1"
"L00205_at","KRT6B","keratin 6B"
"L00352_at","LDLR","low density lipoprotein receptor"
"L00354_at","CCK","cholecystokinin"
"L00389_f_at","CYP1A2","cytochrome P450 family 1 subfamily A member 2"
"L00634_s_at","FNTA","farnesyltransferase, CAAX box, subunit alpha"
"L00972_at","CBS/LOC102724560","cystathionine beta-synthase/cystathionine beta-synthase like"
"L01042_at","TMF1","TATA element modulatory factor 1"
"L01406_at","GHRHR","growth hormone releasing hormone receptor"
"L01664_at","CLC","Charcot-Leyden crystal galectin"
"L02320_at","RDX","radixin"
"L02321_at","GSTM5","glutathione S-transferase mu 5"
"L02326_f_at","GUSBP11","GUSB pseudogene 11"
"L02648_at","TCN2","transcobalamin 2"
"L02785_at","SLC26A3","solute carrier family 26 member 3"
"L02840_at","KCNB1","potassium voltage-gated channel subfamily B member 1"
"L02932_at","PPARA","peroxisome proliferator activated receptor alpha"
"L02950_at","CRYM","crystallin mu"
"L03411_s_at","NELFE","negative elongation factor complex member E"
"L03427_at","BNC1","basonuclin zinc finger protein 1"
"L03840_s_at","FGFR4","fibroblast growth factor receptor 4"
"L04270_at","LTBR","lymphotoxin beta receptor"
"L04282_at","ZNF148","zinc finger protein 148"
"L04490_at","NDUFA9","NADH:ubiquinone oxidoreductase subunit A9"
"L04510_at","TRIM23","tripartite motif containing 23"
"L04569_at","CACNA1C","calcium voltage-gated channel subunit alpha1 C"
"L04656_at","CA8","carbonic anhydrase 8"
"L04731_at","KMT2A","lysine methyltransferase 2A"
"L04733_at","KLC1","kinesin light chain 1"
"L04751_at","CYP4A11/CYP4A22","cytochrome P450 family 4 subfamily A member 11/cytochrome P450 family 4 subfamily A member 22"
"L05072_s_at","IRF1","interferon regulatory factor 1"
"L05147_at","DUSP3","dual specificity phosphatase 3"
"L05148_at","ZAP70","zeta chain of T cell receptor associated protein kinase 70"
"L05424_cds2_at","CD44","CD44 molecule (IN blood group)"
"L05425_at","GNL2","G protein nucleolar 2"
"L05512_at","HTN1","histatin 1"
"L05514_f_at","HTN3","histatin 3"
"L05515_at","CREB5","cAMP responsive element binding protein 5"
"L05568_at","SLC6A4","solute carrier family 6 member 4"
"L05597_at","HTR1F","5-hydroxytryptamine receptor 1F"
"L05624_s_at","MAP2K1","mitogen-activated protein kinase kinase 1"
"L05628_s_at","ABCC1","ATP binding cassette subfamily C member 1 (ABCC1 blood group)"
"L06132_at","VDAC1","voltage dependent anion channel 1"
"L06133_at","ATP7A","ATPase copper transporting alpha"
"L06175_at","HCP5","HLA complex P5"
"L06419_at","PLOD1","procollagen-lysine,2-oxoglutarate 5-dioxygenase 1"
"L06633_at","CYTIP","cytohesin 1 interacting protein"
"L06797_s_at","CXCR4","C-X-C motif chemokine receptor 4"
"L06845_at","CARS1","cysteinyl-tRNA synthetase 1"
"L06895_at","MXD1","MAX dimerization protein 1"
"L07044_at","CAMK2G","calcium/calmodulin dependent protein kinase II gamma"
"L07077_at","EHHADH","enoyl-CoA hydratase and 3-hydroxyacyl CoA dehydrogenase"
"L07261_s_at","ADD1","adducin 1"
"L07493_at","RPA3","replication protein A3"
"L07515_at","CBX5","chromobox 5"
"L07541_at","RFC3","replication factor C subunit 3"
"L07590_at","PPP2R3A","protein phosphatase 2 regulatory subunit B''alpha"
"L07592_at","PPARD","peroxisome proliferator activated receptor delta"
"L07594_at","TGFBR3","transforming growth factor beta receptor 3"
"L07597_at","RPS6KA1","ribosomal protein S6 kinase A1"
"L07615_at","NPY1R","neuropeptide Y receptor Y1"
"L07648_at","MXI1","MAX interactor 1, dimerization protein"
"L07738_at","CACNG1","calcium voltage-gated channel auxiliary subunit gamma 1"
"L07758_at","PWP1","PWP1 homolog, endonuclein"
"L07765_at","CES1/CES1P1","carboxylesterase 1/carboxylesterase 1 pseudogene 1"
"L07807_s_at","DNM1","dynamin 1"
"L07919_at","DLX2","distal-less homeobox 2"
"L07949_at","GNRHR","gonadotropin releasing hormone receptor"
"L07956_at","GBE1","1,4-alpha-glucan branching enzyme 1"
"L08010_at","REG1B","regenerating family member 1 beta"
"L08044_s_at","TFF3","trefoil factor 3"
"L08069_at","DNAJA1","DnaJ heat shock protein family (Hsp40) member A1"
"L08096_s_at","CD70","CD70 molecule"
"L08246_at","MCL1","MCL1 apoptosis regulator, BCL2 family member"
"L08424_at","ASCL1","achaete-scute family bHLH transcription factor 1"
"L08485_at","GABRA5","gamma-aminobutyric acid type A receptor subunit alpha5"
"L08488_at","INPP1","inositol polyphosphate-1-phosphatase"
"L08895_at","MEF2C","myocyte enhancer factor 2C"
"L08904_at","RBPJ","recombination signal binding protein for immunoglobulin kappa J region"
"L09209_s_at","APLP2","amyloid beta precursor like protein 2"
"L09229_s_at","ACSL1","acyl-CoA synthetase long chain family member 1"
"L09230_s_at","CCR1","C-C motif chemokine receptor 1"
"L09234_at",NA,NA
"L09235_at","ATP6V1A","ATPase H+ transporting V1 subunit A"
"L09604_at","PLP2","proteolipid protein 2"
"L09708_at","C2","complement C2"
"L09717_at","LAMP2","lysosomal associated membrane protein 2"
"L09749_at","PHF20","PHD finger protein 20"
"L09753_at","TNFSF8","TNF superfamily member 8"
"L10102_rna1_at","SRY","sex determining region Y"
"L10123_at",NA,NA
"L10343_at","PI3","peptidase inhibitor 3"
"L10373_at","TSPAN7","tetraspanin 7"
"L10374_at","NALF1","NALCN channel auxiliary factor 1"
"L10377_s_at","ATN1","atrophin 1"
"L10381_at","RNASEL","ribonuclease L"
"L10386_at","TGM3","transglutaminase 3"
"L10403_at","PPBPP2","pro-platelet basic protein pseudogene 2"
"L10405_at",NA,NA
"L10413_at","FNTA","farnesyltransferase, CAAX box, subunit alpha"
"L10665_at","GNAL","G protein subunit alpha L"
"L10678_at","PFN2","profilin 2"
"L10717_at","ITK","IL2 inducible T cell kinase"
"L10844_at",NA,NA
"L10910_at","RBM39","RNA binding motif protein 39"
"L10955_cds1_s_at","CA4","carbonic anhydrase 4"
"L11005_at","AOX1","aldehyde oxidase 1"
"L11238_s_at","GP5","glycoprotein V platelet"
"L11239_at","GBX1","gastrulation brain homeobox 1"
"L11244_s_at","C4BPB","complement component 4 binding protein beta"
"L11329_at","DUSP2","dual specificity phosphatase 2"
"L11353_at","NF2","NF2, moesin-ezrin-radixin like (MERLIN) tumor suppressor"
"L11369_at","PCDH1","protocadherin 1"
"L11372_at",NA,NA
"L11373_at","PCDHGC3/PCDHGB4/PCDHGA8/PCDHGA12/PCDHGC5/PCDHGC4/PCDHGB7/PCDHGB6/PCDHGB5/PCDHGB3/PCDHGB2/PCDHGB1/PCDHGA11/PCDHGA10/PCDHGA9/PCDHGA7/PCDHGA6/PCDHGA5/PCDHGA4/PCDHGA3/PCDHGA2/PCDHGA1","protocadherin gamma subfamily C, 3/protocadherin gamma subfamily B, 4/protocadherin gamma subfamily A, 8/protocadherin gamma subfamily A, 12/protocadherin gamma subfamily C, 5/protocadherin gamma subfamily C, 4/protocadherin gamma subfamily B, 7/protocadherin gamma subfamily B, 6/protocadherin gamma subfamily B, 5/protocadherin gamma subfamily B, 3/protocadherin gamma subfamily B, 2/protocadherin gamma subfamily B, 1/protocadherin gamma subfamily A, 11/protocadherin gamma subfamily A, 10/protocadherin gamma subfamily A, 9/protocadherin gamma subfamily A, 7/protocadherin gamma subfamily A, 6/protocadherin gamma subfamily A, 5/protocadherin gamma subfamily A, 4/protocadherin gamma subfamily A, 3/protocadherin gamma subfamily A, 2/protocadherin gamma subfamily A, 1"
"L11573_at",NA,NA
"L11669_at","SLC75A1","solute carrier family 75 member 1"
"L11672_r_at","ZNF91","zinc finger protein 91"
"L11695_at","TGFBR1","transforming growth factor beta receptor 1"
"L11701_s_at","GPLD1","glycosylphosphatidylinositol specific phospholipase D1"
"L11702_at","GPLD1","glycosylphosphatidylinositol specific phospholipase D1"
"L11708_at","HSD17B2","hydroxysteroid 17-beta dehydrogenase 2"
"L11931_at","SHMT1","serine hydroxymethyltransferase 1"
"L12052_at","PDE7A","phosphodiesterase 7A"
"L12060_s_at","RARG","retinoic acid receptor gamma"
"L12350_at","THBS2","thrombospondin 2"
"L12711_s_at","TKT","transketolase"
"L12723_at","HSPA4","heat shock protein family A (Hsp70) member 4"
"L12760_s_at","PCK1","phosphoenolpyruvate carboxykinase 1"
"L13042_at","S100G","S100 calcium binding protein G"
"L13197_at","PLAC4","placenta enriched 4"
"L13203_at","FOXI1","forkhead box I1"
"L13210_at","LGALS3BP","galectin 3 binding protein"
"L13258_at","SLC34A1","solute carrier family 34 member 1"
"L13266_s_at","GRIN1","glutamate ionotropic receptor NMDA type subunit 1"
"L13278_at","CRYZ","crystallin zeta"
"L13286_at","CYP24A1","cytochrome P450 family 24 subfamily A member 1"
"L13329_at","IDS","iduronate 2-sulfatase"
"L13391_at","RGS2","regulator of G protein signaling 2"
"L13436_at","NPR2","natriuretic peptide receptor 2"
"L13689_at","BMI1","BMI1 proto-oncogene, polycomb ring finger"
"L13738_at","TNK2","tyrosine kinase non receptor 2"
"L13740_at","NR4A1","nuclear receptor subfamily 4 group A member 1"
"L13744_at","MLLT3","MLLT3 super elongation complex subunit"
"L13773_at","AFF1","ALF transcription elongation factor 1"
"L13800_at","TUBGCP3","tubulin gamma complex component 3"
"L13848_at","DHX9","DExH-box helicase 9"
"L13939_s_at","AP1B1","adaptor related protein complex 1 subunit beta 1"
"L13943_at","GK","glycerol kinase"
"L13972_at","ST3GAL1","ST3 beta-galactoside alpha-2,3-sialyltransferase 1"
"L13977_at","PRCP","prolylcarboxypeptidase"
"L14269_at","SLC18A2","solute carrier family 18 member A2"
"L14430_at",NA,NA
"L14542_at","KLRC3","killer cell lectin like receptor C3"
"L14565_at","PRPH","peripherin"
"L14595_at","SLC1A4","solute carrier family 1 member 4"
"L14754_at","IGHMBP2","immunoglobulin mu DNA binding protein 2"
"L14778_s_at","PPP3CA","protein phosphatase 3 catalytic subunit alpha"
"L14787_at","ZXDA","zinc finger X-linked duplicated A"
"L14837_at","TJP1","tight junction protein 1"
"L14848_s_at","MICA/MICB","MHC class I polypeptide-related sequence A/MHC class I polypeptide-related sequence B"
"L14922_at","RFC1","replication factor C subunit 1"
"L14927_at","LCN1","lipocalin 1"
"L15296_s_at","CNGB1","cyclic nucleotide gated channel subunit beta 1"
"L15309_at","ZNF141","zinc finger protein 141"
"L15326_s_at","PTGS2","prostaglandin-endoperoxide synthase 2"
"L15344_at","TXLNA","taxilin alpha"
"L15388_at","GRK5","G protein-coupled receptor kinase 5"
"L15533_rna1_at","REG3A","regenerating family member 3 alpha"
"L16464_at","ETV3","ETS variant transcription factor 3"
"L16782_at","KIF20B","kinesin family member 20B"
"L16842_at","UQCRC1","ubiquinol-cytochrome c reductase core protein 1"
"L16862_at","GRK6","G protein-coupled receptor kinase 6"
"L16895_at","LOX","lysyl oxidase"
"L16991_at","DTYMK","deoxythymidylate kinase"
"L17075_s_at","ACVRL1","activin A receptor like type 1"
"L17128_at","GGCX","gamma-glutamyl carboxylase"
"L17325_at",NA,NA
"L17327_at","BRME1","break repair meiotic recombinase recruitment factor 1"
"L17330_at",NA,NA
"L17418_cds2_s_at","CR1","complement C3b/C4b receptor 1 (Knops blood group)"
"L18920_f_at","MAGEA2/MAGEA2B","MAGE family member A2/MAGE family member A2B"
"L19063_at","GDNF","glial cell derived neurotrophic factor"
"L19161_at","EIF2S3","eukaryotic translation initiation factor 2 subunit gamma"
"L19183_at","TMEM97","transmembrane protein 97"
"L19267_at","DMWD","DM1 locus, WD repeat containing"
"L19297_at","CA5A","carbonic anhydrase 5A"
"L19314_at","HES1","hes family bHLH transcription factor 1"
"L19593_at","CXCR2","C-X-C motif chemokine receptor 2"
"L19605_at","ANXA11","annexin A11"
"L19686_rna1_at","MIF","macrophage migration inhibitory factor"
"L19711_at","DAG1","dystroglycan 1"
"L19778_at","H2AC11","H2A clustered histone 11"
"L19779_at","H2AC18/H2AC19","H2A clustered histone 18/H2A clustered histone 19"
"L19783_at","PIGH","phosphatidylinositol glycan anchor biosynthesis class H"
"L19871_at","ATF3","activating transcription factor 3"
"L19872_at","AHR","aryl hydrocarbon receptor"
"L20010_at","HCFC1","host cell factor C1"
"L20298_at","CBFB","core-binding factor subunit beta"
"L20320_at","CDK7","cyclin dependent kinase 7"
"L20321_at","NEK4","NIMA related kinase 4"
"L20348_at","OCM","oncomodulin"
"L20469_s_at","DRD3","dopamine receptor D3"
"L20591_at","ANXA3","annexin A3"
"L20814_at","GRIA2","glutamate ionotropic receptor AMPA type subunit 2"
"L20826_at","PLS1","plastin 1"
"L20852_at","SLC20A2","solute carrier family 20 member 2"
"L20859_at","SLC20A1","solute carrier family 20 member 1"
"L20860_at","SEPT5-GP1BB","SEPT5-GP1BB readthrough"
"L20861_at","WNT5A","Wnt family member 5A"
"L20941_at","FTH1","ferritin heavy chain 1"
"L20971_at","PDE4B","phosphodiesterase 4B"
"L21715_at","TNNI2","troponin I2, fast skeletal type"
"L21934_at","SOAT1","sterol O-acyltransferase 1"
"L21936_at","SDHA","succinate dehydrogenase complex flavoprotein subunit A"
"L21954_at","TSPO","translocator protein"
"L21993_at","ADCY2","adenylate cyclase 2"
"L21998_at","MUC2","mucin 2, oligomeric mucus/gel-forming"
"L22005_at","CDC34","cell division cycle 34, ubiquitin conjugating enzyme"
"L22075_at","GNA13","G protein subunit alpha 13"
"L22206_at","AVPR2","arginine vasopressin receptor 2"
"L22214_at","ADORA1","adenosine A1 receptor"
"L22524_s_at","MMP7","matrix metallopeptidase 7"
"L22548_at","COL18A1","collagen type XVIII alpha 1 chain"
"L22650_at","DIAPH2-AS1","DIAPH2 antisense RNA 1"
"L23116_at","GALC","galactosylceramidase"
"L23333_s_at","CRHR1/LINC02210-CRHR1","corticotropin releasing hormone receptor 1/LINC02210-CRHR1 readthrough"
"L23808_at","MMP12","matrix metallopeptidase 12"
"L23852_at",NA,NA
"L24203_at","TRIM29","tripartite motif containing 29"
"L24470_at","PTGFR","prostaglandin F receptor"
"L24564_at","RRAD","RRAD, Ras related glycolysis inhibitor and calcium channel regulator"
"L24774_s_at","ECI1","enoyl-CoA delta isomerase 1"
"L24804_at","PTGES3","prostaglandin E synthase 3"
"L24893_s_at","MPZ","myelin protein zero"
"L25081_at","RHOC","ras homolog family member C"
"L25085_at","SEC61B","SEC61 translocon subunit beta"
"L25119_at","OPRM1","opioid receptor mu 1"
"L25270_at","KDM5C","lysine demethylase 5C"
"L25286_s_at","COL15A1","collagen type XV alpha 1 chain"
"L25441_at","PGGT1B","protein geranylgeranyltransferase type I subunit beta"
"L25444_at","TAF6","TATA-box binding protein associated factor 6"
"L25798_at","HMGCS1","3-hydroxy-3-methylglutaryl-CoA synthase 1"
"L25851_at","ITGAE","integrin subunit alpha E"
"L25878_s_at","EPHX1","epoxide hydrolase 1"
"L25931_s_at","LBR","lamin B receptor"
"L26234_at","APOBEC1","apolipoprotein B mRNA editing enzyme catalytic subunit 1"
"L26339_at","EDC4","enhancer of mRNA decapping 4"
"L26494_at","POU3F1","POU class 3 homeobox 1"
"L26953_at","CSNK1A1","casein kinase 1 alpha 1"
"L27071_at","TXK","TXK tyrosine kinase"
"L27080_at","MC5R","melanocortin 5 receptor"
"L27479_at","ENTREP1","endosomal transmembrane epsin interactor 1"
"L27559_s_at","IGFBP5","insulin like growth factor binding protein 5"
"L27560_at","IGFBP5","insulin like growth factor binding protein 5"
"L27586_at","NR2C2","nuclear receptor subfamily 2 group C member 2"
"L27624_s_at","TFPI2","tissue factor pathway inhibitor 2"
"L27706_at","CCT6A","chaperonin containing TCP1 subunit 6A"
"L27943_at","CDA","cytidine deaminase"
"L28010_at","HNRNPF","heterogeneous nuclear ribonucleoprotein F"
"L28175_at","PTGER4","prostaglandin E receptor 4"
"L28821_at","MAN2A2","mannosidase alpha class 2A member 2"
"L28957_at","PCYT1A","phosphate cytidylyltransferase 1A, choline"
"L29008_at","SORD","sorbitol dehydrogenase"
"L29218_at","CLK2","CDC like kinase 2"
"L29277_at","STAT3","signal transducer and activator of transcription 3"
"L29306_s_at","TPH1","tryptophan hydroxylase 1"
"L29376_at","HCG26","HLA complex group 26"
"L29433_at","F10","coagulation factor X"
"L31529_at","SNTB1","syntrophin beta 1"
"L31573_at","SUOX","sulfite oxidase"
"L31584_at","CCR7","C-C motif chemokine receptor 7"
"L31881_at","NFIX","nuclear factor I X"
"L32137_at","COMP","cartilage oligomeric matrix protein"
"L32140_at","AFM","afamin"
"L32163_at","ZNF197","zinc finger protein 197"
"L32164_at","ZKSCAN7","zinc finger with KRAB and SCAN domains 7"
"L32179_at","AADAC","arylacetamide deacetylase"
"L32606_at",NA,NA
"L32832_s_at","ZFHX3","zinc finger homeobox 3"
"L32866_at","BIRC5","baculoviral IAP repeat containing 5"
"L32961_at","ABAT","4-aminobutyrate aminotransferase"
"L32976_at","MAP3K11","mitogen-activated protein kinase kinase kinase 11"
"L32977_at","UQCRFS1","ubiquinol-cytochrome c reductase, Rieske iron-sulfur polypeptide 1"
"L33075_at","IQGAP1","IQ motif containing GTPase activating protein 1"
"L33243_at","PKD1","polycystin 1, transient receptor potential channel interacting"
"L33262_s_at","RAD52","RAD52 DNA repair protein"
"L33477_at","CDH12","cadherin 12"
"L33799_at","PCOLCE","procollagen C-endopeptidase enhancer"
"L33801_at","GSK3B","glycogen synthase kinase 3 beta"
"L33842_rna1_at","IMPDH2","inosine monophosphate dehydrogenase 2"
"L33930_s_at","CD24","CD24 molecule"
"L34035_at","ME1","malic enzyme 1"
"L34059_at","CDH4","cadherin 4"
"L34060_at","CDH8","cadherin 8"
"L34155_at","LAMA3","laminin subunit alpha 3"
"L34219_at","RLBP1","retinaldehyde binding protein 1"
"L34355_at","SGCA","sarcoglycan alpha"
"L34357_at","GATA4","GATA binding protein 4"
"L34363_s_at","ATRX","ATRX chromatin remodeler"
"L34409_at",NA,NA
"L34587_at","ELOC","elongin C"
"L34600_at","MTIF2","mitochondrial translational initiation factor 2"
"L34657_at","PECAM1","platelet and endothelial cell adhesion molecule 1"
"L34673_at","HLTF","helicase like transcription factor"
"L34838_at","INSL4","insulin like 4"
"L35035_at","RPIA","ribose 5-phosphate isomerase A"
"L35240_at","PDLIM7","PDZ and LIM domain 7"
"L35249_s_at","ATP6V1B2","ATPase H+ transporting V1 subunit B2"
"L35253_s_at","MAPK14","mitogen-activated protein kinase 14"
"L35263_at","MAPK14","mitogen-activated protein kinase 14"
"L35269_at","ZNF35","zinc finger protein 35"
"L35545_at","PROCR","protein C receptor"
"L35546_at","GCLM","glutamate-cysteine ligase modifier subunit"
"L35592_at","TMEM151B","transmembrane protein 151B"
"L35594_at","ENPP2","ectonucleotide pyrophosphatase/phosphodiesterase 2"
"L35854_at","DMD","dystrophin"
"L36051_at","THPO","thrombopoietin"
"L36463_at","RIN1","Ras and Rab interactor 1"
"L36529_at","THOC1","THO complex subunit 1"
"L36642_at","EPHA7","EPH receptor A7"
"L36644_at","EPHA5","EPH receptor A5"
"L36645_at","EPHA4","EPH receptor A4"
"L36818_at","INPPL1","inositol polyphosphate phosphatase like 1"
"L36844_at","CDKN2B","cyclin dependent kinase inhibitor 2B"
"L36847_at",NA,NA
"L36861_at","GUCA1A","guanylate cyclase activator 1A"
"L36870_at","MAP2K4","mitogen-activated protein kinase kinase 4"
"L36983_at","DNM2","dynamin 2"
"L37033_at","FKBP8","FKBP prolyl isomerase 8"
"L37036_s_at","CXCL5","C-X-C motif chemokine ligand 5"
"L37042_at","CSNK1A1","casein kinase 1 alpha 1"
"L37043_at","CSNK1E/TPTEP2-CSNK1E","casein kinase 1 epsilon/TPTEP2-CSNK1E readthrough"
"L37127_at","POLR2J","RNA polymerase II subunit J"
"L37199_at","NOP14","NOP14 nucleolar protein"
"L37347_at","SLC11A2","solute carrier family 11 member 2"
"L37360_s_at","EFNA3","ephrin A3"
"L37362_at","OPRK1","opioid receptor kappa 1"
"L37378_at","GUCY2F","guanylate cyclase 2F, retinal"
"L37868_s_at","POU3F2","POU class 3 homeobox 2"
"L37936_at","TSFM","Ts translation elongation factor, mitochondrial"
"L38025_at","CNTFR","ciliary neurotrophic factor receptor"
"L38486_at","MFAP4","microfibril associated protein 4"
"L38500_at","SLC5A3","solute carrier family 5 member 3"
"L38517_at","IHH","Indian hedgehog signaling molecule"
"L38593_s_at","SLC11A1","solute carrier family 11 member 1"
"L38608_at","ALCAM","activated leukocyte cell adhesion molecule"
"L38810_at","PSMC5","proteasome 26S subunit, ATPase 5"
"L38820_at","CD1D","CD1d molecule"
"L38928_at","MTHFS/ST20-MTHFS","methenyltetrahydrofolate synthetase/ST20-MTHFS readthrough"
"L38929_at","PTPRD","protein tyrosine phosphatase receptor type D"
"L38933_rna1_at","PSMC3IP","PSMC3 interacting protein"
"L38951_at","KPNB1","karyopherin subunit beta 1"
"L38961_at","STT3A","STT3 oligosaccharyltransferase complex catalytic subunit A"
"L38969_at","THBS3","thrombospondin 3"
"L39009_at","ADH7","alcohol dehydrogenase 7 (class IV), mu or sigma polypeptide"
"L39059_at","TAF1C","TATA-box binding protein associated factor, RNA polymerase I subunit C"
"L39060_at","TAF1A","TATA-box binding protein associated factor, RNA polymerase I subunit A"
"L39064_rna1_at",NA,NA
"L39211_at","CPT1A","carnitine palmitoyltransferase 1A"
"L40157_at","EEA1","early endosome antigen 1"
"L40357_at","HMGN3","high mobility group nucleosomal binding domain 3"
"L40366_at","MED1","mediator complex subunit 1"
"L40377_at","SERPINB8","serpin family B member 8"
"L40379_at","TRIP10","thyroid hormone receptor interactor 10"
"L40380_at","TRIP11","thyroid hormone receptor interactor 11"
"L40386_s_at","TFDP2","transcription factor Dp-2"
"L40387_at","OASL","2'-5'-oligoadenylate synthetase like"
"L40388_at","COPS2","COP9 signalosome subunit 2"
"L40391_at","TMED10","transmembrane p24 trafficking protein 10"
"L40392_at","RBM25","RNA binding motif protein 25"
"L40393_at","NUMB/LOC101928143","NUMB endocytic adaptor protein/uncharacterized LOC101928143"
"L40394_at","RGS6","regulator of G protein signaling 6"
"L40396_at","YLPM1","YLP motif containing 1"
"L40397_at","TMED10","transmembrane p24 trafficking protein 10"
"L40399_at","MLH3","mutL homolog 3"
"L40400_at","YLPM1","YLP motif containing 1"
"L40403_at","YLPM1","YLP motif containing 1"
"L40407_at","NFKBIB","NFKB inhibitor beta"
"L40411_at","JMJD1C","jumonji domain containing 1C"
"L40586_at","IDS","iduronate 2-sulfatase"
"L40636_at","EPHB1","EPH receptor B1"
"L40904_at","PPARG","peroxisome proliferator activated receptor gamma"
"L40933_at","PGM5","phosphoglucomutase 5"
"L40992_at","RUNX2","RUNX family transcription factor 2"
"L41066_at","NFATC4","nuclear factor of activated T cells 4"
"L41067_at","NFATC3","nuclear factor of activated T cells 3"
"L41143_at","TCTA","T cell leukemia translocation altered"
"L41268_f_at","KIR2DL3","killer cell immunoglobulin like receptor, two Ig domains and long cytoplasmic tail 3"
"L41349_at","PLCB4","phospholipase C beta 4"
"L41351_at","PRSS8","serine protease 8"
"L41390_at","GCNT1","glucosaminyl (N-acetyl) transferase 1"
"L41559_at","PCBD1","pterin-4 alpha-carbinolamine dehydratase 1"
"L41607_at","GCNT2","glucosaminyl (N-acetyl) transferase 2 (I blood group)"
"L41870_at","RB1","RB transcriptional corepressor 1"
"L41887_rna1_at","SRSF7","serine and arginine rich splicing factor 7"
"L41913_at","RB1","RB transcriptional corepressor 1"
"L41919_rna1_at","HIC1","HIC ZBTB transcriptional repressor 1"
"L41939_at","EPHB2","EPH receptor B2"
"L42243_cds1_at","IFNAR2","interferon alpha and beta receptor subunit 2"
"L42354_at",NA,NA
"L42374_s_at","PPP2R5B","protein phosphatase 2 regulatory subunit B'beta"
"L42379_at","QSOX1","quiescin sulfhydryl oxidase 1"
"L42450_at","PDK1","pyruvate dehydrogenase kinase 1"
"L42452_at","PDK3","pyruvate dehydrogenase kinase 3"
"L42542_at","RALBP1","ralA binding protein 1"
"L42572_at","IMMT","inner membrane mitochondrial protein"
"L43338_at",NA,NA
"L43576_at","EOLA1","endothelium and lymphocyte associated ASCH domain 1"
"L43631_at","SAFB","scaffold attachment factor B"
"L43964_at","PSEN2","presenilin 2"
"L44140_cds4_s_at","DNASE1L1","deoxyribonuclease 1 like 1"
"L46353_at","HMGA2","high mobility group AT-hook 2"
"L47125_s_at","GPC3","glypican 3"
"L47276_s_at","TOP2A","DNA topoisomerase II alpha"
"L47345_at","ELOA","elongin A"
"L47726_at","PAH","phenylalanine hydroxylase"
"L47738_at","CYFIP2","cytoplasmic FMR1 interacting protein 2"
"L48211_at","RNF185-AS1","RNF185 antisense RNA 1"
"L48513_at","PON2","paraoxonase 2"
"L48516_at","PON3","paraoxonase 3"
"L48546_at","TSC2","TSC complex subunit 2"
"L48692_at","PNO1","partner of NOB1 homolog"
"L49054_at","MLF1","myeloid leukemia factor 1"
"L49169_at","FOSB","FosB proto-oncogene, AP-1 transcription factor subunit"
"L49209_s_at","RB1","RB transcriptional corepressor 1"
"L49218_f_at","RB1","RB transcriptional corepressor 1"
"L49219_f_at","RB1","RB transcriptional corepressor 1"
"L49229_f_at","RB1","RB transcriptional corepressor 1"
"L75847_at","ZNF45","zinc finger protein 45"
"L76159_at","FRG1","FSHD region gene 1"
"L76200_at","GUK1","guanylate kinase 1"
"L76465_at","HPGD","15-hydroxyprostaglandin dehydrogenase"
"L76517_at","PSEN1","presenilin 1"
"L76528_s_at","PSEN1","presenilin 1"
"L76568_xpt3_f_at",NA,NA
"L76569_at","AFF2","ALF transcription elongation factor 2"
"L76571_at","NR0B2","nuclear receptor subfamily 0 group B member 2"
"L76627_at","GRM1","glutamate metabotropic receptor 1"
"L76687_at","GRB14","growth factor receptor bound protein 14"
"L76702_at","PPP2R5D","protein phosphatase 2 regulatory subunit B'delta"
"L76703_at","PPP2R5E","protein phosphatase 2 regulatory subunit B'epsilon"
"L76927_rna1_at","GALK1","galactokinase 1"
"L76937_rna1_at","WRN","WRN RecQ like helicase"
"L77213_at","PMVK","phosphomevalonate kinase"
"L77559_at","DGCR5","DiGeorge syndrome critical region gene 5"
"L77563_at",NA,NA
"L77566_at","ESS2","ess-2 spliceosome associated protein"
"L77567_s_at","SLC25A1","solute carrier family 25 member 1"
"L77571_at","DGCR5","DiGeorge syndrome critical region gene 5"
"L77701_at","COX17","cytochrome c oxidase copper chaperone COX17"
"L77864_at","APBB1","amyloid beta precursor protein binding family B member 1"
"L77886_at","PTPRK","protein tyrosine phosphatase receptor type K"
"L78132_at","LGALS8","galectin 8"
"L78267_at","PWAR5","Prader Willi/Angelman region RNA 5"
"L78833_cds1_at","BRCA1","BRCA1 DNA repair associated"
"L78833_cds2_at","RND2","Rho family GTPase 2"
"M10014_cds1_at","FGG","fibrinogen gamma chain"
"M10051_s_at","INSR","insulin receptor"
"M10058_at","ASGR1","asialoglycoprotein receptor 1"
"M10321_s_at","VWF","von Willebrand factor"
"M10612_at","APOC2/APOC4-APOC2","apolipoprotein C2/APOC4-APOC2 readthrough (NMD candidate)"
"M10901_at","NR3C1","nuclear receptor subfamily 3 group C member 1"
"M10942_at","MT1E","metallothionein 1E"
"M10943_at","MT1F","metallothionein 1F"
"M10950_cds2_at","AFP","alpha fetoprotein"
"M11025_s_at","ASGR2","asialoglycoprotein receptor 2"
"M11058_at","HMGCR","3-hydroxy-3-methylglutaryl-CoA reductase"
"M11147_at","FTL","ferritin light chain"
"M11186_at","OXT","oxytocin/neurophysin I prepropeptide"
"M11313_s_at","A2M","alpha-2-macroglobulin"
"M11437_cds2_at","KNG1","kininogen 1"
"M11717_rna1_at","HSPA1A","heat shock protein family A (Hsp70) member 1A"
"M11718_at","COL5A2","collagen type V alpha 2 chain"
"M11722_at","DNTT","DNA nucleotidylexotransferase"
"M11749_at","THY1","Thy-1 cell surface antigen"
"M11973_cds1_at","CRYGB","crystallin gamma B"
"M12036_at","ERBB2","erb-b2 receptor tyrosine kinase 2"
"M12125_at","TPM2","tropomyosin 2"
"M12174_at","RHOB","ras homolog family member B"
"M12529_at","APOE","apolipoprotein E"
"M12625_at","LCAT","lecithin-cholesterol acyltransferase"
"M12759_at","JCHAIN","joining chain of multimeric IgA and IgM"
"M12886_at","TRBV7-2/TRBV6-5/TRBV5-4/TRBV3-1/TRBC2","T cell receptor beta variable 7-2/T cell receptor beta variable 6-5/T cell receptor beta variable 5-4/T cell receptor beta variable 3-1/T cell receptor beta constant 2"
"M12959_s_at","TRDV2/TRAV20/TRAJ17/TRAC","T cell receptor delta variable 2/T cell receptor alpha variable 20/T cell receptor alpha joining 17/T cell receptor alpha constant"
"M12963_s_at","ADH1A/ADH1B/ADH1C","alcohol dehydrogenase 1A (class I), alpha polypeptide/alcohol dehydrogenase 1B (class I), beta polypeptide/alcohol dehydrogenase 1C (class I), gamma polypeptide"
"M13143_at","KLKB1","kallikrein B1"
"M13150_s_at","MAS1","MAS1 proto-oncogene, G protein-coupled receptor"
"M13207_at","CSF2","colony stimulating factor 2"
"M13232_s_at","F7","coagulation factor VII"
"M13241_at","MYCN","MYCN proto-oncogene, bHLH transcription factor"
"M13452_s_at","LMNA","lamin A/C"
"M13485_at","MT1B","metallothionein 1B"
"M13560_s_at","CD74","CD74 molecule"
"M13577_at","MBP","myelin basic protein"
"M13686_s_at","SFTPA1/SFTPA2","surfactant protein A1/surfactant protein A2"
"M13690_s_at","SERPING1","serpin family G member 1"
"M13699_at","CP","ceruloplasmin"
"M13755_at","ISG15","ISG15 ubiquitin like modifier"
"M13792_at","ADA","adenosine deaminase"
"M13903_at","IVL","involucrin"
"M13928_s_at","ALAD","aminolevulinate dehydratase"
"M13929_s_at","MYC","MYC proto-oncogene, bHLH transcription factor"
"M13955_at","KRT7","keratin 7"
"M13981_at","INHA","inhibin subunit alpha"
"M13994_s_at","BCL2","BCL2 apoptosis regulator"
"M14016_at","UROD","uroporphyrinogen decarboxylase"
"M14058_at","C1R","complement C1r"
"M14091_at","SERPINA7","serpin family A member 7"
"M14113_at","F8","coagulation factor VIII"
"M14123_xpt1_at","LOC105376387","uncharacterized LOC105376387"
"M14123_xpt2_at",NA,NA
"M14123_xpt3_at",NA,NA
"M14123_xpt4_at",NA,NA
"M14159_cds2_at","TRBV25OR9-2/TRBV20OR9-2/TRBV7-2/TRBV3-1/TRBJ2-2/TRBJ2-1","T cell receptor beta variable 25/OR9-2 (pseudogene)/T cell receptor beta variable 20/OR9-2 (non-functional)/T cell receptor beta variable 7-2/T cell receptor beta variable 3-1/T cell receptor beta joining 2-2/T cell receptor beta joining 2-1"
"M14200_rna1_at","DBI","diazepam binding inhibitor, acyl-CoA binding protein"
"M14219_at","SSR1","signal sequence receptor subunit 1"
"M14338_at","PROS1","protein S"
"M14539_at","F13A1","coagulation factor XIII A chain"
"M14565_at","CYP11A1","cytochrome P450 family 11 subfamily A member 1"
"M14636_at","PYGL","glycogen phosphorylase L"
"M14648_at","ITGAV","integrin subunit alpha V"
"M14660_at","IFIT2","interferon induced protein with tetratricopeptide repeats 2"
"M14745_at","BCL2","BCL2 apoptosis regulator"
"M14758_at","ABCB1","ATP binding cassette subfamily B member 1"
"M14949_at","RRAS","RAS related"
"M15059_at","FCER2","Fc epsilon receptor II"
"M15169_at","ADRB2","adrenoceptor beta 2"
"M15353_at","EIF4E","eukaryotic translation initiation factor 4E"
"M15395_at","ITGB2","integrin subunit beta 2"
"M15465_s_at","PKLR","pyruvate kinase L/R"
"M15517_cds3_s_at","TTR","transthyretin"
"M15517_cds5_at","TTR","transthyretin"
"M15656_at","ALDOB","aldolase, fructose-bisphosphate B"
"M15796_at","PCNA","proliferating cell nuclear antigen"
"M15841_at","SNRPB2","small nuclear ribonucleoprotein polypeptide B2"
"M15856_at","LPL","lipoprotein lipase"
"M15881_at","UMOD","uromodulin"
"M16038_at","LYN","LYN proto-oncogene, Src family tyrosine kinase"
"M16276_at","HLA-DQB1","major histocompatibility complex, class II, DQ beta 1"
"M16279_at","CD99","CD99 molecule (Xg blood group)"
"M16336_s_at","CD2","CD2 molecule"
"M16364_s_at","CKB","creatine kinase B"
"M16404_at","CHRM2","cholinergic receptor muscarinic 2"
"M16424_at","HEXA","hexosaminidase subunit alpha"
"M16441_cds1_at","LTA","lymphotoxin alpha"
"M16474_s_at","BCHE","butyrylcholinesterase"
"M16591_s_at","HCK","HCK proto-oncogene, Src family tyrosine kinase"
"M16652_s_at","CELA2A/CELA2B","chymotrypsin like elastase 2A/chymotrypsin like elastase 2B"
"M16653_at","CELA2B","chymotrypsin like elastase 2B"
"M16707_rna1_at","H4C14/H4C15","H4 clustered histone 14/H4 clustered histone 15"
"M16707_rna1_s_at","H4C14/H4C15","H4 clustered histone 14/H4 clustered histone 15"
"M16714_at","HLA-E","major histocompatibility complex, class I, E"
"M16750_s_at","PIM1","Pim-1 proto-oncogene, serine/threonine kinase"
"M16801_at","NR3C2","nuclear receptor subfamily 3 group C member 2"
"M16937_at","HOXB7","homeobox B7"
"M16967_at","F5","coagulation factor V"
"M16973_at","C8B","complement C8 beta chain"
"M17183_s_at","PTHLH","parathyroid hormone like hormone"
"M17219_at","GNAI1","G protein subunit alpha i1"
"M17236_s_at","HLA-DQA1/HLA-DQA2","major histocompatibility complex, class II, DQ alpha 1/major histocompatibility complex, class II, DQ alpha 2"
"M17316_at","CRYGA","crystallin gamma A"
"M17446_s_at","FGF4","fibroblast growth factor 4"
"M17466_at","F12","coagulation factor XII"
"M17754_at","POLR3D","RNA polymerase III subunit D"
"M18079_at","FABP2","fatty acid binding protein 2"
"M18185_at","GIP","gastric inhibitory polypeptide"
"M18255_cds2_s_at","PRKCB","protein kinase C beta"
"M18391_s_at","EPHA1","EPH receptor A1"
"M18533_at","DMD","dystrophin"
"M18737_rna1_at","GZMA","granzyme A"
"M19045_f_at","LYZ","lysozyme"
"M19154_at","TGFB2","transforming growth factor beta 2"
"M19267_s_at","TPM1","tropomyosin 1"
"M19301_at","DBT","dihydrolipoamide branched chain transacylase E2"
"M19309_s_at","TNNT1","troponin T1, slow skeletal type"
"M19311_at","CALM2","calmodulin 2"
"M19311_s_at","CALM2","calmodulin 2"
"M19481_at","FST","follistatin"
"M19507_at","MPO","myeloperoxidase"
"M19508_xpt3_s_at","MPO","myeloperoxidase"
"M19645_at","HSPA5","heat shock protein family A (Hsp70) member 5"
"M19684_at","SERPINA2","serpin family A member 2 (gene/pseudogene)"
"M19720_rna2_at","MYCL","MYCL proto-oncogene, bHLH transcription factor"
"M19722_at","FGR","FGR proto-oncogene, Src family tyrosine kinase"
"M19878_at","CALB1","calbindin 1"
"M19878_s_at","CALB1","calbindin 1"
"M19888_at","SPRR1B","small proline rich protein 1B"
"M19961_at","COX5B","cytochrome c oxidase subunit 5B"
"M19989_cds1_at","PDGFA","platelet derived growth factor subunit A"
"M19989_cds2_at","PDGFA","platelet derived growth factor subunit A"
"M20030_f_at","SPRR2E","small proline rich protein 2E"
"M20137_at","IL3","interleukin 3"
"M20203_s_at","ELANE","elastase, neutrophil expressed"
"M20218_at","F11","coagulation factor XI"
"M20471_at","CLTA","clathrin light chain A"
"M20530_at","SPINK1","serine peptidase inhibitor Kazal type 1"
"M20543_at","ACTA1","actin alpha 1, skeletal muscle"
"M20566_at","IL6R","interleukin 6 receptor"
"M20681_at","SLC2A3","solute carrier family 2 member 3"
"M20778_s_at","COL6A3","collagen type VI alpha 3 chain"
"M20867_s_at","GLUD1","glutamate dehydrogenase 1"
"M20902_at","APOC1","apolipoprotein C1"
"M21005_at","S100A8","S100 calcium binding protein A8"
"M21056_at","PLA2G1B","phospholipase A2 group IB"
"M21119_s_at","LYZ","lysozyme"
"M21121_at","CCL5","C-C motif chemokine ligand 5"
"M21154_at","AMD1","adenosylmethionine decarboxylase 1"
"M21186_at","CYBA","cytochrome b-245 alpha chain"
"M21188_at","IDE","insulin degrading enzyme"
"M21259_at","SNRPE","small nuclear ribonucleoprotein polypeptide E"
"M21302_at","SPRR2D","small proline rich protein 2D"
"M21305_at",NA,NA
"M21388_r_at",NA,NA
"M21389_at","KRT5","keratin 5"
"M21494_at","CKM","creatine kinase, M-type"
"M21535_at","ERG","ETS transcription factor ERG"
"M21551_rna1_at","NMB","neuromedin B"
"M21574_at","PDGFRA","platelet derived growth factor receptor alpha"
"M21624_at","TRDC","T cell receptor delta constant"
"M21642_s_at","SERPINC1","serpin family C member 1"
"M21904_at","SLC3A2","solute carrier family 3 member 2"
"M21934_at",NA,NA
"M21984_at","TNNT3","troponin T3, fast skeletal type"
"M22005_at",NA,NA
"M22324_at","ANPEP","alanyl aminopeptidase, membrane"
"M22382_at","HSPD1","heat shock protein family D (Hsp60) member 1"
"M22403_s_at","GP1BA","glycoprotein Ib platelet subunit alpha"
"M22430_at","PLA2G2A","phospholipase A2 group IIA"
"M22489_at","BMP2","bone morphogenetic protein 2"
"M22538_at","NDUFV2","NADH:ubiquinone oxidoreductase core subunit V2"
"M22632_at","GOT2","glutamic-oxaloacetic transaminase 2"
"M22638_at","LYL1","LYL1 basic helix-loop-helix family member"
"M22760_at","COX5A","cytochrome c oxidase subunit 5A"
"M22877_at","CYCS","cytochrome c, somatic"
"M22898_at","TP53","tumor protein p53"
"M22919_rna2_at","MYL6","myosin light chain 6"
"M22960_at","CTSA","cathepsin A"
"M22995_at","RAP1A","RAP1A, member of RAS oncogene family"
"M23114_at","ATP2A2","ATPase sarcoplasmic/endoplasmic reticulum Ca2+ transporting 2"
"M23178_s_at","CCL3/CCL3L1/CCL3L3","C-C motif chemokine ligand 3/C-C motif chemokine ligand 3 like 1/C-C motif chemokine ligand 3 like 3"
"M23197_at","CD33","CD33 molecule"
"M23234_s_at","ABCB4","ATP binding cassette subfamily B member 4"
"M23254_at","CAPN2","calpain 2"
"M23294_at","HEXB","hexosaminidase subunit beta"
"M23323_s_at","CD3E","CD3 epsilon subunit of T-cell receptor complex"
"M23379_at","RASA1","RAS p21 protein activator 1"
"M23533_at","ADRA2A","adrenoceptor alpha 2A"
"M23575_f_at","PSG3","pregnancy specific beta-1-glycoprotein 3"
"M23668_at","FDX1","ferredoxin 1"
"M23892_s_at","ALOX15","arachidonate 15-lipoxygenase"
"M24069_at","YBX3","Y-box binding protein 3"
"M24122_s_at","MYL3","myosin light chain 3"
"M24248_at","MYL3","myosin light chain 3"
"M24283_at","ICAM1","intercellular adhesion molecule 1"
"M24349_s_at","PTHLH","parathyroid hormone like hormone"
"M24351_cds2_at",NA,NA
"M24351_cds3_s_at","PTHLH","parathyroid hormone like hormone"
"M24364_at","HLA-DQB1","major histocompatibility complex, class II, DQ beta 1"
"M24398_at","PTMS","parathymosin"
"M24400_at","CTRB1","chymotrypsinogen B1"
"M24439_at","ALPL","alkaline phosphatase, biomineralization associated"
"M24461_at","SFTPB","surfactant protein B"
"M24470_at","GMPR","guanosine monophosphate reductase"
"M24485_s_at","GSTP1","glutathione S-transferase pi 1"
"M24486_s_at","P4HA1","prolyl 4-hydroxylase subunit alpha 1"
"M24594_at","IFIT1","interferon induced protein with tetratricopeptide repeats 1"
"M24736_s_at","SELE","selectin E"
"M24748_cds2_s_at","THRA","thyroid hormone receptor alpha"
"M24766_s_at","COL4A2","collagen type IV alpha 2 chain"
"M24899_at","THRA","thyroid hormone receptor alpha"
"M24900_at","THRA/NR1D1","thyroid hormone receptor alpha/nuclear receptor subfamily 1 group D member 1"
"M24902_at","ACP3","acid phosphatase 3"
"M25077_at","RO60","Ro60, Y RNA binding protein"
"M25079_s_at","HBB/HBD","hemoglobin subunit beta/hemoglobin subunit delta"
"M25280_at","SELL","selectin L"
"M25296_at","NPPB","natriuretic peptide B"
"M25322_at","SELP","selectin P"
"M25393_at","PTPN2","protein tyrosine phosphatase non-receptor type 2"
"M25629_at","KLK1","kallikrein 1"
"M25667_at","GAP43","growth associated protein 43"
"M25753_at","CCNB1","cyclin B1"
"M25756_at","SCG2","secretogranin II"
"M25809_at","ATP6V1B1","ATPase H+ transporting V1 subunit B1"
"M25897_at","PF4","platelet factor 4"
"M26004_s_at","CR2","complement C3d receptor 2"
"M26041_s_at","HLA-DQA1","major histocompatibility complex, class II, DQ alpha 1"
"M26061_at","PDE6A","phosphodiesterase 6A"
"M26062_at","IL2RB","interleukin 2 receptor subunit beta"
"M26311_s_at","S100A9","S100 calcium binding protein A9"
"M26602_at","DEFA1/DEFA3/DEFA1B","defensin alpha 1/defensin alpha 3/defensin alpha 1B"
"M26665_s_at","HTN3","histatin 3"
"M26679_at","HOXA5","homeobox A5"
"M26682_at","LMO1","LIM domain only 1"
"M26692_s_at","LCK","LCK proto-oncogene, Src family tyrosine kinase"
"M26730_s_at","UQCRB","ubiquinol-cytochrome c reductase binding protein"
"M26856_s_at","CYP21A2/CYP21A1P","cytochrome P450 family 21 subfamily A member 2/cytochrome P450 family 21 subfamily A member 1, pseudogene"
"M26958_s_at","PTHLH","parathyroid hormone like hormone"
"M27093_s_at","DBT","dihydrolipoamide branched chain transacylase E2"
"M27160_at","TYR","tyrosinase"
"M27161_at","CD8A","CD8 subunit alpha"
"M27288_at","OSM","oncostatin M"
"M27318_f_at","IFNA4","interferon alpha 4"
"M27394_s_at","MS4A1","membrane spanning 4-domains A1"
"M27396_s_at","ASNS","asparagine synthetase (glutamine-hydrolyzing)"
"M27436_s_at","F3","coagulation factor III, tissue factor"
"M27492_at","IL1R1","interleukin 1 receptor type 1"
"M27504_s_at","TOP2B","DNA topoisomerase II beta"
"M27533_s_at","CD80","CD80 molecule"
"M27691_at","CREB1","cAMP responsive element binding protein 1"
"M27749_at","IGLL1","immunoglobulin lambda like polypeptide 1"
"M27749_r_at","IGLL1","immunoglobulin lambda like polypeptide 1"
"M27783_s_at","ELANE","elastase, neutrophil expressed"
"M27819_at","SLC4A1","solute carrier family 4 member 1 (Diego blood group)"
"M27826_at","TPTEP1","TPTE pseudogene 1"
"M27878_at","ZNF84","zinc finger protein 84"
"M27891_at","CST3","cystatin C"
"M27968_s_at","FGF2","fibroblast growth factor 2"
"M28130_rna1_s_at","CXCL8","C-X-C motif chemokine ligand 8"
"M28170_at","CD19","CD19 molecule"
"M28210_at","RAB3A","RAB3A, member RAS oncogene family"
"M28211_at","RAB4A","RAB4A, member RAS oncogene family"
"M28213_s_at","RAB2A","RAB2A, member RAS oncogene family"
"M28219_at","LDLR","low density lipoprotein receptor"
"M28249_at","ITGA2","integrin subunit alpha 2"
"M28585_f_at","IFNA16","interferon alpha 16"
"M28825_at","CD1A","CD1a molecule"
"M28826_at","CD1B","CD1b molecule"
"M28827_at","CD1C","CD1c molecule"
"M28882_s_at","MCAM","melanoma cell adhesion molecule"
"M29037_s_at",NA,NA
"M29064_at","HNRNPA2B1","heterogeneous nuclear ribonucleoprotein A2/B1"
"M29194_at","LIPC","lipase C, hepatic type"
"M29273_at","MAG","myelin associated glycoprotein"
"M29277_s_at","MCAM","melanoma cell adhesion molecule"
"M29335_at","HLA-DOA","major histocompatibility complex, class II, DO alpha"
"M29335_s_at","HLA-DOA","major histocompatibility complex, class II, DO alpha"
"M29386_s_at","PRL","prolactin"
"M29458_at","CA3","carbonic anhydrase 3"
"M29474_at","RAG1","recombination activating 1"
"M29550_at","PPP3CB","protein phosphatase 3 catalytic subunit beta"
"M29551_at","PPP3CB","protein phosphatase 3 catalytic subunit beta"
"M29580_at","ZNF7","zinc finger protein 7"
"M29610_s_at","GYPE","glycophorin E (MNS blood group)"
"M29696_at","IL7R","interleukin 7 receptor"
"M29874_s_at","CYP2B6/CYP2B7P","cytochrome P450 family 2 subfamily B member 6/cytochrome P450 family 2 subfamily B member 7, pseudogene"
"M29877_at","FUCA1","alpha-L-fucosidase 1"
"M29927_at","OAT","ornithine aminotransferase"
"M29971_at","MGMT","O-6-methylguanine-DNA methyltransferase"
"M30185_at","CETP","cholesteryl ester transfer protein"
"M30269_at","NID1","nidogen 1"
"M30496_at","UCHL3","ubiquitin C-terminal hydrolase L3"
"M30607_s_at","ZFY","zinc finger protein Y-linked"
"M30625_s_at","DRD2","dopamine receptor D2"
"M30703_s_at","AREG","amphiregulin"
"M30773_at","PPP3R1","protein phosphatase 3 regulatory subunit B, alpha"
"M30818_at","MX2","MX dynamin like GTPase 2"
"M30894_at","TARP/TRGC1/TRGC2/TRGV9","TCR gamma alternate reading frame protein/T cell receptor gamma constant 1/T cell receptor gamma constant 2/T cell receptor gamma variable 9"
"M30938_at","XRCC5","X-ray repair cross complementing 5"
"M31158_at","PRKAR2B","protein kinase cAMP-dependent type II regulatory subunit beta"
"M31165_at","TNFAIP6","TNF alpha induced protein 6"
"M31166_at","PTX3","pentraxin 3"
"M31169_s_at","PCCB","propionyl-CoA carboxylase subunit beta"
"M31210_at","S1PR1","sphingosine-1-phosphate receptor 1"
"M31211_s_at","MYL6B","myosin light chain 6B"
"M31241_s_at","CR1","complement C3b/C4b receptor 1 (Knops blood group)"
"M31423_s_at","CDR1","cerebellar degeneration related 1"
"M31516_s_at","CD55","CD55 molecule (Cromer blood group)"
"M31520_rna1_at","RPS24/RPS27","ribosomal protein S24/ribosomal protein S27"
"M31523_at","TCF3","transcription factor 3"
"M31551_s_at","SERPINB2","serpin family B member 2"
"M31627_at","XBP1","X-box binding protein 1"
"M31651_at","SHBG","sex hormone binding globulin"
"M31661_at","PRLR","prolactin receptor"
"M31667_f_at","CYP1A2","cytochrome P450 family 1 subfamily A member 2"
"M31774_s_at","TSHR","thyroid stimulating hormone receptor"
"M31776_s_at","NPPB","natriuretic peptide B"
"M31899_at","ERCC3","ERCC excision repair 3, TFIIH core complex helicase subunit"
"M31994_at","ALDH1A1","aldehyde dehydrogenase 1 family member A1"
"M32011_at","NCF2","neutrophil cytosolic factor 2"
"M32053_at","H19","H19 imprinted maternally expressed transcript"
"M32304_s_at","TIMP2","TIMP metallopeptidase inhibitor 2"
"M32315_at","TNFRSF1B","TNF receptor superfamily member 1B"
"M32334_at","ICAM2","intercellular adhesion molecule 2"
"M32373_at","ARSB","arylsulfatase B"
"M32402_at","ENDOU","endonuclease, poly(U) specific"
"M32578_at","HLA-DRB5","major histocompatibility complex, class II, DR beta 5"
"M32598_at","PYGM","glycogen phosphorylase, muscle associated"
"M32639_at","STATH","statherin"
"M32879_at","CYP11B1","cytochrome P450 family 11 subfamily B member 1"
"M32879_s_at","CYP11B1/CYP11B2","cytochrome P450 family 11 subfamily B member 1/cytochrome P450 family 11 subfamily B member 2"
"M32886_at","SRI","sorcin"
"M33195_at","FCER1G","Fc epsilon receptor Ig"
"M33308_at","VCL","vinculin"
"M33317_f_at","CYP2A7","cytochrome P450 family 2 subfamily A member 7"
"M33318_r_at","CYP2A6","cytochrome P450 family 2 subfamily A member 6"
"M33336_at","PRKAR1A","protein kinase cAMP-dependent type I regulatory subunit alpha"
"M33374_at","NDUFB7","NADH:ubiquinone oxidoreductase subunit B7"
"M33478_at","PDC","phosducin"
"M33493_s_at","TPSB2/TPSAB1","tryptase beta 2/tryptase alpha/beta 1"
"M33518_at","PRRC2A","proline rich coiled-coil 2A"
"M33521_at","BAG6","BAG cochaperone 6"
"M33552_at","LSP1","lymphocyte specific protein 1"
"M33600_f_at","HLA-DRB1","major histocompatibility complex, class II, DR beta 1"
"M33680_at","CD81","CD81 molecule"
"M33764_at","ODC1","ornithine decarboxylase 1"
"M33772_s_at","TNNC2","troponin C2, fast skeletal type"
"M33882_at","MX1","MX dynamin like GTPase 1"
"M33987_at","CA1","carbonic anhydrase 1"
"M34041_at","ADRA2B","adrenoceptor alpha 2B"
"M34057_at","LTBP1","latent transforming growth factor beta binding protein 1"
"M34181_at","PRKACB","protein kinase cAMP-activated catalytic subunit beta"
"M34309_at","ERBB3","erb-b2 receptor tyrosine kinase 3"
"M34338_s_at","SRM","spermidine synthase"
"M34344_at","ITGA2B","integrin subunit alpha 2b"
"M34353_s_at","ROS1","ROS proto-oncogene 1, receptor tyrosine kinase"
"M34376_s_at","MSMB","microseminoprotein beta"
"M34423_at","GLB1","galactosidase beta 1"
"M34458_rna1_s_at","LMNB1","lamin B1"
"M34516_at",NA,NA
"M34516_r_at","IGLC1/IGLV3-21/IGLL5","immunoglobulin lambda constant 1/immunoglobulin lambda variable 3-21/immunoglobulin lambda like polypeptide 5"
"M34539_at","FKBP1A","FKBP prolyl isomerase 1A"
"M34668_at","PTPRA","protein tyrosine phosphatase receptor type A"
"M34677_at","F8A1/F8A2/F8A3","coagulation factor VIII associated 1/coagulation factor VIII associated 2/coagulation factor VIII associated 3"
"M34996_s_at","HLA-DQA1/HLA-DQA2","major histocompatibility complex, class II, DQ alpha 1/major histocompatibility complex, class II, DQ alpha 2"
"M35128_at","CHRM1","cholinergic receptor muscarinic 1"
"M35198_at","ITGB6/LINC02478","integrin subunit beta 6/long intergenic non-protein coding RNA 2478"
"M35296_at","ABL2","ABL proto-oncogene 2, non-receptor tyrosine kinase"
"M35416_at","RALB","RAS like proto-oncogene B"
"M35531_at","FUT1","fucosyltransferase 1 (H blood group)"
"M35851_s_at","AR","androgen receptor"
"M35878_at","IGFBP3","insulin like growth factor binding protein 3"
"M35999_at","ITGB3","integrin subunit beta 3"
"M36067_at","LIG1","DNA ligase 1"
"M36118_s_at","GZMH","granzyme H"
"M36200_at","VAMP1","vesicle associated membrane protein 1"
"M36205_at","VAMP2","vesicle associated membrane protein 2"
"M36284_s_at","GYPC","glycophorin C (Gerbich blood group)"
"M36542_s_at","POU2F2","POU class 2 homeobox 2"
"M36653_s_at","POU2F2","POU class 2 homeobox 2"
"M37033_at","CD53","CD53 molecule"
"M37075_at","MYL4","myosin light chain 4"
"M37190_at","RIN2","Ras and Rab interactor 2"
"M37271_s_at","CD7","CD7 molecule"
"M37400_at","GOT1","glutamic-oxaloacetic transaminase 1"
"M37435_at","CSF1","colony stimulating factor 1"
"M37457_s_at","ATP1A3","ATPase Na+/K+ transporting subunit alpha 3"
"M37485_cds1_at","IGHD","immunoglobulin heavy constant delta"
"M37712_at","ADGRA3","adhesion G protein-coupled receptor A3"
"M37763_at","NTF3","neurotrophin 3"
"M37766_at","CD48","CD48 molecule"
"M37815_cds1_at","CD28","CD28 molecule"
"M37825_at","FGF5","fibroblast growth factor 5"
"M37981_at","CHRNA3","cholinergic receptor nicotinic alpha 3 subunit"
"M38180_rna1_at","HSD3B1","hydroxy-delta-5-steroid dehydrogenase, 3 beta- and steroid delta-isomerase 1"
"M38258_at","RARG","retinoic acid receptor gamma"
"M38449_s_at","TGFB1","transforming growth factor beta 1"
"M38591_at","S100A10","S100 calcium binding protein A10"
"M38690_at","CD9","CD9 molecule"
"M54914_s_at","FSHB","follicle stimulating hormone subunit beta"
"M54915_s_at","PIM1","Pim-1 proto-oncogene, serine/threonine kinase"
"M54927_at","PLP1","proteolipid protein 1"
"M54951_at","NPPA","natriuretic peptide A"
"M54968_at","KRAS","KRAS proto-oncogene, GTPase"
"M54992_at","CD72","CD72 molecule"
"M54995_at","PPBP","pro-platelet basic protein"
"M55024_s_at","ICAM1","intercellular adhesion molecule 1"
"M55067_at","NCF1C","neutrophil cytosolic factor 1C (pseudogene)"
"M55131_at","CFTR","CF transmembrane conductance regulator"
"M55150_at","FAH","fumarylacetoacetate hydrolase"
"M55153_at","TGM2","transglutaminase 2"
"M55172_at","ACAN","aggrecan"
"M55267_at","EVI2A","ecotropic viral integration site 2A"
"M55284_at","PRKCH","protein kinase C eta"
"M55418_at","AMELX","amelogenin X-linked"
"M55419_at","AMELY","amelogenin Y-linked"
"M55513_s_at","KCNA5","potassium voltage-gated channel subfamily A member 5"
"M55531_at","SLC2A5","solute carrier family 2 member 5"
"M55543_at","GBP2","guanylate binding protein 2"
"M55621_at","MGAT1","alpha-1,3-mannosyl-glycoprotein 2-beta-N-acetylglucosaminyltransferase"
"M55682_s_at","MATN1","matrilin 1"
"M55683_at","MATN1","matrilin 1"
"M55905_at","ME2","malic enzyme 2"
"M57293_at","PTHLH","parathyroid hormone like hormone"
"M57399_at","PTN","pleiotrophin"
"M57423_f_at","PRPS1L1","phosphoribosyl pyrophosphate synthetase 1 like 1"
"M57466_s_at","HLA-DPB1","major histocompatibility complex, class II, DP beta 1"
"M57471_at","UOX","urate oxidase (pseudogene)"
"M57506_rna1_at","CCL1","C-C motif chemokine ligand 1"
"M57567_at","ARF5","ARF GTPase 5"
"M57609_at","GLI3","GLI family zinc finger 3"
"M57703_s_at","PMCH","pro-melanin concentrating hormone"
"M57710_at","LGALS3","galectin 3"
"M57730_at","EFNA1","ephrin A1"
"M57731_s_at","CXCL2","C-X-C motif chemokine ligand 2"
"M57732_at","HNF1A","HNF1 homeobox A"
"M57763_at","ARF6","ARF GTPase 6"
"M57892_at","CA6","carbonic anhydrase 6"
"M58026_at","CALML3","calmodulin like 3"
"M58286_s_at","TNFRSF1A","TNF receptor superfamily member 1A"
"M58297_at","MZF1","myeloid zinc finger 1"
"M58378_cds1_at","SYN1","synapsin I"
"M58459_at","RPS4Y1","ribosomal protein S4 Y-linked 1"
"M58460_at","EXOSC9","exosome component 9"
"M58509_cds1_s_at","FDXR","ferredoxin reductase"
"M58525_s_at","COMT","catechol-O-methyltransferase"
"M58569_s_at","FGA","fibrinogen alpha chain"
"M58597_at","FUT4","fucosyltransferase 4"
"M58603_at","NFKB1","nuclear factor kappa B subunit 1"
"M59216_s_at","GABRB1","gamma-aminobutyric acid type A receptor subunit beta1"
"M59371_at","EPHA2","EPH receptor A2"
"M59465_at","TNFAIP3","TNF alpha induced protein 3"
"M59499_at","TFPI","tissue factor pathway inhibitor"
"M59807_at","IL32","interleukin 32"
"M59815_at","C4A/C4B/C4B_2","complement C4A (Chido/Rodgers blood group)/complement C4B (Chido/Rodgers blood group)/complement component 4B (Chido/Rodgers blood group), copy 2"
"M59820_at","CSF3R","colony stimulating factor 3 receptor"
"M59829_at","HSPA1L","heat shock protein family A (Hsp70) member 1 like"
"M59830_at","HSPA1A/HSPA1B","heat shock protein family A (Hsp70) member 1A/heat shock protein family A (Hsp70) member 1B"
"M59911_at","ITGA3","integrin subunit alpha 3"
"M59916_at","SMPD1","sphingomyelin phosphodiesterase 1"
"M59941_at","CSF2RB","colony stimulating factor 2 receptor subunit beta"
"M59964_at","KITLG","KIT ligand"
"M59979_at","PTGS1","prostaglandin-endoperoxide synthase 1"
"M60047_at","FGFBP1","fibroblast growth factor binding protein 1"
"M60052_at","HRC","histidine rich calcium binding protein"
"M60092_at","AMPD1","adenosine monophosphate deaminase 1"
"M60094_rna1_at","H1-6","H1.6 linker histone, cluster member"
"M60278_at","HBEGF","heparin binding EGF like growth factor"
"M60298_at","EPB42","erythrocyte membrane protein band 4.2"
"M60299_at","COL2A1","collagen type II alpha 1 chain"
"M60314_at","BMP5","bone morphogenetic protein 5"
"M60315_at","BMP6","bone morphogenetic protein 6"
"M60331_at","PRM1","protamine 1"
"M60450_s_at","KCNA4","potassium voltage-gated channel subfamily A member 4"
"M60459_at","EPOR","erythropoietin receptor"
"M60483_rna1_s_at","PPP2CA","protein phosphatase 2 catalytic subunit alpha"
"M60503_at","FLG","filaggrin"
"M60527_at","DCK","deoxycytidine kinase"
"M60614_at","WT1-AS","WT1 antisense RNA"
"M60626_at","FPR1","formyl peptide receptor 1"
"M60721_at","HLX","H2.0 like homeobox"
"M60724_at","RPS6KB1","ribosomal protein S6 kinase B1"
"M60746_at","H3C6","H3 clustered histone 6"
"M60748_at","H1-4","H1.4 linker histone, cluster member"
"M60749_at","H4C6","H4 clustered histone 6"
"M60750_f_at","H2BC8","H2B clustered histone 8"
"M60751_at","H2BC5","H2B clustered histone 5"
"M60752_at","H2AC8","H2A clustered histone 8"
"M60828_at","FGF7","fibroblast growth factor 7"
"M60830_at","EVI2B","ecotropic viral integration site 2B"
"M60891_s_at","UROD","uroporphyrinogen decarboxylase"
"M60922_at","FLOT2","flotillin 2"
"M60974_s_at","GADD45A","growth arrest and DNA damage inducible alpha"
"M61176_at","BDNF","brain derived neurotrophic factor"
"M61199_at","ITPRID2","ITPR interacting domain containing 2"
"M61733_at","EPB41","erythrocyte membrane protein band 4.1"
"M61826_s_at","SPTA1","spectrin alpha, erythrocytic 1"
"M61855_at","CYP2C9","cytochrome P450 family 2 subfamily C member 9"
"M61906_at","PIK3R1","phosphoinositide-3-kinase regulatory subunit 1"
"M61916_at","LAMB1","laminin subunit beta 1"
"M62302_at","GDF1/CERS1","growth differentiation factor 1/ceramide synthase 1"
"M62303_at","RARB","retinoic acid receptor beta"
"M62324_at","ARID5A","AT-rich interaction domain 5A"
"M62397_at","MCC","MCC regulator of Wnt signaling pathway"
"M62400_at","GABRR1","gamma-aminobutyric acid type A receptor subunit rho1"
"M62402_at","IGFBP6","insulin like growth factor binding protein 6"
"M62403_s_at","IGFBP4","insulin like growth factor binding protein 4"
"M62424_at","F2R","coagulation factor II thrombin receptor"
"M62505_at","C5AR1","complement C5a receptor 1"
"M62628_s_at","IGH","immunoglobulin heavy locus"
"M62762_at","ATP6V0C","ATPase H+ transporting V0 subunit c"
"M62800_at","TRIM21","tripartite motif containing 21"
"M62810_at","TFAM","transcription factor A, mitochondrial"
"M62831_at","IER2","immediate early response 2"
"M62840_at","AOAH","acyloxyacyl hydrolase"
"M62843_at","ELAVL4","ELAV like RNA binding protein 4"
"M62958_at","PRPH2","peripherin 2"
"M62982_at","ALOX12","arachidonate 12-lipoxygenase, 12S type"
"M62994_at","FLNB","filamin B"
"M63138_at","CTSD","cathepsin D"
"M63175_at","AMFR","autocrine motility factor receptor"
"M63256_at","CDR2","cerebellar degeneration related protein 2"
"M63262_at","ALOX5AP","arachidonate 5-lipoxygenase activating protein"
"M63379_at","CLU","clusterin"
"M63391_rna1_at","DES","desmin"
"M63438_s_at","IGKC/IGKV1-5/IGKV2-24/IGK","immunoglobulin kappa constant/immunoglobulin kappa variable 1-5/immunoglobulin kappa variable 2-24/immunoglobulin kappa locus"
"M63488_at","RPA1","replication protein A1"
"M63582_at","TRH","thyrotropin releasing hormone"
"M63589_at","TAL1","TAL bHLH transcription factor 1, erythroid differentiation factor"
"M63603_at","PLN","phospholamban"
"M63623_at","OMG","oligodendrocyte myelin glycoprotein"
"M63835_at","FCGR1A","Fc gamma receptor Ia"
"M63838_s_at","IFI16","interferon gamma inducible protein 16"
"M63896_at","TEAD1","TEA domain transcription factor 1"
"M63904_at","GNA15","G protein subunit alpha 15"
"M63928_at","CD27","CD27 molecule"
"M63959_at","LRPAP1","LDL receptor related protein associated protein 1"
"M63962_rna1_at","ATP4A","ATPase H+/K+ transporting subunit alpha"
"M63967_at","ALDH1B1","aldehyde dehydrogenase 1 family member B1"
"M64082_at","FMO1","flavin containing dimethylaniline monoxygenase 1"
"M64099_at","GGT5","gamma-glutamyltransferase 5"
"M64108_at","COL14A1","collagen type XIV alpha 1 chain"
"M64231_rna1_at","SRM","spermidine synthase"
"M64269_s_at","CMA1","chymase 1"
"M64347_at","FGFR3","fibroblast growth factor receptor 3"
"M64358_at","LMO3","LIM domain only 3"
"M64497_at","NR2F2","nuclear receptor subfamily 2 group F member 2"
"M64554_rna1_at","F13B","coagulation factor XIII B chain"
"M64572_at","PTPN3","protein tyrosine phosphatase non-receptor type 3"
"M64590_at","GLDC","glycine decarboxylase"
"M64595_at","RAC2","Rac family small GTPase 2"
"M64673_at","HSF1","heat shock transcription factor 1"
"M64676_at","KCNC4","potassium voltage-gated channel subfamily C member 4"
"M64710_s_at","NPPC","natriuretic peptide C"
"M64788_at","RAP1GAP","RAP1 GTPase activating protein"
"M64925_at","MPP1","MAGUK p55 scaffold protein 1"
"M64929_at","PPP2R2A","protein phosphatase 2 regulatory subunit Balpha"
"M64930_at","PPP2R2B","protein phosphatase 2 regulatory subunit Bbeta"
"M64934_at","KEL","Kell metallo-endopeptidase (Kell blood group)"
"M64936_at","ACSM3","acyl-CoA synthetase medium chain family member 3"
"M65062_at","IGFBP5","insulin like growth factor binding protein 5"
"M65066_at","PRKAR1B","protein kinase cAMP-dependent type I regulatory subunit beta"
"M65085_at","FSHR","follicle stimulating hormone receptor"
"M65134_s_at","C5","complement C5"
"M65290_at","IL12B","interleukin 12B"
"M65291_at","IL12A","interleukin 12A"
"M65292_s_at","CFHR1/CFH","complement factor H related 1/complement factor H"
"M67439_at","DRD5","dopamine receptor D5"
"M67468_s_at","FMR1","fragile X messenger ribonucleoprotein 1"
"M68516_rna1_at","SERPINA5","serpin family A member 5"
"M68519_rna1_at","SFTPA2","surfactant protein A2"
"M68520_at","CDK2","cyclin dependent kinase 2"
"M68864_at","UBXN1","UBX domain protein 1"
"M68891_at","GATA2","GATA binding protein 2"
"M68895_rna1_at","ADH6","alcohol dehydrogenase 6 (class V)"
"M68907_s_at","TAC1","tachykinin precursor 1"
"M68941_at","PTPN4","protein tyrosine phosphatase non-receptor type 4"
"M69023_at","TSPAN3","tetraspanin 3"
"M69043_at","NFKBIA","NFKB inhibitor alpha"
"M69177_at","MAOB","monoamine oxidase B"
"M69181_at","MYH10","myosin heavy chain 10"
"M69197_xpt2_s_at","HP","haptoglobin"
"M69203_s_at","CCL4","C-C motif chemokine ligand 4"
"M69225_at","DST","dystonin"
"M69238_at","ARNT","aryl hydrocarbon receptor nuclear translocator"
"M71243_f_at","GYPA","glycophorin A (MNS blood group)"
"M72885_rna1_s_at","G0S2","G0/G1 switch 2"
"M73047_at","TPP2","tripeptidyl peptidase 2"
"M73077_at","ARHGAP35","Rho GTPase activating protein 35"
"M73239_s_at","HGF","hepatocyte growth factor"
"M73481_at","GRPR","gastrin releasing peptide receptor"
"M73482_at","NMBR","neuromedin B receptor"
"M73489_at","GUCY2C","guanylate cyclase 2C"
"M73547_at","REEP5","receptor accessory protein 5"
"M73548_at","APC","APC regulator of Wnt signaling pathway"
"M73720_at","CPA3","carboxypeptidase A3"
"M73746_s_at","LHCGR","luteinizing hormone/choriogonadotropin receptor"
"M74002_at","SRSF11","serine and arginine rich splicing factor 11"
"M74088_s_at","APC","APC regulator of Wnt signaling pathway"
"M74089_at","SLC25A46","solute carrier family 25 member 46"
"M74091_at","CCNC","cyclin C"
"M74096_at","ACADL","acyl-CoA dehydrogenase long chain"
"M74099_at","CUX1","cut like homeobox 1"
"M74161_at","INPP5B","inositol polyphosphate-5-phosphatase B"
"M74290_at","TACR1","tachykinin receptor 1"
"M74297_at","HOXA4","homeobox A4"
"M74447_at","TAP2","transporter 2, ATP binding cassette subfamily B member"
"M74524_at","UBE2A","ubiquitin conjugating enzyme E2 A"
"M74525_at","UBE2B","ubiquitin conjugating enzyme E2 B"
"M74542_at","ALDH3A1","aldehyde dehydrogenase 3 family member A1"
"M74558_at","STIL","STIL centriolar assembly protein"
"M74587_rna1_s_at","IGFBP1","insulin like growth factor binding protein 1"
"M74719_at","TCF4","transcription factor 4"
"M75106_at","CPB2","carboxypeptidase B2"
"M75110_at","ATP4B","ATPase H+/K+ transporting subunit beta"
"M75126_at","HK1","hexokinase 1"
"M75715_s_at","ETF1","eukaryotic translation termination factor 1"
"M76125_s_at","AXL","AXL receptor tyrosine kinase"
"M76180_at","DDC","dopa decarboxylase"
"M76378_at","CSRP1","cysteine and glycine rich protein 1"
"M76424_at","CA7","carbonic anhydrase 7"
"M76446_at","ADRA1D","adrenoceptor alpha 1D"
"M76559_at","CACNA2D1","calcium voltage-gated channel auxiliary subunit alpha2delta 1"
"M76665_at","HSD11B1","hydroxysteroid 11-beta dehydrogenase 1"
"M76732_s_at","MSX1","msh homeobox 1"
"M77016_at","TMOD1","tropomodulin 1"
"M77140_at","GAL","galanin and GMAP prepropeptide"
"M77142_at","TIA1","TIA1 cytotoxic granule associated RNA binding protein"
"M77144_rna1_at","HSD3B2","hydroxy-delta-5-steroid dehydrogenase, 3 beta- and steroid delta-isomerase 2"
"M77235_at","SCN5A","sodium voltage-gated channel alpha subunit 5"
"M77348_rna1_s_at","PMEL","premelanosome protein"
"M77349_at","TGFBI","transforming growth factor beta induced"
"M77481_rna1_f_at","MAGEA1","MAGE family member A1"
"M77698_at","YY1","YY1 transcription factor"
"M77810_at","GATA2","GATA binding protein 2"
"M77829_s_at","AQP1","aquaporin 1 (Colton blood group)"
"M79462_at","PML","PML nuclear body scaffold"
"M79463_s_at","PML","PML nuclear body scaffold"
"M80244_at","SLC7A5","solute carrier family 7 member 5"
"M80254_at","PPIF","peptidylprolyl isomerase F"
"M80335_at","PRKACA","protein kinase cAMP-activated catalytic subunit alpha"
"M80359_at","MARK3","microtubule affinity regulating kinase 3"
"M80397_s_at","POLD1","DNA polymerase delta 1, catalytic subunit"
"M80563_at","S100A4","S100 calcium binding protein A4"
"M80647_at","TBXAS1","thromboxane A synthase 1"
"M80783_at","TNFAIP1","TNF alpha induced protein 1"
"M80899_at","AHNAK","AHNAK nucleoprotein"
"M81118_at","ADH5","alcohol dehydrogenase 5 (class III), chi polypeptide"
"M81181_s_at","ATP1B2","ATPase Na+/K+ transporting subunit beta 2"
"M81182_s_at","ABCD3","ATP binding cassette subfamily D member 3"
"M81379_at","COL4A3","collagen type IV alpha 3 chain"
"M81637_at","GCA","grancalcin"
"M81650_rna1_at","SEMG1","semenogelin 1"
"M81695_s_at","ITGAX","integrin subunit alpha X"
"M81750_at","MNDA","myeloid cell nuclear differentiation antigen"
"M81758_at","SCN4A","sodium voltage-gated channel alpha subunit 4"
"M81778_s_at","HTR2C","5-hydroxytryptamine receptor 2C"
"M81780_cds3_at",NA,NA
"M81780_cds4_at",NA,NA
"M81780_cds5_at","SMPD1","sphingomyelin phosphodiesterase 1"
"M81882_at","GAD2","glutamate decarboxylase 2"
"M81883_at","GAD1","glutamate decarboxylase 1"
"M81933_at","CDC25A","cell division cycle 25A"
"M82809_at","ANXA4","annexin A4"
"M82827_s_at",NA,NA
"M82882_at","ELF1","E74 like ETS transcription factor 1"
"M82919_at","GABRB3","gamma-aminobutyric acid type A receptor subunit beta3"
"M82962_at","MEP1A","meprin A subunit alpha"
"M83186_at","COX7A1","cytochrome c oxidase subunit 7A1"
"M83216_s_at","CALD1","caldesmon 1"
"M83221_at","RELB","RELB proto-oncogene, NF-kB subunit"
"M83233_at","TCF12","transcription factor 12"
"M83363_at","ATP2B4","ATPase plasma membrane Ca2+ transporting 4"
"M83651_at","B4GALNT1","beta-1,4-N-acetyl-galactosaminyltransferase 1"
"M83652_s_at","CFP","complement factor properdin"
"M83664_at","HLA-DPB1","major histocompatibility complex, class II, DP beta 1"
"M83667_rna1_s_at","CEBPD","CCAAT enhancer binding protein delta"
"M83712_s_at","CHRNA5","cholinergic receptor nicotinic alpha 5 subunit"
"M83738_at","PTPN9","protein tyrosine phosphatase non-receptor type 9"
"M83751_at","MANF","mesencephalic astrocyte derived neurotrophic factor"
"M83822_at","LRBA","LPS responsive beige-like anchor protein"
"M83941_at","EPHA3","EPH receptor A3"
"M84349_at","CD59","CD59 molecule (CD59 blood group)"
"M84371_rna1_s_at","CD19","CD19 molecule"
"M84526_at","CFD","complement factor D"
"M84605_at",NA,NA
"M84739_at","CALR","calreticulin"
"M84820_s_at","RXRB","retinoid X receptor beta"
"M85085_at","CSTF2","cleavage stimulation factor subunit 2"
"M85165_at","ELK4","ETS transcription factor ELK4"
"M85169_at","CYTH1","cytohesin 1"
"M85217_at","KCNA3","potassium voltage-gated channel subfamily A member 3"
"M85220_at","IGH/IGHA1/IGHA2","immunoglobulin heavy locus/immunoglobulin heavy constant alpha 1/immunoglobulin heavy constant alpha 2 (A2m marker)"
"M85276_at","GNLY","granulysin"
"M85289_at","HSPG2","heparan sulfate proteoglycan 2"
"M86383_s_at","CHRNA3","cholinergic receptor nicotinic alpha 3 subunit"
"M86406_at","ACTN2","actinin alpha 2"
"M86407_at","ACTN3","actinin alpha 3"
"M86667_at","NAP1L1","nucleosome assembly protein 1 like 1"
"M86699_at","TTK","TTK protein kinase"
"M86707_at","NMT1","N-myristoyltransferase 1"
"M86752_at","STIP1","stress induced phosphoprotein 1"
"M86808_at","PDHA2","pyruvate dehydrogenase E1 subunit alpha 2"
"M86849_at","GJB2","gap junction protein beta 2"
"M86852_at","PEX2","peroxisomal biogenesis factor 2"
"M86873_s_at","PLG/PLGLB2/PLGLB1/PLGLA","plasminogen/plasminogen like B2/plasminogen like B1/plasminogen like A (pseudogene)"
"M86933_at","AMELY","amelogenin Y-linked"
"M86933_s_at","AMELY/AMELX","amelogenin Y-linked/amelogenin X-linked"
"M87313_s_at","DMPK","DM1 protein kinase"
"M87338_at","RFC2","replication factor C subunit 2"
"M87339_at","RFC4","replication factor C subunit 4"
"M87434_at","OAS2","2'-5'-oligoadenylate synthetase 2"
"M87499_at","CCNO","cyclin O"
"M87503_at","IRF9","interferon regulatory factor 9"
"M87507_s_at","CASP1","caspase 1"
"M87789_s_at","IGHG3/IGHG1/IGHG2/IGHG4/IGHM/IGHV4-31","immunoglobulin heavy constant gamma 3 (G3m marker)/immunoglobulin heavy constant gamma 1 (G1m marker)/immunoglobulin heavy constant gamma 2 (G2m marker)/immunoglobulin heavy constant gamma 4 (G4m marker)/immunoglobulin heavy constant mu/immunoglobulin heavy variable 4-31"
"M87860_at","LGALS2","galectin 2"
"M88163_at","SMARCA1","SNF2 related chromatin remodeling ATPase 1"
"M88279_at","FKBP4","FKBP prolyl isomerase 4"
"M88282_at","CD96","CD96 molecule"
"M88338_at","CDC42EP1","CDC42 effector protein 1"
"M88458_at","KDELR2","KDEL endoplasmic reticulum protein retention receptor 2"
"M88461_s_at","NPY1R","neuropeptide Y receptor Y1"
"M88579_at","ZSCAN26","zinc finger and SCAN domain containing 26"
"M89470_s_at","PAX2","paired box 2"
"M89796_rna1_at","MS4A2","membrane spanning 4-domains A2"
"M89914_s_at","NF1","neurofibromin 1"
"M89955_at","HTR1D","5-hydroxytryptamine receptor 1D"
"M89957_at","CD79B","CD79b molecule"
"M90354_at","BTF3P11","basic transcription factor 3 pseudogene 11"
"M90356_f_at",NA,NA
"M90359_at","AKAP5","A-kinase anchoring protein 5"
"M90391_s_at","IL16","interleukin 16"
"M90516_at","GFPT1","glutamine--fructose-6-phosphate transaminase 1"
"M90656_at","GCLC","glutamate-cysteine ligase catalytic subunit"
"M90657_at","TM4SF1","transmembrane 4 L six family member 1"
"M90696_at","CTSS","cathepsin S"
"M90820_at","FKBP3","FKBP prolyl isomerase 3"
"M91036_rna1_at","HBG2","hemoglobin subunit gamma 2"
"M91196_at","IRF8","interferon regulatory factor 8"
"M91368_s_at","SLC8A1","solute carrier family 8 member A1"
"M91432_at","ACADM","acyl-CoA dehydrogenase medium chain"
"M91438_at","SPINK2","serine peptidase inhibitor Kazal type 2"
"M91463_rna1_at","SLC2A4","solute carrier family 2 member 4"
"M91556_s_at","SCN7A","sodium voltage-gated channel alpha subunit 7"
"M91669_s_at","COL17A1","collagen type XVII alpha 1 chain"
"M91670_at","UBE2S","ubiquitin conjugating enzyme E2 S"
"M92269_f_at","CACNA1C","calcium voltage-gated channel subunit alpha1 C"
"M92287_at","CCND3","cyclin D3"
"M92357_at","TNFAIP2","TNF alpha induced protein 2"
"M92424_at","MDM2","MDM2 proto-oncogene"
"M92432_at","GUCY2D","guanylate cyclase 2D, retinal"
"M92439_at","LRPPRC","leucine rich pentatricopeptide repeat containing"
"M92449_at","NAAA","N-acylethanolamine acid amidase"
"M92843_s_at","ZFP36","ZFP36 ring finger protein"
"M92934_at","CCN2","cellular communication network factor 2"
"M93056_at","SERPINB1","serpin family B member 1"
"M93119_at","INSM1","INSM transcriptional repressor 1"
"M93143_at","PLGLB2/PLG/PLGLB1/PLGLA","plasminogen like B2/plasminogen/plasminogen like B1/plasminogen like A (pseudogene)"
"M93221_at","MRC1","mannose receptor C-type 1"
"M93284_at","PNLIPRP2","pancreatic lipase related protein 2 (gene/pseudogene)"
"M93311_at","MT3","metallothionein 3"
"M93415_at","ACVR2A","activin A receptor type 2A"
"M93425_at","PTPN12","protein tyrosine phosphatase non-receptor type 12"
"M93426_at","PTPRZ1","protein tyrosine phosphatase receptor type Z1"
"M94055_at","SCN2A","sodium voltage-gated channel alpha subunit 2"
"M94077_at","LORICRIN","loricrin cornified envelope precursor protein"
"M94151_at","CTNNA2","catenin alpha 2"
"M94167_at","NRG1","neuregulin 1"
"M94250_at","MDK","midkine"
"M94345_at","CAPG","capping actin protein, gelsolin like"
"M94547_at","MYL7","myosin light chain 7"
"M94556_at","SSBP1","single stranded DNA binding protein 1"
"M94633_at","RAG2","recombination activating 2"
"M94856_at","FABP5","fatty acid binding protein 5"
"M94893_at","TSPY1","testis specific protein Y-linked 1"
"M95167_at","SLC6A3","solute carrier family 6 member 3"
"M95178_at","ACTN1","actinin alpha 1"
"M95610_at","COL9A2","collagen type IX alpha 2 chain"
"M95623_cds1_at","HMBS","hydroxymethylbilane synthase"
"M95678_at","PLCB2","phospholipase C beta 2"
"M95712_at","BRAF/KIAA1549","B-Raf proto-oncogene, serine/threonine kinase/KIAA1549"
"M95740_at","IDUA","alpha-L-iduronidase"
"M95767_at","CTBS","chitobiase"
"M95787_at","TAGLN","transgelin"
"M95809_at","GTF2H1","general transcription factor IIH subunit 1"
"M95925_at","NRL","neural retina leucine zipper"
"M95929_at","SFXN3","sideroflexin 3"
"M95936_s_at","AKT2","AKT serine/threonine kinase 2"
"M96132_at","HLA-DQB1/HLA-DRB1/HLA-DRB3/HLA-DRB4/HLA-DRB5/HLA-DRB6","major histocompatibility complex, class II, DQ beta 1/major histocompatibility complex, class II, DR beta 1/major histocompatibility complex, class II, DR beta 3/major histocompatibility complex, class II, DR beta 4/major histocompatibility complex, class II, DR beta 5/major histocompatibility complex, class II, DR beta 6 (pseudogene)"
"M96233_s_at","GSTM1/GSTM2/GSTM4","glutathione S-transferase mu 1/glutathione S-transferase mu 2/glutathione S-transferase mu 4"
"M96326_rna1_at","AZU1","azurocidin 1"
"M96684_at","PURA","purine rich element binding protein A"
"M96738_s_at","SSTR3","somatostatin receptor 3"
"M96740_at","NHLH2","nescient helix-loop-helix 2"
"M96759_rna1_at","ROM1","retinal outer segment membrane protein 1"
"M96789_at","GJA4","gap junction protein alpha 4"
"M96803_at","SPTBN1","spectrin beta, non-erythrocytic 1"
"M96843_at","ID2B","inhibitor of DNA binding 2B (pseudogene)"
"M96859_at","DPP6","dipeptidyl peptidase like 6"
"M96944_at","PAX5","paired box 5"
"M96980_at","MYT1","myelin transcription factor 1"
"M96982_at","U2AF1/LOC102724594","U2 small nuclear RNA auxiliary factor 1/U2 small nuclear RNA auxiliary factor 1 like 5"
"M97287_at","SATB1","SATB homeobox 1"
"M97347_s_at","GCNT1","glucosaminyl (N-acetyl) transferase 1"
"M97496_at","GUCA2A","guanylate cyclase activator 2A"
"M97639_at","ROR2","receptor tyrosine kinase like orphan receptor 2"
"M97675_at","ROR1","receptor tyrosine kinase like orphan receptor 1"
"M97796_s_at","ID2/ID2B","inhibitor of DNA binding 2/inhibitor of DNA binding 2B (pseudogene)"
"M97815_at","CRABP2","cellular retinoic acid binding protein 2"
"M97935_s_at","STAT1","signal transducer and activator of transcription 1"
"M97936_at","STAT1","signal transducer and activator of transcription 1"
"M98045_at","FPGS","folylpolyglutamate synthase"
"M98343_at","CTTN","cortactin"
"M98399_s_at","CD36","CD36 molecule (CD36 blood group)"
"M98447_rna1_at","TGM1","transglutaminase 1"
"M98528_at","NSG1","neuronal vesicle trafficking associated 1"
"M98833_at","FLI1","Fli-1 proto-oncogene, ETS transcription factor"
"M99063_at","KRT76","keratin 76"
"M99435_at","TLE1","TLE family member 1, transcriptional corepressor"
"M99436_at","TLE2","TLE family member 2, transcriptional corepressor"
"M99438_at","TLE3","TLE family member 3, transcriptional corepressor"
"M99439_at","TLE4","TLE family member 4, transcriptional corepressor"
"M99487_at","FOLH1/FOLH1B","folate hydrolase 1/folate hydrolase 1B (pseudogene)"
"M99564_at","OCA2","OCA2 melanosomal transmembrane protein"
"M99701_at","TCEAL1","transcription elongation factor A like 1"
"S37730_s_at","IGFBP2","insulin like growth factor binding protein 2"
"S38742_s_at","TLX1","T cell leukemia homeobox 1"
"S38953_s_at","TNXA/TNXB","tenascin XA (pseudogene)/tenascin XB"
"S39329_at","KLK2","kallikrein related peptidase 2"
"S41458_at","PDE6B","phosphodiesterase 6B"
"S42303_at","CDH2","cadherin 2"
"S42457_at","CNGA1","cyclic nucleotide gated channel subunit alpha 1"
"S45630_at","CRYAB","crystallin alpha B"
"S46622_at","PPP3CC","protein phosphatase 3 catalytic subunit gamma"
"S48983_at","SAA4/SAA2-SAA4","serum amyloid A4, constitutive/SAA2-SAA4 readthrough"
"S50223_at","ZNF22","zinc finger protein 22"
"S52028_s_at","CTH","cystathionine gamma-lyase"
"S53911_at","CD34","CD34 molecule"
"S55606_at","BTC","betacellulin"
"S57153_s_at","ARID4A","AT-rich interaction domain 4A"
"S57212_s_at","MEF2C","myocyte enhancer factor 2C"
"S57887_at","PLA2G7","phospholipase A2 group VII"
"S58544_at","SPAG1","sperm associated antigen 1"
"S58733_at",NA,NA
"S59049_at","RGS1","regulator of G protein signaling 1"
"S59184_at","RYK","receptor like tyrosine kinase"
"S60415_at","CACNB2","calcium voltage-gated channel auxiliary subunit beta 2"
"S61953_at","ERBB3","erb-b2 receptor tyrosine kinase 3"
"S62027_s_at","GNGT1","G protein subunit gamma transducin 1"
"S62028_s_at","RCVRN","recoverin"
"S62539_at","IRS1","insulin receptor substrate 1"
"S62696_s_at","CR2","complement C3d receptor 2"
"S62904_s_at","TPMT","thiopurine S-methyltransferase"
"S62907_s_at","GABRA2","gamma-aminobutyric acid type A receptor subunit alpha2"
"S65738_at","DSTN","destrin, actin depolymerizing factor"
"S66431_at","KDM5A","lysine demethylase 5A"
"S66896_at","SERPINB3","serpin family B member 3"
"S67070_at","HSPB2","heat shock protein family B (small) member 2"
"S67156_at","ASPA","aspartoacylase"
"S67247_s_at","MYH10","myosin heavy chain 10"
"S67798_at","SPAM1","sperm adhesion molecule 1"
"S67970_at","ZNF75D","zinc finger protein 75D"
"S68134_s_at","CREM","cAMP responsive element modulator"
"S68271_s_at","CREM","cAMP responsive element modulator"
"S68805_at","GATM","glycine amidinotransferase"
"S69115_at","NKG7","natural killer cell granule protein 7"
"S69231_s_at","DCT","dopachrome tautomerase"
"S69232_at","ETFDH","electron transfer flavoprotein dehydrogenase"
"S69265_s_at","ELAVL3","ELAV like RNA binding protein 3"
"S69272_s_at","SERPINB6","serpin family B member 6"
"S69369_at","PAX3","paired box 3"
"S69370_s_at","PAX3","paired box 3"
"S69790_at","WASF3","WASP family member 3"
"S69965_at","SNCB","synuclein beta"
"S70004_at","GYS2","glycogen synthase 2"
"S70585_rna1_at","CGA","glycoprotein hormones, alpha polypeptide"
"S70609_at","SLC6A9","solute carrier family 6 member 9"
"S71043_rna1_s_at","IGH/IGHA1/IGHA2","immunoglobulin heavy locus/immunoglobulin heavy constant alpha 1/immunoglobulin heavy constant alpha 2 (A2m marker)"
"S71129_at","ACHE","acetylcholinesterase (Yt blood group)"
"S72024_s_at","EIF5A/EIF5AL1","eukaryotic translation initiation factor 5A/eukaryotic translation initiation factor 5A like 1"
"S72043_rna1_at","MT3","metallothionein 3"
"S72370_at","PC","pyruvate carboxylase"
"S72487_at","CIMAP1B","ciliary microtubule associated protein 1B"
"S72493_s_at","KRT16","keratin 16"
"S72869_at","CCDC6","coiled-coil domain containing 6"
"S73205_at",NA,NA
"S73591_at","TXNIP","thioredoxin interacting protein"
"S73813_at","ENTPD1","ectonucleoside triphosphate diphosphohydrolase 1"
"S73840_at","MYH2","myosin heavy chain 2"
"S73885_s_at","TFAP4","transcription factor AP-4"
"S74017_at","NFE2L2","NFE2 like bZIP transcription factor 2"
"S74445_at","CRABP1","cellular retinoic acid binding protein 1"
"S74683_at","ART1","ADP-ribosyltransferase 1"
"S75168_rna1_at","MATK","megakaryocyte-associated tyrosine kinase"
"S75174_at","E2F4","E2F transcription factor 4"
"S75256_s_at","LCN2","lipocalin 2"
"S75295_at","KPNA1","karyopherin subunit alpha 1"
"S75313_at","ATXN3","ataxin 3"
"S75463_at","TUFM","Tu translation elongation factor, mitochondrial"
"S75578_s_at","ABAT","4-aminobutyrate aminotransferase"
"S76067_at","CNGA2","cyclic nucleotide gated channel subunit alpha 2"
"S76475_at","NTRK3","neurotrophic receptor tyrosine kinase 3"
"S76617_at","BLK","BLK proto-oncogene, Src family tyrosine kinase"
"S76638_at","NFKB2","nuclear factor kappa B subunit 2"
"S76756_s_at","MAP2","microtubule associated protein 2"
"S76853_s_at",NA,NA
"S76942_s_at","DRD4","dopamine receptor D4"
"S76965_at","PKIA","cAMP-dependent protein kinase inhibitor alpha"
"S76978_s_at","FOLH1/FOLH1B","folate hydrolase 1/folate hydrolase 1B (pseudogene)"
"S76992_at","VAV2","vav guanine nucleotide exchange factor 2"
"S77154_s_at","NR4A2","nuclear receptor subfamily 4 group A member 2"
"S77356_at","ATP5PO","ATP synthase peripheral stalk subunit OSCP"
"S77361_at",NA,NA
"S77393_at","KLF3","KLF transcription factor 3"
"S77410_at","AGTR1","angiotensin II receptor type 1"
"S77575_at",NA,NA
"S77582_at",NA,NA
"S77583_at",NA,NA
"S77763_at","NFE2","nuclear factor, erythroid 2"
"S77835_s_at","IL2","interleukin 2"
"S78085_at","PDCD2","programmed cell death 2"
"S78187_at","CDC25B","cell division cycle 25B"
"S78234_at","CDC27","cell division cycle 27"
"S78271_s_at","SMC1A","structural maintenance of chromosomes 1A"
"S78432_xpt1_at","TSPAN31","tetraspanin 31"
"S78467_s_at","PIGAP1/PIGA","phosphatidylinositol glycan anchor biosynthesis class A pseudogene 1/phosphatidylinositol glycan anchor biosynthesis class A"
"S78569_at","LAMA4","laminin subunit alpha 4"
"S78693_f_at","CREB1","cAMP responsive element binding protein 1"
"S78723_rna2_at","HTR2A","5-hydroxytryptamine receptor 2A"
"S78798_s_at","PIP4K2A","phosphatidylinositol-5-phosphate 4-kinase type 2 alpha"
"S78825_at","ID1","inhibitor of DNA binding 1"
"S78873_s_at","RABIF","RAB interacting factor"
"S79048_at","PRR4","proline rich 4"
"S79219_s_at","PCCA","propionyl-CoA carboxylase subunit alpha"
"S79281_at","RNASE1","ribonuclease A family member 1, pancreatic"
"S79781_at","WT1-AS","WT1 antisense RNA"
"S79873_s_at","LAMP2","lysosomal associated membrane protein 2"
"S80050_at","MGAT5","alpha-1,6-mannosylglycoprotein 6-beta-N-acetylglucosaminyltransferase"
"S80267_s_at","SYK","spleen associated tyrosine kinase"
"S80335_at","ITGB7","integrin subunit beta 7"
"S80343_at","RARS1","arginyl-tRNA synthetase 1"
"S80562_at","CNN3","calponin 3"
"S80905_f_at","PRB2","proline rich protein BstNI subfamily 2"
"S81003_at","UBE2L3","ubiquitin conjugating enzyme E2 L3"
"S81083_cds1_at","ADD2","adducin 2"
"S81221_at","LSS","lanosterol synthase"
"S81243_s_at","NR4A3","nuclear receptor subfamily 4 group A member 3"
"S81294_at",NA,NA
"S81439_at","KLF10","KLF transcription factor 10"
"S81578_at","RPL7L1","ribosomal protein L7 like 1"
"S81661_s_at","FGF7","fibroblast growth factor 7"
"S81737_s_at","SNTA1","syntrophin alpha 1"
"S81914_at","IER3","immediate early response 3"
"S82075_at",NA,NA
"S82185_at",NA,NA
"S82240_at","RND3","Rho family GTPase 3"
"S82447_s_at","BLOC1S1","biogenesis of lysosomal organelles complex 1 subunit 1"
"S82470_at","MBOAT7","membrane bound acylglycerophosphatidylinositol O-acyltransferase MBOAT7"
"S82471_s_at","SSX3/SSX2/SSX5/SSX2B","SSX family member 3/SSX family member 2/SSX family member 5/SSX family member 2B"
"S82472_at","POLB","DNA polymerase beta"
"S82592_at","MECOM","MDS1 and EVI1 complex locus"
"S82597_rna1_s_at","GALNT1","polypeptide N-acetylgalactosaminyltransferase 1"
"S83249_at",NA,NA
"S83308_at","SOX5","SRY-box transcription factor 5"
"S83309_s_at","NR6A1","nuclear receptor subfamily 6 group A member 1"
"S83325_s_at","ASPH","aspartate beta-hydroxylase"
"S83362_s_at","LIFR","LIF receptor subunit alpha"
"S83364_at","RAB5IF","RAB5 interacting factor"
"S83366_cds3_at","LINC01152","long intergenic non-protein coding RNA 1152"
"S85655_at","PHB1","prohibitin 1"
"S85963_at","IRS1","insulin receptor substrate 1"
"S87759_at","PPM1A","protein phosphatase, Mg2+/Mn2+ dependent 1A"
"S95936_at","TF","transferrin"
"U00001_s_at","CDC27","cell division cycle 27"
"U00115_at","BCL6","BCL6 transcription repressor"
"U00238_rna1_at","PPAT","phosphoribosyl pyrophosphate amidotransferase"
"U00672_at","IL10RA","interleukin 10 receptor subunit alpha"
"U00802_s_at","DBN1","drebrin 1"
"U00921_at","LST1","leukocyte specific transcript 1"
"U00930_at","CHD8","chromodomain helicase DNA binding protein 8"
"U00944_at","ALG13","ALG13 UDP-N-acetylglucosaminyltransferase subunit"
"U00946_at","WNK1","WNK lysine deficient protein kinase 1"
"U00951_at","ZFR","zinc finger RNA binding protein"
"U00952_at","PBXIP1","PBX homeobox interacting protein 1"
"U00957_at","AKAP10","A-kinase anchoring protein 10"
"U00968_at","SREBF1","sterol regulatory element binding transcription factor 1"
"U01062_at","ITPR3","inositol 1,4,5-trisphosphate receptor type 3"
"U01120_at","G6PC1","glucose-6-phosphatase catalytic subunit 1"
"U01157_at","GLP1R","glucagon like peptide 1 receptor"
"U01160_at","TSPAN31","tetraspanin 31"
"U01317_cds1_at","HBE1","hemoglobin subunit epsilon 1"
"U01317_cds4_at","HBD","hemoglobin subunit delta"
"U01317_cds6_at","HBB","hemoglobin subunit beta"
"U01691_s_at","ANXA5","annexin A5"
"U01828_at","MAP2","microtubule associated protein 2"
"U01877_at","EP300","EP300 lysine acetyltransferase"
"U01923_at","HNRNPH2/RPL36A-HNRNPH2","heterogeneous nuclear ribonucleoprotein H2/RPL36A-HNRNPH2 readthrough"
"U02020_at","NAMPT","nicotinamide phosphoribosyltransferase"
"U02081_at","NET1","neuroepithelial cell transforming 1"
"U02082_at","ARHGEF5","Rho guanine nucleotide exchange factor 5"
"U02310_at","FOXO1","forkhead box O1"
"U02388_at","CYP4F2","cytochrome P450 family 4 subfamily F member 2"
"U02556_at","DYNLT3","dynein light chain Tctex-type 3"
"U02566_s_at","TYRO3","TYRO3 protein tyrosine kinase"
"U02609_at","TBL3","transducin beta like 3"
"U02619_at","GTF3C1","general transcription factor IIIC subunit 1"
"U02680_at","TWF1","twinfilin actin binding protein 1"
"U02683_s_at","NRF1","nuclear respiratory factor 1"
"U02687_at","FLT3","fms related receptor tyrosine kinase 3"
"U03056_at","HYAL1","hyaluronidase 1"
"U03057_at","FSCN1","fascin actin-bundling protein 1"
"U03090_at","PLA2G5","phospholipase A2 group V"
"U03100_at","CTNNA1","catenin alpha 1"
"U03397_s_at","TNFRSF9","TNF receptor superfamily member 9"
"U03399_at","TCP10L3","t-complex 10 like 3 (pseudogene)"
"U03494_at","TFCP2","transcription factor CP2"
"U03634_at","AKAP13","A-kinase anchoring protein 13"
"U03644_at","CIRSR","corepressor of RBPJ and splicing regulator"
"U03688_at","CYP1B1","cytochrome P450 family 1 subfamily B member 1"
"U03735_f_at","MAGEA3/MAGEA6","MAGE family member A3/MAGE family member A6"
"U03851_at","CAPZA2","capping actin protein of muscle Z-line subunit alpha 2"
"U03858_at","FLT3LG","fms related receptor tyrosine kinase 3 ligand"
"U03877_at","EFEMP1","EGF-like fibulin extracellular matrix protein 1"
"U03891_at","APOBEC3A/APOBEC3B","apolipoprotein B mRNA editing enzyme catalytic subunit 3A/apolipoprotein B mRNA editing enzyme catalytic subunit 3B"
"U03911_at","MSH2","mutS homolog 2"
"U04209_at","MFAP1","microfibril associated protein 1"
"U04270_at","KCNH2","potassium voltage-gated channel subfamily H member 2"
"U04285_s_at","LIPA","lipase A, lysosomal acid type"
"U04313_at","SERPINB5","serpin family B member 5"
"U04325_cds3_at",NA,NA
"U04520_at","COL4A5","collagen type IV alpha 5 chain"
"U04636_rna1_at","PTGS2","prostaglandin-endoperoxide synthase 2"
"U04735_at","HSPA13","heat shock protein family A (Hsp70) member 13"
"U04806_s_at","FLT3LG","fms related receptor tyrosine kinase 3 ligand"
"U04810_at","TROAP","trophinin associated protein"
"U04847_at","SMARCB1","SWI/SNF related BAF chromatin remodeling complex subunit B1"
"U05012_s_at","NTRK3","neurotrophic receptor tyrosine kinase 3"
"U05227_at","RAB40B","RAB40B, member RAS oncogene family"
"U05237_at","BPTF","bromodomain PHD finger transcription factor"
"U05255_at","GYPB","glycophorin B (MNS blood group)"
"U05255_s_at","GYPB/GYPE","glycophorin B (MNS blood group)/glycophorin E (MNS blood group)"
"U05259_rna1_at","CD79A","CD79a molecule"
"U05321_at","SLC16A2","solute carrier family 16 member 2"
"U05340_at","CDC20","cell division cycle 20"
"U05572_s_at","MAN2B1","mannosidase alpha class 2B member 1"
"U05681_s_at","BCL3","BCL3 transcription coactivator"
"U05861_at","AKR1C1","aldo-keto reductase family 1 member C1"
"U05875_at","IFNGR2","interferon gamma receptor 2"
"U06088_at","GALNS","galactosamine (N-acetyl)-6-sulfatase"
"U06155_at","CENPBD2P/RPL23AP7/RPL23AP82/RPL23AP87/RPL23AP53","CENPB DNA-binding domains containing 2, pseudogene/ribosomal protein L23a pseudogene 7/ribosomal protein L23a pseudogene 82/ribosomal protein L23a pseudogene 87/ribosomal protein L23a pseudogene 53"
"U06454_at","PRKAA2","protein kinase AMP-activated catalytic subunit alpha 2"
"U06631_at","DCAF8","DDB1 and CUL4 associated factor 8"
"U06632_at","COIL","coilin"
"U06643_s_at","LGALS7B/LGALS7","galectin 7B/galectin 7"
"U06681_at","SIRPA","signal regulatory protein alpha"
"U06698_at","KIF5A","kinesin family member 5A"
"U06863_at","FSTL1","follistatin like 1"
"U07000_cds4_at","FBXW4P1","F-box and WD repeat domain containing 4 pseudogene 1"
"U07151_at","ARL3","ARF like GTPase 3"
"U07223_at","CHN2","chimerin 2"
"U07225_at","P2RY2","purinergic receptor P2Y2"
"U07231_at","GRSF1","G-rich RNA sequence binding factor 1"
"U07349_at","MAP4K2","mitogen-activated protein kinase kinase kinase kinase 2"
"U07358_at","MAP3K12","mitogen-activated protein kinase kinase kinase 12"
"U07424_at","FARSA","phenylalanyl-tRNA synthetase subunit alpha"
"U07550_at","HSPE1","heat shock protein family E (Hsp10) member 1"
"U07620_at","MAPK10","mitogen-activated protein kinase 10"
"U07664_at","MNX1","motor neuron and pancreas homeobox 1"
"U07794_cds2_at","TXK","TXK tyrosine kinase"
"U07802_at","ZFP36L2","ZFP36 ring finger protein like 2"
"U07804_s_at","TOP1","DNA topoisomerase I"
"U07806_s_at","TOP1","DNA topoisomerase I"
"U07807_at","MT4","metallothionein 4"
"U07856_at",NA,NA
"U07882_at","OPRD1","opioid receptor delta 1"
"U07919_at","ALDH1A3","aldehyde dehydrogenase 1 family member A3"
"U07969_s_at","CDH17","cadherin 17"
"U08006_s_at","C8A","complement C8 alpha chain"
"U08015_at","NFATC1","nuclear factor of activated T cells 1"
"U08021_at","NNMT","nicotinamide N-methyltransferase"
"U08023_at","MERTK","MER proto-oncogene, tyrosine kinase"
"U08049_at","PMP22","peripheral myelin protein 22"
"U08096_at","PMP22","peripheral myelin protein 22"
"U08191_s_at","NFRKB","nuclear factor related to kappaB binding protein"
"U08198_rna1_at","C8G","complement C8 gamma chain"
"U08336_at","TCF15","transcription factor 15"
"U08377_at","SFSWAP","splicing factor SWAP"
"U08438_at","GRK2","G protein-coupled receptor kinase 2"
"U08815_at","SF3A3","splicing factor 3a subunit 3"
"U08854_s_at","UGT2B15","UDP glucuronosyltransferase family 2 member B15"
"U08989_at","SLC1A1","solute carrier family 1 member 1"
"U08998_at","TARBP2","TARBP2 subunit of RISC loading complex"
"U09002_at","GRIN2A","glutamate ionotropic receptor NMDA type subunit 2A"
"U09087_s_at","TMPO","thymopoietin"
"U09117_at","PLCD1","phospholipase C delta 1"
"U09178_s_at","DPYD","dihydropyrimidine dehydrogenase"
"U09210_at","SLC18A3","solute carrier family 18 member A3"
"U09278_at","FAP","fibroblast activation protein alpha"
"U09279_at","COL19A1","collagen type XIX alpha 1 chain"
"U09284_at","LIMS1","LIM zinc finger domain containing 1"
"U09366_at","ZNF133","zinc finger protein 133"
"U09367_at","ZNF136","zinc finger protein 136"
"U09368_at","ZNF140","zinc finger protein 140"
"U09413_at","ZNF135","zinc finger protein 135"
"U09550_at","OVGP1","oviductal glycoprotein 1"
"U09564_at","SRPK1","SRSF protein kinase 1"
"U09578_at","MAPKAPK3","MAPK activated protein kinase 3"
"U09579_at","CDKN1A","cyclin dependent kinase inhibitor 1A"
"U09607_at","JAK3","Janus kinase 3"
"U09609_at","NFKB2","nuclear factor kappa B subunit 2"
"U09646_at","CPT2","carnitine palmitoyltransferase 2"
"U09716_s_at","LMAN1","lectin, mannose binding 1"
"U09759_at","MAPK9","mitogen-activated protein kinase 9"
"U09770_at","CRIP1","cysteine rich protein 1"
"U09850_at",NA,NA
"U09851_s_at","ZNF148","zinc finger protein 148"
"U09860_at","TMPRSS15","transmembrane serine protease 15"
"U09877_at","SKIC2","SKI2 subunit of superkiller complex"
"U09937_rna1_s_at","PLAUR","plasminogen activator, urokinase receptor"
"U10117_at","AIMP1","aminoacyl tRNA synthetase complex interacting multifunctional protein 1"
"U10324_at","ILF3","interleukin enhancer binding factor 3"
"U10362_at","LMAN2","lectin, mannose binding 2"
"U10473_s_at","B4GALT1","beta-1,4-galactosyltransferase 1"
"U10485_at","IRAG2","inositol 1,4,5-triphosphate receptor associated 2"
"U10492_at","MEOX1","mesenchyme homeobox 1"
"U10685_at","MAGEA10","MAGE family member A10"
"U10686_at","MAGEA11","MAGE family member A11"
"U10687_s_at","MAGEA4","MAGE family member A4"
"U10690_f_at","MAGEA5P/LOC100533997","MAGE family member A5, pseudogene/MAGEA10-MAGEA5 readthrough"
"U10693_at","MAGEA8","MAGE family member A8"
"U10868_at","ALDH3B1","aldehyde dehydrogenase 3 family member B1"
"U10886_at","PTPRJ","protein tyrosine phosphatase receptor type J"
"U10991_at","KIAA1549L","KIAA1549 like"
"U11036_at","GALM","galactose mutarotase"
"U11287_at","GRIN2B","glutamate ionotropic receptor NMDA type subunit 2B"
"U11313_at","SCP2","sterol carrier protein 2"
"U11690_at","FGD1","FYVE, RhoGEF and PH domain containing 1"
"U11701_at","LHX2","LIM homeobox 2"
"U11717_s_at","KCNMA1","potassium calcium-activated channel subfamily M alpha 1"
"U11732_at","ETV6","ETS variant transcription factor 6"
"U11821_s_at","FASLG","Fas ligand"
"U11862_s_at","AOC1","amine oxidase copper containing 1"
"U11863_at","AOC1","amine oxidase copper containing 1"
"U11870_rna1_at","CXCR1","C-X-C motif chemokine receptor 1"
"U11875_s_at","CXCR2","C-X-C motif chemokine receptor 2"
"U11877_at","CXCR2","C-X-C motif chemokine receptor 2"
"U11878_at","CXCR2","C-X-C motif chemokine receptor 2"
"U12139_at","COL11A1","collagen type XI alpha 1 chain"
"U12255_at","FCGRT","Fc gamma receptor and transporter"
"U12259_cds2_s_at","PAX3","paired box 3"
"U12387_s_at","TPMT","thiopurine S-methyltransferase"
"U12424_s_at","GPD2","glycerol-3-phosphate dehydrogenase 2"
"U12535_at","EPS8","EGFR pathway substrate 8, signaling adaptor"
"U12767_at","NR4A3","nuclear receptor subfamily 4 group A member 3"
"U12775_at","ASIP","agouti signaling protein"
"U12778_at","ACADSB","acyl-CoA dehydrogenase short/branched chain"
"U12779_at","MAPKAPK2","MAPK activated protein kinase 2"
"U12897_at","IPW","imprinted in Prader-Willi syndrome"
"U12978_at","SPAG8","sperm associated antigen 8"
"U13022_at","CASP2","caspase 2"
"U13044_at","GABPA","GA binding protein transcription factor subunit alpha"
"U13045_at","GABPB1/GABPB1-IT1","GA binding protein transcription factor subunit beta 1/GABPB1 intronic transcript"
"U13061_rna1_at","SULT2A1","sulfotransferase family 2A member 1"
"U13219_at","FOXF1","forkhead box F1"
"U13220_at","FOXF2","forkhead box F2"
"U13369_at",NA,NA
"U13680_at","LDHC","lactate dehydrogenase C"
"U13695_at","PMS1","PMS1 homolog 1, mismatch repair system component"
"U13737_at","CASP3","caspase 3"
"U13896_at","DLG1","discs large MAGUK scaffold protein 1"
"U13913_s_at","KCNMA1","potassium calcium-activated channel subfamily M alpha 1"
"U13948_at","MLLT10","MLLT10 histone lysine methyltransferase DOT1L cofactor"
"U13991_at","TAF10","TATA-box binding protein associated factor 10"
"U14193_at","GTF2A2","general transcription factor IIA subunit 2"
"U14383_at","MUC8","mucin 8"
"U14417_at","RALGDS","ral guanine nucleotide dissociation stimulator"
"U14518_at","CENPA","centromere protein A"
"U14528_at","SLC26A2","solute carrier family 26 member 2"
"U14550_at","ST6GALNAC2","ST6 N-acetylgalactosaminide alpha-2,6-sialyltransferase 2"
"U14577_s_at","MAP1A","microtubule associated protein 1A"
"U14603_at","PTP4A2","protein tyrosine phosphatase 4A2"
"U14747_at","VSNL1","visinin like 1"
"U14910_at","RGR","retinal G protein coupled receptor"
"U15085_at","HLA-DMB","major histocompatibility complex, class II, DM beta"
"U15128_at","MGAT2","alpha-1,6-mannosyl-glycoprotein 2-beta-N-acetylglucosaminyltransferase"
"U15131_at","DENND2B","DENN domain containing 2B"
"U15173_at","BNIP2","BCL2 interacting protein 2"
"U15174_at","BNIP3","BCL2 interacting protein 3"
"U15197_at","ABO","ABO, alpha 1-3-N-acetylgalactosaminyltransferase and alpha 1-3-galactosyltransferase"
"U15306_at","NFX1","nuclear transcription factor, X-box binding 1"
"U15460_at","BATF","basic leucine zipper ATF-like transcription factor"
"U15552_at","DNTTIP2","deoxynucleotidyltransferase terminal interacting protein 2"
"U15555_at","SPTLC2","serine palmitoyltransferase long chain base subunit 2"
"U15590_at","HSPB3","heat shock protein family B (small) member 3"
"U15642_s_at","E2F5","E2F transcription factor 5"
"U15655_at","ERF","ETS2 repressor factor"
"U15932_at","DUSP5","dual specificity phosphatase 5"
"U16031_at","STAT6","signal transducer and activator of transcription 6"
"U16126_at","GRIK2","glutamate ionotropic receptor kainate type subunit 2"
"U16129_at","GRIA4","glutamate ionotropic receptor AMPA type subunit 4"
"U16258_at","TONSL","tonsoku like, DNA repair protein"
"U16261_at","IL24","interleukin 24"
"U16306_at","VCAN","versican"
"U16307_at","GLIPR1","GLI pathogenesis related 1"
"U16660_at","ECH1","enoyl-CoA hydratase 1"
"U16720_rna1_s_at","IL10","interleukin 10"
"U16811_s_at","BAK1","BCL2 antagonist/killer 1"
"U16861_at","KCNJ2","potassium inwardly rectifying channel subfamily J member 2"
"U16954_at","MLLT11","MLLT11 transcription factor 7 cofactor"
"U16997_at","RORC","RAR related orphan receptor C"
"U17034_at","PLA2R1","phospholipase A2 receptor 1"
"U17077_at","MALL","mal, T cell differentiation protein like"
"U17195_at","AKAP6","A-kinase anchoring protein 6"
"U17280_at","STAR","steroidogenic acute regulatory protein"
"U17327_at","NOS1","nitric oxide synthase 1"
"U17418_at","PTH1R","parathyroid hormone 1 receptor"
"U17566_at","SLC19A1","solute carrier family 19 member 1"
"U17743_s_at","MAP2K4","mitogen-activated protein kinase kinase 4"
"U17760_rna1_at","LAMB3","laminin subunit beta 3"
"U17838_at","PRDM2","PR/SET domain 2"
"U17886_at","SDHB","succinate dehydrogenase complex iron sulfur subunit B"
"U17969_at","EIF5A","eukaryotic translation initiation factor 5A"
"U17977_at","ATP6V0A1","ATPase H+ transporting V0 subunit a1"
"U17989_at","STRN3","striatin 3"
"U18004_at",NA,NA
"U18009_at","VAT1","vesicle amine transport 1"
"U18018_at","ETV4","ETS variant transcription factor 4"
"U18062_at","TAF7","TATA-box binding protein associated factor 7"
"U18088_s_at","PDE4A","phosphodiesterase 4A"
"U18237_at","ABCB10","ATP binding cassette subfamily B member 10"
"U18242_at","CAMLG","calcium modulating ligand"
"U18244_at","SLC1A6","solute carrier family 1 member 6"
"U18259_at","CIITA","class II major histocompatibility complex transactivator"
"U18271_cds1_at","TMPO","thymopoietin"
"U18271_cds3_s_at","TMPO","thymopoietin"
"U18288_at","CIITA","class II major histocompatibility complex transactivator"
"U18291_at","CDC16","cell division cycle 16"
"U18297_s_at","STK4","serine/threonine kinase 4"
"U18321_at","DAP3","death associated protein 3"
"U18383_s_at","NRF1","nuclear respiratory factor 1"
"U18422_at","TFDP2","transcription factor Dp-2"
"U18548_at","GPR12","G protein-coupled receptor 12"
"U18550_at","GPR3","G protein-coupled receptor 3"
"U18671_rna1_at","STAT2","signal transducer and activator of transcription 2"
"U18914_at","TPD52","tumor protein D52"
"U18919_at","COASY","Coenzyme A synthase"
"U18932_at","NDST1","N-deacetylase and N-sulfotransferase 1"
"U18934_at","TYRO3","TYRO3 protein tyrosine kinase"
"U18985_at","TRDN","triadin"
"U18991_at","RPE65","retinoid isomerohydrolase RPE65"
"U19107_rna1_at","MKRN3","makorin ring finger protein 3"
"U19142_at","GAGE1/GAGE12F","G antigen 1/G antigen 12F"
"U19147_s_at","GAGE6/GAGE1/GAGE2C/GAGE4/GAGE5/GAGE7/GAGE12I/GAGE2E/GAGE2B/GAGE13/GAGE12G/GAGE12J/GAGE2D/GAGE12C/GAGE12B/GAGE12E/GAGE12H/GAGE2A/GAGE12F/GAGE8/GAGE12D/GAGE10","G antigen 6/G antigen 1/G antigen 2C/G antigen 4/G antigen 5/G antigen 7/G antigen 12I/G antigen 2E/G antigen 2B/G antigen 13/G antigen 12G/G antigen 12J/G antigen 2D/G antigen 12C/G antigen 12B/G antigen 12E/G antigen 12H/G antigen 2A/G antigen 12F/G antigen 8/G antigen 12D/G antigen 10"
"U19180_at","BAGE/BAGE2","B melanoma antigen/BAGE family member 2 (pseudogene)"
"U19247_rna1_s_at","IFNGR1","interferon gamma receptor 1"
"U19251_s_at","NAIP/OCLN","NLR family apoptosis inhibitory protein/occludin"
"U19252_s_at","TRAPPC10/LOC102724200","trafficking protein particle complex subunit 10/trafficking protein particle complex subunit 10-like"
"U19261_at","TRAF1","TNF receptor associated factor 1"
"U19487_at","PTGER2","prostaglandin E receptor 2"
"U19495_s_at","CXCL12","C-X-C motif chemokine ligand 12"
"U19523_at","GCH1","GTP cyclohydrolase 1"
"U19713_s_at","AIF1","allograft inflammatory factor 1"
"U19718_at","MFAP2","microfibril associated protein 2"
"U19765_at","CNBP","CCHC-type zinc finger nucleic acid binding protein"
"U19796_at","MRPL28","mitochondrial ribosomal protein L28"
"U19878_at","TMEFF1/MSANTD3-TMEFF1","transmembrane protein with EGF like and two follistatin like domains 1/MSANTD3-TMEFF1 readthrough"
"U19906_at","AVPR1A","arginine vasopressin receptor 1A"
"U20158_at","LCP2","lymphocyte cytosolic protein 2"
"U20230_at","GUCY2C","guanylate cyclase 2C"
"U20240_at","CEBPG","CCAAT enhancer binding protein gamma"
"U20350_at","CX3CR1","C-X3-C motif chemokine receptor 1"
"U20362_at","IFT88","intraflagellar transport 88"
"U20391_rna6_at","FOLR1","folate receptor alpha"
"U20530_at","SPP2","secreted phosphoprotein 2"
"U20536_s_at","CASP6","caspase 6"
"U20647_at","ZBTB17","zinc finger and BTB domain containing 17"
"U20648_at","ZNF154","zinc finger protein 154"
"U20734_s_at","JUNB","JunB proto-oncogene, AP-1 transcription factor subunit"
"U20758_rna1_at","SPP1","secreted phosphoprotein 1"
"U20760_at","CASR","calcium sensing receptor"
"U20816_s_at","NFKB2","nuclear factor kappa B subunit 2"
"U20860_at","AGTR2","angiotensin II receptor type 2"
"U20938_at","DPYD","dihydropyrimidine dehydrogenase"
"U20979_at","CHAF1A","chromatin assembly factor 1 subunit A"
"U20998_at","SRP9","signal recognition particle 9"
"U21049_at","PDZK1IP1","PDZK1 interacting protein 1"
"U21090_at","POLD2","DNA polymerase delta 2, accessory subunit"
"U21128_at","LUM","lumican"
"U21551_at","BCAT1","branched chain amino acid transaminase 1"
"U21556_at","LOC646652","integral membrane glycoprotein-like pseudogene"
"U21931_at","FBP1","fructose-bisphosphatase 1"
"U21936_at","SLC15A1","solute carrier family 15 member 1"
"U21943_at","SLCO1A2","solute carrier organic anion transporter family member 1A2"
"U22028_at","CYP2A13","cytochrome P450 family 2 subfamily A member 13"
"U22028_r_at","CYP2A13","cytochrome P450 family 2 subfamily A member 13"
"U22029_f_at","CYP2A7","cytochrome P450 family 2 subfamily A member 7"
"U22178_s_at","MSMB","microseminoprotein beta"
"U22233_at","MTAP","methylthioadenosine phosphorylase"
"U22314_s_at","REST","RE1 silencing transcription factor"
"U22322_s_at","FRK","fyn related Src family tyrosine kinase"
"U22376_cds2_s_at","MYB","MYB proto-oncogene, transcription factor"
"U22377_at","RLF","RLF zinc finger"
"U22398_at","CDKN1C","cyclin dependent kinase inhibitor 1C"
"U22431_s_at","HIF1A","hypoxia inducible factor 1 subunit alpha"
"U22526_at","LSS","lanosterol synthase"
"U22662_at","NR1H3","nuclear receptor subfamily 1 group H member 3"
"U22815_at","PPFIA1","PPFI scaffold protein A1"
"U22816_at","PPFIA1","PPFI scaffold protein A1"
"U22897_at","CALCOCO2","calcium binding and coiled-coil domain 2"
"U22961_s_at","ALB","albumin"
"U22970_rna1_s_at","IFI6","interferon alpha inducible protein 6"
"U23028_at","EIF2B5","eukaryotic translation initiation factor 2B subunit epsilon"
"U23070_at","BAMBI","BMP and activin membrane bound inhibitor"
"U23430_s_at","CCKAR","cholecystokinin A receptor"
"U23435_s_at","ABI2","abl interactor 2"
"U23736_s_at","PRDM2","PR/SET domain 2"
"U23752_at","SOX11","SRY-box transcription factor 11"
"U23803_at","HNRNPA0","heterogeneous nuclear ribonucleoprotein A0"
"U23850_s_at","ITPR1","inositol 1,4,5-trisphosphate receptor type 1"
"U23852_s_at","LCK","LCK proto-oncogene, Src family tyrosine kinase"
"U23942_at","CYP51A1/LRRD1","cytochrome P450 family 51 subfamily A member 1/leucine rich repeats and death domain containing 1"
"U23946_at","RBM5","RNA binding motif protein 5"
"U24153_at","PAK2","p21 (RAC1) activated kinase 2"
"U24169_at","AIMP2","aminoacyl tRNA synthetase complex interacting multifunctional protein 2"
"U24186_at","RPA4","replication protein A4"
"U24266_at","ALDH4A1","aldehyde dehydrogenase 4 family member A1"
"U24389_s_at","LOXL1","lysyl oxidase like 1"
"U24576_at","LMO4","LIM domain only 4"
"U24577_at","PLA2G7","phospholipase A2 group VII"
"U24683_at","IGHV4-55","immunoglobulin heavy variable 4-55 (pseudogene)"
"U24685_at","IGH/IGHA1/IGHA2/IGHD/IGHG1/IGHG3/IGHM/IGHV4-59/IGHV4-31","immunoglobulin heavy locus/immunoglobulin heavy constant alpha 1/immunoglobulin heavy constant alpha 2 (A2m marker)/immunoglobulin heavy constant delta/immunoglobulin heavy constant gamma 1 (G1m marker)/immunoglobulin heavy constant gamma 3 (G3m marker)/immunoglobulin heavy constant mu/immunoglobulin heavy variable 4-59/immunoglobulin heavy variable 4-31"
"U24704_at","PSMD4","proteasome 26S subunit ubiquitin receptor, non-ATPase 4"
"U25029_at","NR3C1","nuclear receptor subfamily 3 group C member 1"
"U25041_at","MRPL12","mitochondrial ribosomal protein L12"
"U25128_at","PTH2R","parathyroid hormone 2 receptor"
"U25138_at","KCNMB1","potassium calcium-activated channel subfamily M regulatory beta subunit 1"
"U25165_at","FXR1","FMR1 autosomal homolog 1"
"U25182_at","PRDX4","peroxiredoxin 4"
"U25265_at","MAP2K5","mitogen-activated protein kinase kinase 5"
"U25433_at",NA,NA
"U25435_at","CTCF","CCCTC-binding factor"
"U25771_at","ARL4D","ARF like GTPase 4D"
"U25801_at","VAC14","VAC14 component of PIKFYVE complex"
"U25826_at","TCF19","transcription factor 19"
"U25849_at","ACP1","acid phosphatase 1"
"U25956_at","SELPLG","selectin P ligand"
"U25975_at","PAK2","p21 (RAC1) activated kinase 2"
"U25988_at","PSG11","pregnancy specific beta-1-glycoprotein 11"
"U25997_at","STC1","stanniocalcin 1"
"U26032_at","EIF2S1","eukaryotic translation initiation factor 2 subunit alpha"
"U26173_s_at","NFIL3","nuclear factor, interleukin 3 regulated"
"U26174_at","GZMK","granzyme K"
"U26266_s_at","DHPS","deoxyhypusine synthase"
"U26312_s_at","CBX3","chromobox 3"
"U26398_at","INPP4A","inositol polyphosphate-4-phosphatase type I A"
"U26403_at","EFNA5","ephrin A5"
"U26424_at","STK3","serine/threonine kinase 3"
"U26591_at","ICA1","islet cell autoantigen 1"
"U26648_at","STX5","syntaxin 5"
"U26710_at","CBLB","Cbl proto-oncogene B"
"U26726_at","HSD11B2","hydroxysteroid 11-beta dehydrogenase 2"
"U26727_at","CDKN2A","cyclin dependent kinase inhibitor 2A"
"U26914_at","RREB1","ras responsive element binding protein 1"
"U27109_at","MMRN1","multimerin 1"
"U27185_at","RARRES1","retinoic acid receptor responder 1"
"U27193_at","DUSP8","dual specificity phosphatase 8"
"U27326_s_at","FUT3","fucosyltransferase 3 (Lewis blood group)"
"U27333_at","FUT6","fucosyltransferase 6"
"U27459_at","ORC2","origin recognition complex subunit 2"
"U27460_at","UGP2","UDP-glucose pyrophosphorylase 2"
"U27516_s_at","RAD52","RAD52 DNA repair protein"
"U27699_at","SLC6A12","solute carrier family 6 member 12"
"U27768_at","RGS4","regulator of G protein signaling 4"
"U28014_at","CASP4","caspase 4"
"U28015_at","CASP5","caspase 5"
"U28042_at","DDX10","DEAD-box helicase 10"
"U28043_at","SLC9A3","solute carrier family 9 member A3"
"U28055_at","MST1L/LOC102724562","macrophage stimulating 1 like (pseudogene)/macrophage stimulating 1 pseudogene"
"U28131_at",NA,NA
"U28150_at","ABCD2","ATP binding cassette subfamily D member 2"
"U28251_cds2_at","ZNF169","zinc finger protein 169"
"U28281_at","SCTR","secretin receptor"
"U28368_at","ID4","inhibitor of DNA binding 4"
"U28369_at","SEMA3B","semaphorin 3B"
"U28386_at","KPNA2","karyopherin subunit alpha 2"
"U28488_s_at","C3AR1","complement C3a receptor 1"
"U28749_s_at","HMGA2","high mobility group AT-hook 2"
"U28758_s_at","GRIN2B","glutamate ionotropic receptor NMDA type subunit 2B"
"U28811_at","GLG1","golgi glycoprotein 1"
"U28831_at","ANKRD36C","ankyrin repeat domain 36C"
"U28833_at","RCAN1","regulator of calcineurin 1"
"U29171_at","CSNK1D","casein kinase 1 delta"
"U29175_at","SMARCA4","SWI/SNF related BAF chromatin remodeling complex subunit ATPase 4"
"U29195_at","NPTX2","neuronal pentraxin 2"
"U29343_at","HMMR","hyaluronan mediated motility receptor"
"U29463_s_at","CYB561","cytochrome b561"
"U29615_at","CHIT1","chitinase 1"
"U29680_at","BCL2A1","BCL2 related protein A1"
"U29943_s_at","ELAVL2","ELAV like RNA binding protein 2"
"U29953_rna1_at","SERPINF1","serpin family F member 1"
"U30245_at","MNDA","myeloid cell nuclear differentiation antigen"
"U30246_at","SLC12A2","solute carrier family 12 member 2"
"U30255_at","PGD","phosphogluconate dehydrogenase"
"U30313_at","NUDT2","nudix hydrolase 2"
"U30521_at","NREP","neuronal regeneration related protein"
"U30610_at","KLRD1","killer cell lectin like receptor D1"
"U30827_s_at","SRSF5","serine and arginine rich splicing factor 5"
"U30872_at","CENPF","centromere protein F"
"U30888_at","USP14","ubiquitin specific peptidase 14"
"U30894_at","SGSH","N-sulfoglucosamine sulfohydrolase"
"U30930_at","UGT8","UDP glycosyltransferase 8"
"U30998_at",NA,NA
"U30999_at","ALCAM","activated leukocyte cell adhesion molecule"
"U31099_at","PTGDR","prostaglandin D2 receptor"
"U31116_at","SGCB","sarcoglycan beta"
"U31201_cds2_s_at","LAMC2","laminin subunit gamma 2"
"U31215_s_at","GRM1","glutamate metabotropic receptor 1"
"U31216_s_at","GRM1","glutamate metabotropic receptor 1"
"U31382_at","GNG4","G protein subunit gamma 4"
"U31383_at","GNG10/DNAJC25-GNG10","G protein subunit gamma 10/DNAJC25-GNG10 readthrough"
"U31384_at","GNG11","G protein subunit gamma 11"
"U31449_at","TM4SF4","transmembrane 4 L six family member 4"
"U31501_at","FXR2","FMR1 autosomal homolog 2"
"U31556_at","E2F5","E2F transcription factor 5"
"U31628_at","IL15RA","interleukin 15 receptor subunit alpha"
"U31799_at","PMEL","premelanosome protein"
"U31814_at","HDAC2","histone deacetylase 2"
"U31973_s_at","PDE6C","phosphodiesterase 6C"
"U32114_at","CAV2","caveolin 2"
"U32315_at","STX3","syntaxin 3"
"U32324_at","IL11RA","interleukin 11 receptor subunit alpha"
"U32331_at","DKK3","dickkopf Wnt signaling pathway inhibitor 3"
"U32376_at","DLG2","discs large MAGUK scaffold protein 2"
"U32499_s_at","DRD3","dopamine receptor D3"
"U32519_at","G3BP1","G3BP stress granule assembly factor 1"
"U32576_rna1_at","APOC2/APOC4/APOC4-APOC2","apolipoprotein C2/apolipoprotein C4/APOC4-APOC2 readthrough (NMD candidate)"
"U32581_at","SMG1","SMG1 nonsense mediated mRNA decay associated PI3K related kinase"
"U32645_at","ELF4","E74 like ETS transcription factor 4"
"U32659_at","IL17A","interleukin 17A"
"U32674_s_at","CXCR3","C-X-C motif chemokine receptor 3"
"U32680_at","CLN3","CLN3 lysosomal/endosomal transmembrane protein, battenin"
"U32849_at","NMI","N-myc and STAT interactor"
"U32907_at","LRRC17","leucine rich repeat containing 17"
"U32944_at","DYNLL1","dynein light chain LC8-type 1"
"U32989_at","TDO2","tryptophan 2,3-dioxygenase"
"U33052_s_at","PKN2","protein kinase N2"
"U33053_at","PKN1","protein kinase N1"
"U33054_at","GRK4","G protein-coupled receptor kinase 4"
"U33147_at","SCGB2A2","secretoglobin family 2A member 2"
"U33202_s_at","MDM2","MDM2 proto-oncogene"
"U33203_s_at","MDM2","MDM2 proto-oncogene"
"U33267_at","GLRB","glycine receptor beta"
"U33286_at","CSE1L","chromosome segregation 1 like"
"U33317_rna1_at","DEFA6","defensin alpha 6"
"U33429_at","KCNAB2","potassium voltage-gated channel subfamily A regulatory beta subunit 2"
"U33632_at","KCNK1","potassium two pore domain channel subfamily K member 1"
"U33761_at","SKP2","S-phase kinase associated protein 2"
"U33822_at","MAD1L1","mitotic arrest deficient 1 like 1"
"U33837_at","LRP2","LDL receptor related protein 2"
"U33838_at","RELA","RELA proto-oncogene, NF-kB subunit"
"U33838_s_at","RELA","RELA proto-oncogene, NF-kB subunit"
"U33841_at","ATM","ATM serine/threonine kinase"
"U33849_at","PCSK7","proprotein convertase subtilisin/kexin type 7"
"U33880_at","ITGB1","integrin subunit beta 1"
"U33920_at","SEMA3F/SATB1","semaphorin 3F/SATB homeobox 1"
"U33921_at","RBM6","RNA binding motif protein 6"
"U34038_at","F2RL1","F2R like trypsin receptor 1"
"U34044_at","SEPHS1","selenophosphate synthetase 1"
"U34070_s_at","CEBPA","CCAAT enhancer binding protein alpha"
"U34252_at","ALDH9A1","aldehyde dehydrogenase 9 family member A1"
"U34301_at","MYH10","myosin heavy chain 10"
"U34360_at","AFF3","ALF transcription elongation factor 3"
"U34587_at","CRHR2","corticotropin releasing hormone receptor 2"
"U34605_at","IFIT5","interferon induced protein with tetratricopeptide repeats 5"
"U34683_at","GSS","glutathione synthetase"
"U34844_at","AQP4","aquaporin 4"
"U34877_at","BLVRA","biliverdin reductase A"
"U34880_at","DPH1/OVCA2","diphthamide biosynthesis 1/OVCA2 serine hydrolase domain containing"
"U34976_at","SGCG","sarcoglycan gamma"
"U35048_at","TSC22D1","TSC22 domain family member 1"
"U35113_at","MTA1","metastasis associated 1"
"U35139_at","NDN","necdin, MAGE family member"
"U35246_at","VPS45","vacuolar protein sorting 45 homolog"
"U35340_at","CRYBB1","crystallin beta B1"
"U35451_at","CBX1","chromobox 1"
"U35637_s_at","NEB","nebulin"
"U35735_at","SLC14A1","solute carrier family 14 member 1 (Kidd blood group)"
"U35835_s_at","PRKDC","protein kinase, DNA-activated, catalytic subunit"
"U36341_rna1_at","SLC6A8","solute carrier family 6 member 8"
"U36500_at","SP140","SP140 nuclear body protein"
"U36501_at","SP100","SP100 nuclear antigen"
"U36601_at","NDST2","N-deacetylase and N-sulfotransferase 2"
"U36621_cds2_at","RBMY2BP","RNA binding motif protein Y-linked family 2 member B, pseudogene"
"U36759_s_at","PTCRA","pre T cell antigen receptor alpha"
"U36922_at","FOXO1","forkhead box O1"
"U37022_rna1_at","CDK4","cyclin dependent kinase 4"
"U37055_rna1_s_at","MST1/MST1P2/MST1L/LOC102724562","macrophage stimulating 1/macrophage stimulating 1 pseudogene 2/macrophage stimulating 1 like (pseudogene)/macrophage stimulating 1 pseudogene"
"U37122_at","ADD3","adducin 3"
"U37143_at","CYP2J2","cytochrome P450 family 2 subfamily J member 2"
"U37146_at","NCOR2","nuclear receptor corepressor 2"
"U37221_at","PPIL2","peptidylprolyl isomerase like 2"
"U37248_at","MAN2C1","mannosidase alpha class 2C member 1"
"U37283_at","MFAP5","microfibril associated protein 5"
"U37352_at","PPP2R5C","protein phosphatase 2 regulatory subunit B'gamma"
"U37359_at","MRE11","MRE11 double strand break repair nuclease"
"U37408_at","CTBP1","C-terminal binding protein 1"
"U37426_at","KIF11","kinesin family member 11"
"U37518_at","TNFSF10","TNF superfamily member 10"
"U37519_at","ALDH3B2","aldehyde dehydrogenase 3 family member B2"
"U37529_at","TAC1","tachykinin precursor 1"
"U37546_s_at","BIRC3","baculoviral IAP repeat containing 3"
"U37547_at","BIRC2","baculoviral IAP repeat containing 2"
"U37673_at","AP3B2","adaptor related protein complex 3 subunit beta 2"
"U38175_at","ELAVL1","ELAV like RNA binding protein 1"
"U38268_at",NA,NA
"U38291_rna1_at","MAP1A","microtubule associated protein 1A"
"U38372_at",NA,NA
"U38480_at","RXRG","retinoid X receptor gamma"
"U38810_at","MAB21L1/MIR548F5","mab-21 like 1/microRNA 548f-5"
"U38846_at","CCT4","chaperonin containing TCP1 subunit 4"
"U38847_at","TARBP1","tRNA guanosine 2 -O-methyltransferase TARBP1"
"U38864_at","ZNF212","zinc finger protein 212"
"U38896_at","ZBTB18","zinc finger and BTB domain containing 18"
"U38964_s_at","PMS2P1/PMS2P2/PMS2P5/DTX2P1-UPK3BP1-PMS2P11/PMS2P6/PMS2P10","PMS1 homolog 2, mismatch repair system component pseudogene 1/PMS1 homolog 2, mismatch repair system component pseudogene 2/PMS1 homolog 2, mismatch repair system component pseudogene 5/DTX2P1-UPK3BP1-PMS2P11 readthrough, transcribed pseudogene/PMS1 homolog 2, mismatch repair system component pseudogene 6/PMS1 homolog 2, mismatch repair system component pseudogene 10"
"U39196_at","KCNJ3","potassium inwardly rectifying channel subfamily J member 3"
"U39226_at","MYO7A","myosin VIIA"
"U39231_at","GIPR","gastric inhibitory polypeptide receptor"
"U39317_at","UBE2D2","ubiquitin conjugating enzyme E2 D2"
"U39412_at","NAPA","NSF attachment protein alpha"
"U39447_at","AOC3","amine oxidase copper containing 3"
"U39487_at","XDH","xanthine dehydrogenase"
"U39573_at","LPO","lactoperoxidase"
"U39657_at","MAP2K6","mitogen-activated protein kinase kinase 6"
"U39817_at","BLM","BLM RecQ like helicase"
"U39840_at","FOXA1","forkhead box A1"
"U40038_at","GNAQ","G protein subunit alpha q"
"U40152_s_at","ORC1","origin recognition complex subunit 1"
"U40215_at","SYN2","synapsin II"
"U40223_at","P2RY4","pyrimidinergic receptor P2Y4"
"U40271_s_at","PTK7","protein tyrosine kinase 7 (inactive)"
"U40279_at","ITGAD","integrin subunit alpha D"
"U40317_s_at","PTPRS","protein tyrosine phosphatase receptor type S"
"U40343_at","CDKN2D","cyclin dependent kinase inhibitor 2D"
"U40369_rna1_at","SAT1","spermidine/spermine N1-acetyltransferase 1"
"U40370_at","PDE1A","phosphodiesterase 1A"
"U40371_at","PDE1C","phosphodiesterase 1C"
"U40434_at","MSLN","mesothelin"
"U40462_at","IKZF1","IKAROS family zinc finger 1"
"U40490_at","NNT","nicotinamide nucleotide transhydrogenase"
"U40571_at","SNTA1","syntrophin alpha 1"
"U40572_at","SNTB2","syntrophin beta 2"
"U40622_at","XRCC4","X-ray repair cross complementing 4"
"U40763_s_at","PPIG","peptidylprolyl isomerase G"
"U40990_at","KCNQ1","potassium voltage-gated channel subfamily Q member 1"
"U41060_at","SLC39A6","solute carrier family 39 member 6"
"U41315_rna1_s_at",NA,NA
"U41387_at","DDX21","DExD-box helicase 21"
"U41515_at","SEM1","SEM1 26S proteasome subunit"
"U41654_at","RRAGA","Ras related GTP binding A"
"U41668_at","DGUOK","deoxyguanosine kinase"
"U41737_at",NA,NA
"U41740_at","GOLGA4","golgin A4"
"U41745_at","PDAP1","PDGFA associated protein 1"
"U41766_s_at","ADAM9","ADAM metallopeptidase domain 9"
"U41804_at","TMED1","transmembrane p24 trafficking protein 1"
"U41813_at","HOXA9/HOXA10-HOXA9","homeobox A9/HOXA10-HOXA9 readthrough"
"U41815_at","NUP98","nucleoporin 98 and 96 precursor"
"U41816_at","PFDN4","prefoldin subunit 4"
"U42031_at","FKBP5","FKBP prolyl isomerase 5"
"U42359_at","TUSC3","tumor suppressor candidate 3"
"U42387_at","NPY4R/NPY4R2","neuropeptide Y receptor Y4/neuropeptide Y receptor Y4-2"
"U42390_at","TRIO","trio Rho guanine nucleotide exchange factor"
"U42408_at","LAD1","ladinin 1"
"U43083_at","GNAQ","G protein subunit alpha q"
"U43177_at","UCN","urocortin"
"U43185_s_at","STAT5A","signal transducer and activator of transcription 5A"
"U43189_s_at","ELF2","E74 like ETS transcription factor 2"
"U43203_s_at","NKX2-1","NK2 homeobox 1"
"U43279_at",NA,NA
"U43318_at","FZD5","frizzled class receptor 5"
"U43328_at","HAPLN1","hyaluronan and proteoglycan link protein 1"
"U43374_at","TBC1D31","TBC1 domain family member 31"
"U43408_at","TNK1","tyrosine kinase non receptor 1"
"U43431_at","TOP3A","DNA topoisomerase III alpha"
"U43519_at","DRP2","dystrophin related protein 2"
"U43522_at","PTK2B","protein tyrosine kinase 2 beta"
"U43586_at","KSR1","kinase suppressor of ras 1"
"U43653_at","LEP","leptin"
"U43672_at","IL18R1","interleukin 18 receptor 1"
"U43843_at","DPF1","double PHD fingers 1"
"U43885_at","GAB1","GRB2 associated binding protein 1"
"U43899_at","STAM","signal transducing adaptor molecule"
"U43916_s_at","EMP1","epithelial membrane protein 1"
"U43944_at","ME1","malic enzyme 1"
"U44060_at","PROX1","prospero homeobox 1"
"U44103_at","RAB9A","RAB9A, member RAS oncogene family"
"U44105_at","RAB9BP1","RAB9B, member RAS oncogene family pseudogene 1"
"U44111_at","HNMT","histamine N-methyltransferase"
"U44378_at","SMAD4","SMAD family member 4"
"U44772_at","PPT1","palmitoyl-protein thioesterase 1"
"U44799_s_at","SNRNP35","small nuclear ribonucleoprotein U11/U12 subunit 35"
"U44975_at","KLF6","KLF transcription factor 6"
"U45255_s_at","PAX2","paired box 2"
"U45285_at","TCIRG1","T cell immune regulator 1, ATPase H+ transporting V0 subunit a3"
"U45328_s_at","UBE2I","ubiquitin conjugating enzyme E2 I"
"U45448_s_at","P2RX1","purinergic receptor P2X 1"
"U45880_at","HEPACAM","hepatic and glial cell adhesion molecule"
"U45955_at","GPM6B","glycoprotein M6B"
"U45976_at","PICALM","phosphatidylinositol binding clathrin assembly protein"
"U45983_at","CCR8","C-C motif chemokine receptor 8"
"U46006_s_at","CSRP2","cysteine and glycine rich protein 2"
"U46024_at","MTM1","myotubularin 1"
"U46116_at","PTPRG","protein tyrosine phosphatase receptor type G"
"U46194_at","MOK","MOK protein kinase"
"U46461_at","DVL1","dishevelled segment polarity protein 1"
"U46499_at","MGST1","microsomal glutathione S-transferase 1"
"U46569_at","AQP5","aquaporin 5"
"U46689_at","ALDH3A2","aldehyde dehydrogenase 3 family member A2"
"U46692_rna1_at","CSTB","cystatin B"
"U46744_at","DTNA","dystrobrevin alpha"
"U46746_s_at","DTNA","dystrobrevin alpha"
"U46751_at","SQSTM1","sequestosome 1"
"U46752_at",NA,NA
"U46767_at","CCL13","C-C motif chemokine ligand 13"
"U46901_at","SNCA","synuclein alpha"
"U47007_at","NAB1","NGFI-A binding protein 1"
"U47011_cds1_at","FGF8","fibroblast growth factor 8"
"U47050_at","TRPC3","transient receptor potential cation channel subfamily C member 3"
"U47054_at","ART3","ADP-ribosyltransferase 3 (inactive)"
"U47077_at","PRKDC","protein kinase, DNA-activated, catalytic subunit"
"U47101_at","ISCU","iron-sulfur cluster assembly enzyme"
"U47292_at","TFF2","trefoil factor 2"
"U47414_at","CCNG2","cyclin G2"
"U47621_at","P3H4","prolyl 3-hydroxylase family member 4 (inactive)"
"U47686_s_at","STAT5B","signal transducer and activator of transcription 5B"
"U47927_at","USP5","ubiquitin specific peptidase 5"
"U47931_at","GNB3","G protein subunit beta 3"
"U48213_at","DBP","D-box binding PAR bZIP transcription factor"
"U48231_at","BDKRB1","bradykinin receptor B1"
"U48250_at","OLIG2","oligodendrocyte transcription factor 2"
"U48251_at","ZMYND8","zinc finger MYND-type containing 8"
"U48296_at","PTP4A1","protein tyrosine phosphatase 4A1"
"U48437_at","APLP1","amyloid beta precursor like protein 1"
"U48705_rna1_s_at","DDR1","discoidin domain receptor tyrosine kinase 1"
"U48707_at","PPP1R1A","protein phosphatase 1 regulatory inhibitor subunit 1A"
"U48736_at","PRP4K","pre-mRNA processing factor kinase PRP4K"
"U48807_at","DUSP4","dual specificity phosphatase 4"
"U48861_at","CHRNB4","cholinergic receptor nicotinic beta 4 subunit"
"U48959_at","MYLK","myosin light chain kinase"
"U49020_cds2_s_at","MEF2A","myocyte enhancer factor 2A"
"U49065_at","IL1RL2","interleukin 1 receptor like 2"
"U49187_at","RIPOR2","RHO family interacting cell polarization regulator 2"
"U49188_at","SERINC3","serine incorporator 3"
"U49248_at","ABCC2","ATP binding cassette subfamily C member 2"
"U49278_at","RNPEP","arginyl aminopeptidase"
"U49352_at","DECR1","2,4-dienoyl-CoA reductase 1"
"U49379_at","DGKE","diacylglycerol kinase epsilon"
"U49395_at","P2RX5","purinergic receptor P2X 5"
"U49436_at","EIF5","eukaryotic translation initiation factor 5"
"U49516_at","HTR2C","5-hydroxytryptamine receptor 2C"
"U49742_at","RHO","rhodopsin"
"U49835_s_at","CHI3L2","chitinase 3 like 2"
"U49837_at","CSRP3","cysteine and glycine rich protein 3"
"U49844_at","ATR","ATR checkpoint kinase"
"U49857_at","MIR9-1HG","MIR9-1 host gene"
"U49928_at","TAB1","TGF-beta activated kinase 1 (MAP3K7) binding protein 1"
"U49957_s_at","LPP","LIM domain containing preferred translocation partner in lipoma"
"U49973_xpt2_at",NA,NA
"U49974_f_at",NA,NA
"U50078_at","HERC1","HECT and RLD domain containing E3 ubiquitin protein ligase family member 1"
"U50136_rna1_at","LTC4S","leukotriene C4 synthase"
"U50146_at",NA,NA
"U50315_at","EZH1","enhancer of zeste 1 polycomb repressive complex 2 subunit"
"U50327_s_at","PRKCSH","PRKCSH beta subunit of glucosidase II"
"U50330_at","BMP1","bone morphogenetic protein 1"
"U50360_s_at","CAMK2G","calcium/calmodulin dependent protein kinase II gamma"
"U50383_at","SMYD5","SMYD family member 5"
"U50527_s_at","N4BP2L1","NEDD4 binding protein 2 like 1"
"U50531_at","N4BP2L2-IT2","N4BPL2 intronic transcript 2"
"U50534_at","FRY","FRY microtubule binding protein"
"U50553_at","DDX3X","DEAD-box helicase 3 X-linked"
"U50648_s_at","EIF2AK2","eukaryotic translation initiation factor 2 alpha kinase 2"
"U50708_at","BCKDHB","branched chain keto acid dehydrogenase E1 subunit beta"
"U50733_at","DCTN2","dynactin subunit 2"
"U50743_at","FXYD2","FXYD domain containing ion transport regulator 2"
"U50822_rna1_s_at","NEUROD1","neuronal differentiation 1"
"U50839_at","RBM6","RNA binding motif protein 6"
"U50928_at","PKD2","polycystin 2, transient receptor potential cation channel"
"U50929_at","BHMT","betaine--homocysteine S-methyltransferase"
"U50939_at","NAE1","NEDD8 activating enzyme E1 subunit 1"
"U51003_s_at","DLX2","distal-less homeobox 2"
"U51095_at","CDX1","caudal type homeobox 1"
"U51096_at","CDX2","caudal type homeobox 2"
"U51166_at","TDG","thymine DNA glycosylase"
"U51205_at","COPS8","COP9 signalosome subunit 8"
"U51240_at","LAPTM5","lysosomal protein transmembrane 5"
"U51269_at","ARVCF","ARVCF delta catenin family member"
"U51333_s_at","HK3","hexokinase 3"
"U51432_at","SNW1","SNW domain containing 1"
"U51561_at","TBC1D22A","TBC1 domain family member 22A"
"U51586_at","PUF60","poly(U) binding splicing factor 60"
"U51587_at","GOLGA1","golgin A1"
"U51678_at","C11orf58","chromosome 11 open reading frame 58"
"U51711_at","DSC2","desmocollin 2"
"U51903_at","IQGAP2","IQ motif containing GTPase activating protein 2"
"U52100_at","EMP2","epithelial membrane protein 2"
"U52101_at","EMP3","epithelial membrane protein 3 (MAM blood group)"
"U52111_rna3_at","ABCD1","ATP binding cassette subfamily D member 1"
"U52154_at","KCNJ5","potassium inwardly rectifying channel subfamily J member 5"
"U52155_at","KCNJ10","potassium inwardly rectifying channel subfamily J member 10"
"U52191_s_at","KDM5D","lysine demethylase 5D"
"U52373_s_at","DYRK1A","dual specificity tyrosine phosphorylation regulated kinase 1A"
"U52426_at","STIM1","stromal interaction molecule 1"
"U52427_rna1_at","POLR2G","RNA polymerase II subunit G"
"U52513_at","IFIT3","interferon induced protein with tetratricopeptide repeats 3"
"U52518_at","GRAP/GRAPL","GRB2 related adaptor protein/GRB2 related adaptor protein like"
"U52682_at","IRF4","interferon regulatory factor 4"
"U52700_at","TNXB","tenascin XB"
"U52827_at","MARCHF6","membrane associated ring-CH-type finger 6"
"U52828_s_at","CTNND2","catenin delta 2"
"U52960_at","MED21","mediator complex subunit 21"
"U52969_at","PCP4","Purkinje cell protein 4"
"U53003_at","LOC102724023/GATD3","glutamine amidotransferase class 1 domain containing 3B/glutamine amidotransferase class 1 domain containing 3"
"U53174_at","RAD9A","RAD9 checkpoint clamp component A"
"U53204_at","PLEC","plectin"
"U53225_at","SNX1","sorting nexin 1"
"U53442_at","MAPK11","mitogen-activated protein kinase 11"
"U53445_at","FILIP1L","filamin A interacting protein 1 like"
"U53446_at","DAB2","DAB adaptor protein 2"
"U53468_at","NDUFA5","NADH:ubiquinone oxidoreductase subunit A5"
"U53476_at","WNT7A","Wnt family member 7A"
"U53786_at","EVPL","envoplakin"
"U53830_at","IRF7","interferon regulatory factor 7"
"U54617_at","PDK4","pyruvate dehydrogenase kinase 4"
"U54804_at","HAS2","hyaluronan synthase 2"
"U54999_at","GPSM2","G protein signaling modulator 2"
"U55054_at","SLC12A4","solute carrier family 12 member 4"
"U55206_at","GGH","gamma-glutamyl hydrolase"
"U55209_at","MYO7A","myosin VIIA"
"U55258_at","NRCAM","neuronal cell adhesion molecule"
"U55766_at","KRR1","KRR1 small subunit processome component"
"U55936_at","SNAP23","synaptosome associated protein 23"
"U56085_at","LOC102724159/PWP2","periodic tryptophan protein 2 homolog/PWP2 small subunit processome component"
"U56102_at","CD226","CD226 molecule"
"U56244_at","TDRD9","tudor domain containing 9"
"U56402_s_at","SUPT5H","SPT5 homolog, DSIF elongation factor subunit"
"U56418_at","AGPAT2","1-acylglycerol-3-phosphate O-acyltransferase 2"
"U56637_at","CAPZA1","capping actin protein of muscle Z-line subunit alpha 1"
"U56816_at","PKMYT1","protein kinase, membrane associated tyrosine/threonine 1"
"U56833_at","VBP1","VHL binding protein 1"
"U56976_at","PDE1B","phosphodiesterase 1B"
"U56998_at","PLK3","polo like kinase 3"
"U57092_at","RAB30","RAB30, member RAS oncogene family"
"U57093_at","RAB27B","RAB27B, member RAS oncogene family"
"U57099_at","SPEG/SPEGNB","striated muscle enriched protein kinase/SPEG neighbor"
"U57316_at","KAT2A","lysine acetyltransferase 2A"
"U57341_at","NEFL","neurofilament light chain"
"U57352_at","ASIC2","acid sensing ion channel subunit 2"
"U57450_at",NA,NA
"U57452_at","SNRK","SNF related kinase"
"U57592_at","JARID2","jumonji and AT-rich interaction domain containing 2"
"U57629_at","RPGR","retinitis pigmentosa GTPase regulator"
"U57721_at","KYNU","kynureninase"
"U57796_at","ZKSCAN8","zinc finger with KRAB and SCAN domains 8"
"U57911_at","MPPED2","metallophosphoesterase domain containing 2"
"U57971_s_at","ATP2B3","ATPase plasma membrane Ca2+ transporting 3"
"U58032_at","MTMR1","myotubularin related protein 1"
"U58033_at","MTMR2","myotubularin related protein 2"
"U58034_at","MTMR3","myotubularin related protein 3"
"U58046_s_at","EIF3A","eukaryotic translation initiation factor 3 subunit A"
"U58087_at","CUL1","cullin 1"
"U58090_at","CUL4A","cullin 4A"
"U58091_at","CUL4B","cullin 4B"
"U58331_at","SGCD","sarcoglycan delta"
"U58522_at","UBE2K","ubiquitin conjugating enzyme E2 K"
"U58658_at",NA,NA
"U58675_cds1_at","OR3A2","olfactory receptor family 3 subfamily A member 2"
"U58675_cds2_at","OR3A1","olfactory receptor family 3 subfamily A member 1"
"U58681_at","NEUROD2","neuronal differentiation 2"
"U58837_s_at","CNGB1","cyclic nucleotide gated channel subunit beta 1"
"U59057_at","CRYBA4","crystallin beta A4"
"U59058_s_at","CRYBA1","crystallin beta A1"
"U59111_at","EPYC","epiphycan"
"U59228_at","EDA","ectodysplasin A"
"U59286_at","CXCL11","C-X-C motif chemokine ligand 11"
"U59289_at","CDH13","cadherin 13"
"U59309_at","FH","fumarate hydratase"
"U59321_at","DDX17","DEAD-box helicase 17"
"U59325_at","CDH18","cadherin 18"
"U59423_at","SMAD1","SMAD family member 1"
"U59748_at","DHH","desert hedgehog signaling molecule"
"U59863_at","TANK","TRAF family member associated NFKB activator"
"U59877_s_at","RAB31","RAB31, member RAS oncogene family"
"U59878_at","RAB32","RAB32, member RAS oncogene family"
"U59913_at","SMAD5","SMAD family member 5"
"U59914_at","SMAD6","SMAD family member 6"
"U59919_at","KIFAP3","kinesin associated protein 3"
"U60060_at","FEZ1","fasciculation and elongation protein zeta 1"
"U60061_at","FEZ2","fasciculation and elongation protein zeta 2"
"U60062_at","FEZ1","fasciculation and elongation protein zeta 1"
"U60115_at","FHL1","four and a half LIM domains 1"
"U60206_s_at","STK3","serine/threonine kinase 3"
"U60269_cds1_at",NA,NA
"U60276_at","GET3","guided entry of tail-anchored proteins factor 3, ATPase"
"U60319_at","HFE","homeostatic iron regulator"
"U60325_at","POLG","DNA polymerase gamma, catalytic subunit"
"U60415_at","BMAL1","basic helix-loop-helix ARNT like 1"
"U60519_at","CASP10","caspase 10"
"U60521_at","CASP9","caspase 9"
"U60644_at","PLD3","phospholipase D family member 3"
"U60666_at","DNAAF11","dynein axonemal assembly factor 11"
"U60800_at","SEMA4D","semaphorin 4D"
"U60805_at","OSMR","oncostatin M receptor"
"U60808_s_at","CDS1","CDP-diacylglycerol synthase 1"
"U60873_at","NEAT1","nuclear paraspeckle assembly transcript 1"
"U60975_at","SORL1","sortilin related receptor 1"
"U61145_at","EZH2","enhancer of zeste 2 polycomb repressive complex 2 subunit"
"U61167_at","ITSN2","intersectin 2"
"U61232_at","TBCE","tubulin folding cofactor E"
"U61262_at","NEO1","neogenin 1"
"U61276_s_at","JAG1","jagged canonical Notch ligand 1"
"U61397_s_at","SUMO1","small ubiquitin like modifier 1"
"U61538_at","CHP1","calcineurin like EF-hand protein 1"
"U61734_s_at","TMED10","transmembrane p24 trafficking protein 10"
"U61741_at","DNAH14","dynein axonemal heavy chain 14"
"U61836_at","SMOX","spermine oxidase"
"U61849_at","NPTX1","neuronal pentraxin 1"
"U61981_at","MSH3","mutS homolog 3"
"U62015_at","CCN1","cellular communication network factor 1"
"U62136_at","UBE2V2","ubiquitin conjugating enzyme E2 V2"
"U62317_rna6_at","NCAPH2","non-SMC condensin II complex subunit H2"
"U62317_rna7_at","LMF2","lipase maturation factor 2"
"U62325_at","APBB2","amyloid beta precursor protein binding family B member 2"
"U62389_at","IDH1","isocitrate dehydrogenase (NADP(+)) 1"
"U62431_at","CHRNA2","cholinergic receptor nicotinic alpha 2 subunit"
"U62432_at","CHRNA3","cholinergic receptor nicotinic alpha 3 subunit"
"U62433_at","CHRNA4","cholinergic receptor nicotinic alpha 4 subunit"
"U62434_at","CHRNA5","cholinergic receptor nicotinic alpha 5 subunit"
"U62437_at","CHRNB2","cholinergic receptor nicotinic beta 2 subunit"
"U62438_at","CHRNB3","cholinergic receptor nicotinic beta 3 subunit"
"U62531_at","SLC4A2","solute carrier family 4 member 2"
"U62800_at","CST6","cystatin E/M"
"U62801_at","KLK6","kallikrein related peptidase 6"
"U62961_at","OXCT1","3-oxoacid CoA-transferase 1"
"U62966_at","SLC28A1","solute carrier family 28 member 1"
"U63090_at","ST3GAL2","ST3 beta-galactoside alpha-2,3-sialyltransferase 2"
"U63139_at","RAD50","RAD50 double strand break repair protein"
"U63289_at","CELF1","CUGBP Elav-like family member 1"
"U63295_at","SIAH1","siah E3 ubiquitin protein ligase 1"
"U63329_at","MUTYH","mutY DNA glycosylase"
"U63332_at","ATXN3","ataxin 3"
"U63336_at","PRR3","proline rich 3"
"U63455_at","ABCC8","ATP binding cassette subfamily C member 8"
"U63717_at","OSTF1","osteoclast stimulating factor 1"
"U63743_at","KIF2C","kinesin family member 2C"
"U63824_at","TEAD4","TEA domain transcription factor 4"
"U63825_at","CCDC85B","coiled-coil domain containing 85B"
"U64197_at","CCL20","C-C motif chemokine ligand 20"
"U64198_at","IL12RB2","interleukin 12 receptor subunit beta 2"
"U64520_at","VAMP3","vesicle associated membrane protein 3"
"U64573_s_at","GJA1","gap junction protein alpha 1"
"U64805_s_at","BRCA1","BRCA1 DNA repair associated"
"U64863_at","PDCD1","programmed cell death 1"
"U64871_at","GPR19","G protein-coupled receptor 19"
"U64998_at","RNASE6","ribonuclease A family member 6"
"U65002_at","PLAG1","PLAG1 zinc finger"
"U65011_at","PRAME","PRAME nuclear receptor transcriptional regulator"
"U65092_at","CITED1","Cbp/p300 interacting transactivator with Glu/Asp rich carboxy-terminal domain 1"
"U65093_at","CITED2","Cbp/p300 interacting transactivator with Glu/Asp rich carboxy-terminal domain 2"
"U65404_at","KLF1","KLF transcription factor 1"
"U65406_rna4_at","KCNJ1","potassium inwardly rectifying channel subfamily J member 1"
"U65410_at","MAD2L1","mitotic arrest deficient 2 like 1"
"U65437_rna1_at","HESX1","HESX homeobox 1"
"U65579_at","NDUFS8","NADH:ubiquinone oxidoreductase core subunit S8"
"U65676_at","HPS1","HPS1 biogenesis of lysosomal organelles complex 3 subunit 1"
"U65918_f_at","DAZL","deleted in azoospermia like"
"U65928_at","COPS5","COP9 signalosome subunit 5"
"U65932_at","ECM1","extracellular matrix protein 1"
"U66033_at","GPC5","glypican 5"
"U66036_at","SULT1C2","sulfotransferase family 1C member 2"
"U66048_at","EOLA2-DT","EOLA2 divergent transcript"
"U66061_cds3_at","PRSS2/PRSS3P2","serine protease 2/PRSS3 pseudogene 2"
"U66075_at","GATA6","GATA binding protein 6"
"U66077_at","DAZ1/DAZ3/DAZ2/DAZ4","deleted in azoospermia 1/deleted in azoospermia 3/deleted in azoospermia 2/deleted in azoospermia 4"
"U66083_at","MAGEA9/MAGEA9B","MAGE family member A9/MAGE family member A9B"
"U66088_at","SLC5A5","solute carrier family 5 member 5"
"U66198_at","FGF13","fibroblast growth factor 13"
"U66359_at","GPKOW","G-patch domain and KOW motifs"
"U66464_at","MAP4K1","mitogen-activated protein kinase kinase kinase kinase 1"
"U66468_at","CGREF1","cell growth regulator with EF-hand domain 1"
"U66469_at","CGRRF1","cell growth regulator with ring finger domain 1"
"U66497_at","LEPR","leptin receptor"
"U66559_at","ALK","ALK receptor tyrosine kinase"
"U66561_at","ZNF184","zinc finger protein 184"
"U66580_at","GPR21/RABGAP1","G protein-coupled receptor 21/RAB GTPase activating protein 1"
"U66581_at","GPR22","G protein-coupled receptor 22"
"U66616_at","SMARCC2","SWI/SNF related BAF chromatin remodeling complex subunit C2"
"U66661_at","GABRE","gamma-aminobutyric acid type A receptor subunit epsilon"
"U66669_at","HIBCH","3-hydroxyisobutyryl-CoA hydrolase"
"U66702_at","PTPRN2","protein tyrosine phosphatase receptor type N2"
"U66726_s_at","DAZL","deleted in azoospermia like"
"U66838_at","CCNA1","cyclin A1"
"U67092_at",NA,NA
"U67122_s_at","SUMO1","small ubiquitin like modifier 1"
"U67156_at","MAP3K5","mitogen-activated protein kinase kinase kinase 5"
"U67171_at","SELENOW","selenoprotein W"
"U67319_at","CASP7","caspase 7"
"U67368_s_at","EXT2","exostosin glycosyltransferase 2"
"U67614_at",NA,NA
"U67615_at","LYST","lysosomal trafficking regulator"
"U67733_at","PDE2A","phosphodiesterase 2A"
"U67784_at","ACKR3","atypical chemokine receptor 3"
"U67849_at","ST6GAL1","ST6 beta-galactoside alpha-2,6-sialyltransferase 1"
"U67932_s_at","PDE7A","phosphodiesterase 7A"
"U67934_at","RPUSD2","RNA pseudouridine synthase domain containing 2"
"U67963_at","MGLL","monoglyceride lipase"
"U67988_at","DLGAP1","DLG associated protein 1"
"U68018_at","SMAD2","SMAD family member 2"
"U68030_at","CCR6","C-C motif chemokine receptor 6"
"U68031_at","CCR6","C-C motif chemokine receptor 6"
"U68063_at","TRA2B","transformer 2 beta homolog"
"U68111_at","PPP1R2","protein phosphatase 1 regulatory inhibitor subunit 2"
"U68133_at",NA,NA
"U68135_s_at",NA,NA
"U68142_at","RGL2","ral guanine nucleotide dissociation stimulator like 2"
"U68162_cds1_s_at","MPL","MPL proto-oncogene, thrombopoietin receptor"
"U68233_at","NR1H4","nuclear receptor subfamily 1 group H member 4"
"U68385_at","MEIS3P1","Meis homeobox 3 pseudogene 1"
"U68485_at","BIN1","bridging integrator 1"
"U68488_at","HTR7","5-hydroxytryptamine receptor 7"
"U68494_at","SLC30A1","solute carrier family 30 member 1"
"U68536_at","ZNF24","zinc finger protein 24"
"U68566_at","HAX1","HCLS1 associated protein X-1"
"U68723_at","FOXN3","forkhead box N3"
"U68727_at","PKNOX1","PBX/knotted 1 homeobox 1"
"U69108_at","TRAF5","TNF receptor associated factor 5"
"U69127_at","FUBP3","far upstream element binding protein 3"
"U69140_s_at","FEZ2","fasciculation and elongation protein zeta 2"
"U69263_at","MATN2","matrilin 2"
"U69546_at","CELF2","CUGBP Elav-like family member 2"
"U69611_at","ADAM17","ADAM metallopeptidase domain 17"
"U69961_at","PITX2","paired like homeodomain 2"
"U70063_at","ASAH1","N-acylsphingosine amidohydrolase 1"
"U70136_at","PRG4","proteoglycan 4"
"U70322_at","TNPO1","transportin 1"
"U70370_at","PITX1","paired like homeodomain 1"
"U70451_at","MYD88","MYD88 innate immune signal transduction adaptor"
"U70660_at","ATOX1","antioxidant 1 copper chaperone"
"U70663_at","KLF4","KLF transcription factor 4"
"U70862_at","NFIB","nuclear factor I B"
"U70867_at","SLCO2A1","solute carrier organic anion transporter family member 2A1"
"U70981_at","IL13RA2","interleukin 13 receptor subunit alpha 2"
"U70987_at","DOK1","docking protein 1"
"U71087_at","MAP2K5","mitogen-activated protein kinase kinase 5"
"U71207_at","EYA2","EYA transcriptional coactivator and phosphatase 2"
"U71300_at","SNAPC3","small nuclear RNA activating complex polypeptide 3"
"U71364_at","SERPINB9","serpin family B member 9"
"U71598_at","ZNF274","zinc finger protein 274"
"U72263_s_at","EXT2","exostosin glycosyltransferase 2"
"U72342_at","PAFAH1B1","platelet activating factor acetylhydrolase 1b regulatory subunit 1"
"U72507_at","EMG1","EMG1 N1-specific pseudouridine methyltransferase"
"U72509_s_at","LRRC23","leucine rich repeat containing 23"
"U72515_at","LPCAT3","lysophosphatidylcholine acyltransferase 3"
"U72621_at","PLAGL1","PLAG1 like zinc finger 1"
"U72648_s_at","ADRA2C","adrenoceptor alpha 2C"
"U72649_at","BTG2","BTG anti-proliferation factor 2"
"U72661_at","NINJ1","ninjurin 1"
"U72671_at","ICAM5","intercellular adhesion molecule 5"
"U72761_at","IPO5","importin 5"
"U72882_s_at","IFI35","interferon induced protein 35"
"U72935_cds3_s_at","ATRX","ATRX chromatin remodeler"
"U72936_s_at","ATRX","ATRX chromatin remodeler"
"U73167_cds2_s_at","NAA80","N-alpha-acetyltransferase 80, NatH catalytic subunit"
"U73167_cds3_at","NAA80","N-alpha-acetyltransferase 80, NatH catalytic subunit"
"U73167_cds5_at","IFRD2","interferon related developmental regulator 2"
"U73167_cds7_at","SEMA3B-AS1","SEMA3B antisense RNA 1"
"U73191_at","KCNJ15","potassium inwardly rectifying channel subfamily J member 15"
"U73304_rna1_at","CNR1","cannabinoid receptor 1"
"U73328_at","DLX4","distal-less homeobox 4"
"U73330_at",NA,NA
"U73338_at","MTR","5-methyltetrahydrofolate-homocysteine methyltransferase"
"U73377_at","SHC1","SHC adaptor protein 1"
"U73477_s_at","ANP32A","acidic nuclear phosphoprotein 32 family member A"
"U73499_at","HNF1A","HNF1 homeobox A"
"U73514_at","HSD17B10","hydroxysteroid 17-beta dehydrogenase 10"
"U73682_at","MIA2","MIA SH3 domain ER export factor 2"
"U73704_at","GLMN","glomulin, FKBP associated protein"
"U73737_at","MSH6","mutS homolog 6"
"U73738_at","CAMK2D","calcium/calmodulin dependent protein kinase II delta"
"U73799_at","DCTN1","dynactin subunit 1"
"U73824_at","EIF4G2","eukaryotic translation initiation factor 4 gamma 2"
"U73843_at","ELF3","E74 like ETS transcription factor 3"
"U73936_at","JAG1","jagged canonical Notch ligand 1"
"U73960_at","ARL4A","ARF like GTPase 4A"
"U74324_at","RABIF","RAB interacting factor"
"U74382_s_at","TERF1","telomeric repeat binding factor 1"
"U74612_at","FOXM1","forkhead box M1"
"U74667_at","KAT5","lysine acetyltransferase 5"
"U75276_s_at","BRF1","BRF1 general transcription factor IIIB subunit"
"U75308_at","TAF4","TATA-box binding protein associated factor 4"
"U75309_s_at","TAF5","TATA-box binding protein associated factor 5"
"U75370_at","POLRMT","RNA polymerase mitochondrial"
"U76189_at","EXTL2","exostosin like glycosyltransferase 2"
"U76272_at","FHIT","fragile histidine triad diadenosine triphosphatase"
"U76369_at","SLC7A2","solute carrier family 7 member 2"
"U76388_at","NR5A1","nuclear receptor subfamily 5 group A member 1"
"U76421_at","ADARB1","adenosine deaminase RNA specific B1"
"U76456_at","TIMP4","TIMP metallopeptidase inhibitor 4"
"U76638_at","BARD1","BRCA1 associated RING domain 1"
"U76764_s_at","ADGRE5","adhesion G protein-coupled receptor E5"
"U77129_at","MAP4K5","mitogen-activated protein kinase kinase kinase kinase 5"
"U77396_at","LITAF","lipopolysaccharide induced TNF factor"
"U77413_at","OGT","O-linked N-acetylglucosamine (GlcNAc) transferase"
"U77456_at","NAP1L4","nucleosome assembly protein 1 like 4"
"U77594_at","RARRES2","retinoic acid receptor responder 2"
"U77664_at","RPP38","ribonuclease P/MRP subunit p38"
"U77718_at","PNN","pinin, desmosome associated protein"
"U77735_at","PIM2","Pim-2 proto-oncogene, serine/threonine kinase"
"U77845_at","TRAIP","TRAF interacting protein"
"U77948_at","GTF2I/GTF2IP1/GTF2IP4","general transcription factor IIi/general transcription factor IIi pseudogene 1/general transcription factor IIi pseudogene 4"
"U77949_at","CDC6","cell division cycle 6"
"U77968_at","NPAS1","neuronal PAS domain protein 1"
"U77975_at","ONECUT1","one cut homeobox 1"
"U78027_rna4_at","BTK","Bruton tyrosine kinase"
"U78095_at","SPINT2","serine peptidase inhibitor, Kunitz type 2"
"U78180_at","ASIC1","acid sensing ion channel subunit 1"
"U78190_rna1_at","GCHFR","GTP cyclohydrolase I feedback regulator"
"U78313_at","MDFI","MyoD family inhibitor"
"U78525_at","EIF3B","eukaryotic translation initiation factor 3 subunit B"
"U78628_at","LIFR/LIFR-AS1","LIF receptor subunit alpha/LIFR antisense RNA 1"
"U78722_at","ZNF165","zinc finger protein 165"
"U78735_at","ABCA3","ATP binding cassette subfamily A member 3"
"U78798_at","TRAF6","TNF receptor associated factor 6"
"U78876_at","MAP3K3","mitogen-activated protein kinase kinase kinase 3"
"U79115_s_at","CRADD","CARD and death domain containing adaptor protein"
"U79241_at","FLAD1","flavin adenine dinucleotide synthetase 1"
"U79246_at","DIS3","DIS3 exosome endoribonuclease and 3''-5'' exoribonuclease"
"U79247_at","PCDH11X","protocadherin 11 X-linked"
"U79248_at","LINC00667","long intergenic non-protein coding RNA 667"
"U79251_at","OPCML","opioid binding protein/cell adhesion molecule like"
"U79254_at","NARS1","asparaginyl-tRNA synthetase 1"
"U79256_at","ARHGAP19","Rho GTPase activating protein 19"
"U79257_at","FBXO21","F-box protein 21"
"U79258_at","MRPS21","mitochondrial ribosomal protein S21"
"U79261_s_at","MAPK8IP2","mitogen-activated protein kinase 8 interacting protein 2"
"U79263_at","RIF1","replication timing regulatory factor 1"
"U79265_at","QTGAL","queuosine-tRNA galactosyltransferase"
"U79267_at","PPP4R1","protein phosphatase 4 regulatory subunit 1"
"U79270_at","COX11","cytochrome c oxidase copper chaperone COX11"
"U79271_at","AKT3","AKT serine/threonine kinase 3"
"U79272_at","YIPF6","Yip1 domain family member 6"
"U79273_at","EIF4A1","eukaryotic translation initiation factor 4A1"
"U79274_at","FAM216A","family with sequence similarity 216 member A"
"U79277_at","YWHAZ","tyrosine 3-monooxygenase/tryptophan 5-monooxygenase activation protein zeta"
"U79280_at","CSDC2","cold shock domain containing C2"
"U79282_at","UBXN2B","UBX domain protein 2B"
"U79285_at","NMT1","N-myristoyltransferase 1"
"U79287_at","PTOV1","PTOV1 extended AT-hook containing adaptor protein"
"U79289_at","PGBD5","piggyBac transposable element derived 5"
"U79290_at","SLC67A2","solute carrier family 67 member 2"
"U79291_at","PTPN11","protein tyrosine phosphatase non-receptor type 11"
"U79293_at",NA,NA
"U79295_at","LINC00563","long intergenic non-protein coding RNA 563"
"U79296_at","PDHX","pyruvate dehydrogenase complex component X"
"U79297_at","ANKRD46","ankyrin repeat domain 46"
"U79300_at","LINC02172","long intergenic non-protein coding RNA 2172"
"U79301_at",NA,NA
"U79302_at","TP53I11","tumor protein p53 inducible protein 11"
"U79303_at","CCDC106","coiled-coil domain containing 106"
"U79304_at","FAM13C","family with sequence similarity 13 member C"
"U79526_at","CMKLR1","chemerin chemokine-like receptor 1"
"U79725_at","GPA33","glycoprotein A33"
"U79734_at","HIP1","huntingtin interacting protein 1"
"U79751_at","BLZF1","basic leucine zipper nuclear factor 1"
"U80017_rna1_at","GTF2H2/GTF2H2B/GTF2H2C/GTF2H2C_2","general transcription factor IIH subunit 2/general transcription factor IIH subunit 2B (pseudogene)/GTF2H2 family member C/GTF2H2 family member C, copy 2"
"U80017_rna2_at","NAIP","NLR family apoptosis inhibitory protein"
"U80034_at","MIPEP","mitochondrial intermediate peptidase"
"U80073_at","NXF1","nuclear RNA export factor 1"
"U80184_rna1_at","FLII","FLII actin remodeling protein"
"U80456_at","SIM2","SIM bHLH transcription factor 2"
"U80457_at","SIM2","SIM bHLH transcription factor 2"
"U80628_at","TK2","thymidine kinase 2"
"U80669_at","NKX3-1","NK3 homeobox 1"
"U80811_at","LPAR1","lysophosphatidic acid receptor 1"
"U81001_at","SNHG14/SNRPN","small nucleolar RNA host gene 14/small nuclear ribonucleoprotein polypeptide N"
"U81006_at","TM9SF2","transmembrane 9 superfamily member 2"
"U81262_at","EFNB2","ephrin B2"
"U81554_at","SRP72","signal recognition particle 72"
"U81556_at","CTDSP2","CTD small phosphatase 2"
"U81600_at","PRRX2","paired related homeobox 2"
"U81607_at","AKAP12","A-kinase anchoring protein 12"
"U81984_at","EPAS1","endothelial PAS domain protein 1"
"U82108_s_at","NHERF2","NHERF family PDZ scaffold protein 2"
"U82130_at","TSG101","tumor susceptibility 101"
"U82169_at","FZD9","frizzled class receptor 9"
"U82256_at","ARG2","arginase 2"
"U82275_at","LILRA2","leukocyte immunoglobulin like receptor A2"
"U82279_at","LILRB1","leukocyte immunoglobulin like receptor B1"
"U82306_at",NA,NA
"U82310_at",NA,NA
"U82313_at",NA,NA
"U82319_at","NUS1P3","NUS1 pseudogene 3"
"U82321_at",NA,NA
"U82467_at","TUB","TUB bipartite transcription factor"
"U82532_at","ARHGDIG","Rho GDP dissociation inhibitor gamma"
"U82535_at","FAAH","fatty acid amide hydrolase"
"U82613_at","TRPV6","transient receptor potential cation channel subfamily V member 6"
"U82668_rna1_at","SHOX","SHOX homeobox"
"U82671_cds2_at","ZNF185","zinc finger protein 185 with LIM domain"
"U82759_at","HOXA9","homeobox A9"
"U82818_at","UCP3","uncoupling protein 3"
"U82979_at","LILRB4","leukocyte immunoglobulin like receptor B4"
"U82987_at","BBC3","BCL2 binding component 3"
"U83115_at","CRYBG1","crystallin beta-gamma domain containing 1"
"U83117_at","SUMO1","small ubiquitin like modifier 1"
"U83171_at","CCL22","C-C motif chemokine ligand 22"
"U83192_at","DLG4","discs large MAGUK scaffold protein 4"
"U83303_cds2_at","CXCL6","C-X-C motif chemokine ligand 6"
"U83410_at","CUL2","cullin 2"
"U83463_at","SDCBP","syndecan binding protein"
"U83598_at","TNFRSF25","TNF receptor superfamily member 25"
"U83598_s_at","TNFRSF25","TNF receptor superfamily member 25"
"U83600_at","TNFRSF25","TNF receptor superfamily member 25"
"U83601_at","CAST","calpastatin"
"U83843_at","CCT7","chaperonin containing TCP1 subunit 7"
"U83908_at","PDCD4","programmed cell death 4"
"U84011_s_at","AGL","amylo-alpha-1,6-glucosidase and 4-alpha-glucanotransferase"
"U84388_at","CRADD","CARD and death domain containing adaptor protein"
"U84487_at","CX3CL1","C-X3-C motif chemokine ligand 1"
"U84540_at","DTNA","dystrobrevin alpha"
"U84551_cds2_at","DTNA","dystrobrevin alpha"
"U84573_at","PLOD2","procollagen-lysine,2-oxoglutarate 5-dioxygenase 2"
"U84720_at","RAE1","ribonucleic acid export 1"
"U85265_at","RCAN1","regulator of calcineurin 1"
"U85267_at","RCAN1","regulator of calcineurin 1"
"U85430_at","NFATC3","nuclear factor of activated T cells 3"
"U85611_at","CIB1","calcium and integrin binding 1"
"U85707_at","MEIS1","Meis homeobox 1"
"U85767_at","CCL23","C-C motif chemokine ligand 23"
"U85943_at",NA,NA
"U86136_at","TEP1","telomerase associated protein 1"
"U86214_at","CASP10","caspase 10"
"U86358_at","CCL25","C-C motif chemokine ligand 25"
"U86602_at","EBNA1BP2","EBNA1 binding protein 2"
"U86759_s_at","NTN3","netrin 3"
"U87223_at","CNTNAP1","contactin associated protein 1"
"U87460_at","GPR37","G protein-coupled receptor 37"
"U87593_f_at","ERVK-19","endogenous retrovirus group K member 19, envelope"
"U87964_at","GTPBP1","GTP binding protein 1"
"U88047_at","ARID3A","AT-rich interaction domain 3A"
"U88666_at","SRPK2","SRSF protein kinase 2"
"U88667_at","ABCA4","ATP binding cassette subfamily A member 4"
"U88726_at","SYMPK","symplekin scaffold protein"
"U88871_at","PEX7","peroxisomal biogenesis factor 7"
"U88892_at","TNC","tenascin C"
"U88898_at","ERVH-6","endogenous retrovirus group H member 6"
"U88902_cds1_f_at","ERVH-4","endogenous retrovirus group H member 4"
"U88964_at","ISG20","interferon stimulated exonuclease gene 20"
"U89012_at","DMP1","dentin matrix acidic phosphoprotein 1"
"U89336_cds4_at","RNF5","ring finger protein 5"
"U89336_cds6_at","PPT2/EGFL8/PPT2-EGFL8","palmitoyl-protein thioesterase 2/EGF like domain multiple 8/PPT2-EGFL8 readthrough (NMD candidate)"
"U89336_cds7_at","PPT2","palmitoyl-protein thioesterase 2"
"U89336_cds8_at","PRRT1/LOC100507547","proline rich transmembrane protein 1/uncharacterized LOC100507547"
"U89355_at","CREBBP","CREB binding lysine acetyltransferase"
"U89505_at","RBM4/RBM14-RBM4","RNA binding motif protein 4/RBM14-RBM4 readthrough"
"U89606_at","PDXK/LOC105372824","pyridoxal kinase/uncharacterized LOC105372824"
"U89916_at","CLDN10","claudin 10"
"U89922_s_at","LTB","lymphotoxin beta"
"U89942_at","LOXL2","lysyl oxidase like 2"
"U90065_s_at","KCNK1","potassium two pore domain channel subfamily K member 1"
"U90268_at","KRIT1","KRIT1 ankyrin repeat containing"
"U90304_at","IRX5","iroquois homeobox 5"
"U90306_at","IRX4","iroquois homeobox 4"
"U90336_at","PEG3","paternally expressed 3"
"U90437_at","MAPRE2","microtubule associated protein RP/EB family member 2"
"U90543_at","BTN2A1","butyrophilin subfamily 2 member A1"
"U90543_s_at","BTN2A1","butyrophilin subfamily 2 member A1"
"U90544_at","SLC17A2","solute carrier family 17 member 2"
"U90546_at","BTN3A2","butyrophilin subfamily 3 member A2"
"U90546_r_at","BTN3A2","butyrophilin subfamily 3 member A2"
"U90547_at","TRIM38","tripartite motif containing 38"
"U90549_at","HMGN4","high mobility group nucleosomal binding domain 4"
"U90551_at","H2AC6","H2A clustered histone 6"
"U90552_at","BTN3A1","butyrophilin subfamily 3 member A1"
"U90552_s_at","BTN3A1/BTN3A3/BTN3A2","butyrophilin subfamily 3 member A1/butyrophilin subfamily 3 member A3/butyrophilin subfamily 3 member A2"
"U90651_at","EED","embryonic ectoderm development"
"U90878_at","PDLIM1","PDZ and LIM domain 1"
"U90902_at","TIAM1","TIAM Rac1 associated GEF 1"
"U90904_at","NIPA2","NIPA magnesium transporter 2"
"U90908_at","ARHGAP22","Rho GTPase activating protein 22"
"U90910_at",NA,NA
"U90911_at","WIPF2","WAS/WASL interacting protein family member 2"
"U90912_at","CCSER2","coiled-coil serine rich protein 2"
"U90913_at","TAX1BP3/P2RX5-TAX1BP3","Tax1 binding protein 3/P2RX5-TAX1BP3 readthrough (NMD candidate)"
"U90914_at","CPD","carboxypeptidase D"
"U90916_at","SORL1","sortilin related receptor 1"
"U90918_at","NIPAL3","NIPA like domain containing 3"
"U90919_at","ZNF410","zinc finger protein 410"
"U91316_at","ACOT7","acyl-CoA thioesterase 7"
"U91327_at","CCT2","chaperonin containing TCP1 subunit 2"
"U91616_at","NFKBIE","NFKB inhibitor epsilon"
"U91618_at","NTS","neurotensin"
"U91903_at","FRZB","frizzled related protein"
"U91931_at","AP3B1","adaptor related protein complex 3 subunit beta 1"
"U91985_at","DFFA","DNA fragmentation factor subunit alpha"
"U92014_at","THAP9-AS1","THAP9 antisense RNA 1"
"U92314_s_at","SULT2B1","sulfotransferase family 2B member 1"
"U92436_at","PTEN","phosphatase and tensin homolog"
"U92457_s_at","GRM4","glutamate metabotropic receptor 4"
"U92458_at","GRM7","glutamate metabotropic receptor 7"
"U92459_at","GRM8","glutamate metabotropic receptor 8"
"U92971_at","F2RL2","coagulation factor II thrombin receptor like 2"
"U93049_at","FYB1","FYN binding protein 1"
"U93091_at","TLR4","toll like receptor 4"
"U93553_at","NR5A2","nuclear receptor subfamily 5 group A member 2"
"U94319_at","PSIP1","PC4 and SRSF1 interacting protein 1"
"U94320_at","NPY5R","neuropeptide Y receptor Y5"
"U94332_at","TNFRSF11B","TNF receptor superfamily member 11b"
"U94333_at","CD93","CD93 molecule"
"U94592_at","UCP2","uncoupling protein 2"
"U94747_at","DCAF7","DDB1 and CUL4 associated factor 7"
"U94831_at","TM9SF1","transmembrane 9 superfamily member 1"
"U94832_at","KHSRP","KH-type splicing regulatory protein"
"U94836_at","CHERP","calcium homeostasis endoplasmic reticulum protein"
"U95006_at","CENPX","centromere protein X"
"U95019_s_at","CACNB2","calcium voltage-gated channel auxiliary subunit beta 2"
"U95020_at","CACNB4","calcium voltage-gated channel auxiliary subunit beta 4"
"U95090_at","PRODH2","proline dehydrogenase 2"
"U95626_rna1_at","CCR2","C-C motif chemokine receptor 2"
"U95626_rna3_at","CCR5","C-C motif chemokine receptor 5"
"U95740_rna1_at","MARF1","meiosis regulator and mRNA stability factor 1"
"U95740_rna2_at","BMERB1","bMERB domain containing 1"
"U96094_at","SLN","sarcolipin"
"U96113_at","WWP1","WW domain containing E3 ubiquitin protein ligase 1"
"U96115_at","MAGI1","membrane associated guanylate kinase, WW and PDZ domain containing 1"
"U96136_at","CTNND2","catenin delta 2"
"U96191_at",NA,NA
"U96629_rna1_at","INTS9","integrator complex subunit 9"
"U96769_rna1_at","CHAD","chondroadherin"
"U96781_cds1_at","ATP2A1","ATPase sarcoplasmic/endoplasmic reticulum Ca2+ transporting 1"
"U96915_at","SAP18","Sin3A associated protein 18"
"U96922_at","INPP4B","inositol polyphosphate-4-phosphatase type II B"
"U97018_at","EML1","EMAP like 1"
"U97105_at","DPYSL2","dihydropyrimidinase like 2"
"U97188_at","IGF2BP3","insulin like growth factor 2 mRNA binding protein 3"
"U97502_rna1_at","BTN3A2","butyrophilin subfamily 3 member A2"
"V00503_at","COL1A2","collagen type I alpha 2 chain"
"V00532_rna1_f_at","IFNA17","interferon alpha 17"
"V00535_rna2_s_at","IFNB1","interferon beta 1"
"V00536_rna1_at","IFNG","interferon gamma"
"V00542_f_at","IFNA14","interferon alpha 14"
"V00551_f_at","IFNA10","interferon alpha 10"
"V00563_at","IGHM","immunoglobulin heavy constant mu"
"V00565_s_at","INS","insulin"
"V00571_rna1_at","CRH","corticotropin releasing hormone"
"V00574_s_at","HRAS","HRas proto-oncogene, GTPase"
"V00594_at","MT2A/MT1G/MT1H/MT1M/MT1X","metallothionein 2A/metallothionein 1G/metallothionein 1H/metallothionein 1M/metallothionein 1X"
"V00594_s_at","MT2A","metallothionein 2A"
"V01510_rna1_at","POMC","proopiomelanocortin"
"V01512_rna1_at","FOS","Fos proto-oncogene, AP-1 transcription factor subunit"
"V01514_at","AFP","alpha fetoprotein"
"V01515_cds1_at","GCG","glucagon"
"X00038_at","H4C14/H4C15","H4 clustered histone 14/H4 clustered histone 15"
"X00088_at","H2BC11","H2B clustered histone 11"
"X00090_f_at","H3C2","H3 clustered histone 2"
"X00129_at","RBP4","retinol binding protein 4"
"X00237_at","SERPINC1","serpin family C member 1"
"X00274_at","HLA-DRA","major histocompatibility complex, class II, DR alpha"
"X00368_xpt2_at","PRL","prolactin"
"X00371_rna1_at","MB","myoglobin"
"X00437_s_at","TRBV19/TRBC1","T cell receptor beta variable 19/T cell receptor beta constant 1"
"X00540_at","PRL","prolactin"
"X00588_at","EGFR","epidermal growth factor receptor"
"X00695_s_at","IL2","interleukin 2"
"X00948_at","RLN2","relaxin 2"
"X00949_at","RLN1","relaxin 1"
"X01038_rna1_s_at","APOA1","apolipoprotein A1"
"X01059_at","GNRH1","gonadotropin releasing hormone 1"
"X01060_at","TFRC","transferrin receptor"
"X01630_at","ASS1","argininosuccinate synthase 1"
"X01703_at","TUBA1A","tubulin alpha 1a"
"X02158_rna1_at","EPO","erythropoietin"
"X02160_at","INSR","insulin receptor"
"X02176_s_at","C9","complement C9"
"X02317_at","SOD1","superoxide dismutase 1"
"X02404_at","CALCB","calcitonin related polypeptide beta"
"X02419_rna1_s_at","PLAU","plasminogen activator, urokinase"
"X02530_at","CXCL10","C-X-C motif chemokine ligand 10"
"X02544_at","ORM1","orosomucoid 1"
"X02596_at","BCR","BCR activator of RhoGEF and GTPase"
"X02612_at","CYP1A1","cytochrome P450 family 1 subfamily A member 1"
"X02751_at","NRAS","NRAS proto-oncogene, GTPase"
"X02761_s_at","FN1","fibronectin 1"
"X02874_at","OAS1","2'-5'-oligoadenylate synthetase 1"
"X02875_s_at","OAS1","2'-5'-oligoadenylate synthetase 1"
"X02883_at","TRDV2/TRAV20/TRAJ17/TRAC","T cell receptor delta variable 2/T cell receptor alpha variable 20/T cell receptor alpha joining 17/T cell receptor alpha constant"
"X02910_at","TNF","tumor necrosis factor"
"X02956_at","IFNA5","interferon alpha 5"
"X02958_at","IFNA6","interferon alpha 6"
"X03068_f_at","HLA-DQB1","major histocompatibility complex, class II, DQ beta 1"
"X03072_at","WNT1","Wnt family member 1"
"X03100_cds2_at","HLA-DPA1","major histocompatibility complex, class II, DP alpha 1"
"X03168_at","VTN","vitronectin"
"X03350_at","ADH1B","alcohol dehydrogenase 1B (class I), beta polypeptide"
"X03363_s_at","ERBB2","erb-b2 receptor tyrosine kinase 2"
"X03473_at","H1-0","H1.0 linker histone"
"X03635_at","ESR1","estrogen receptor 1"
"X03656_rna1_at","CSF3","colony stimulating factor 3"
"X03663_at","CSF1R","colony stimulating factor 1 receptor"
"X03794_s_at","HOXB5","homeobox B5"
"X03934_at","CD3D","CD3 delta subunit of T-cell receptor complex"
"X04011_at","CYBB","cytochrome b-245 beta chain"
"X04085_rna1_at","CAT","catalase"
"X04143_at","BGLAP","bone gamma-carboxyglutamate protein"
"X04145_at","CD3G","CD3 gamma subunit of T-cell receptor complex"
"X04201_at","TPM3","tropomyosin 3"
"X04297_at","ATP1A1","ATPase Na+/K+ transporting subunit alpha 1"
"X04325_at","GJB1","gap junction protein beta 1"
"X04327_at","BPGM","bisphosphoglycerate mutase"
"X04366_at","CAPN1","calpain 1"
"X04391_at","CD5","CD5 molecule"
"X04412_at","GSN","gelsolin"
"X04434_at","IGF1R","insulin like growth factor 1 receptor"
"X04445_rna1_s_at","INHA","inhibin subunit alpha"
"X04470_s_at","SLPI","secretory leukocyte peptidase inhibitor"
"X04500_at","IL1B","interleukin 1 beta"
"X04571_at","EGF","epidermal growth factor"
"X04602_s_at","IL6","interleukin 6"
"X04706_s_at","HOXD4","homeobox D4"
"X04707_at","THRB","thyroid hormone receptor beta"
"X04729_s_at","SERPINE1","serpin family E member 1"
"X04828_at","GNAI2","G protein subunit alpha i2"
"X04898_rna1_at","APOA2","apolipoprotein A2"
"X05130_s_at","P4HB","prolyl 4-hydroxylase subunit beta"
"X05196_at","ALDOC","aldolase, fructose-bisphosphate C"
"X05232_at","MMP3","matrix metallopeptidase 3"
"X05246_at","PGK2","phosphoglycerate kinase 2"
"X05276_at","TPM4","tropomyosin 4"
"X05309_at","CR1","complement C3b/C4b receptor 1 (Knops blood group)"
"X05323_at","CD200","CD200 molecule"
"X05360_at","CDK1","cyclin dependent kinase 1"
"X05409_at","ALDH2","aldehyde dehydrogenase 2 family member"
"X05608_at","NEFL","neurofilament light chain"
"X05615_at","TG","thyroglobulin"
"X05839_rna1_s_at","TGFB1","transforming growth factor beta 1"
"X05855_s_at","H3-3A/H3P6","H3.3 histone A/H3 histone pseudogene 6"
"X05908_at","ANXA1","annexin A1"
"X05997_at","LIPF","lipase F, gastric type"
"X06182_s_at","KIT","KIT proto-oncogene, receptor tyrosine kinase"
"X06256_at","ITGA5","integrin subunit alpha 5"
"X06290_at","LPA","lipoprotein(a)"
"X06318_at","PRKCB","protein kinase C beta"
"X06323_at","MRPL3","mitochondrial ribosomal protein L3"
"X06482_at","HBQ1","hemoglobin subunit theta 1"
"X06562_at","GHR","growth hormone receptor"
"X06614_at","RARA","retinoic acid receptor alpha"
"X06661_at","CALB1","calbindin 1"
"X06700_s_at","COL3A1","collagen type III alpha 1 chain"
"X06745_at","POLA1","DNA polymerase alpha 1, catalytic subunit"
"X06825_at","TPM2","tropomyosin 2"
"X06948_at","FCER1A","Fc epsilon receptor Ia"
"X06956_at","TUBA4A","tubulin alpha 4a"
"X06985_at","HMOX1","heme oxygenase 1"
"X07109_at","PRKCB","protein kinase C beta"
"X07173_at","ITIH2","inter-alpha-trypsin inhibitor heavy chain 2"
"X07203_at","MS4A1","membrane spanning 4-domains A1"
"X07315_at","NUTF2","nuclear transport factor 2"
"X07384_at","GLI1","GLI family zinc finger 1"
"X07438_s_at","RBP1","retinol binding protein 1"
"X07495_at","HOXC4","homeobox C4"
"X07496_at","APOA1","apolipoprotein A1"
"X07618_s_at","CYP2D6/CYP2D7/LOC101929829","cytochrome P450 family 2 subfamily D member 6 (gene/pseudogene)/cytochrome P450 family 2 subfamily D member 7 (gene/pseudogene)/cytochrome P450 family 2 subfamily D member 6 (gene/pseudogene) pseudogene"
"X07619_s_at","CYP2D7","cytochrome P450 family 2 subfamily D member 7 (gene/pseudogene)"
"X07696_at","KRT15","keratin 15"
"X07730_at","KLK3","kallikrein related peptidase 3"
"X07732_at","HPN","hepsin"
"X07743_at","PLEK","pleckstrin"
"X07767_at","PRKACA","protein kinase cAMP-activated catalytic subunit alpha"
"X07820_at","MMP10","matrix metallopeptidase 10"
"X07834_at","SOD2/SOD2-OT1","superoxide dismutase 2/SOD2 overlapping transcript 1"
"X07876_at","WNT2","Wnt family member 2"
"X07979_at","ITGB1","integrin subunit beta 1"
"X07994_at","LCT","lactase"
"X12451_at","CTSL","cathepsin L"
"X12453_at","SAG","S-antigen visual arrestin"
"X12458_rna1_at","SLC10A3","solute carrier family 10 member 3"
"X12517_at","SNRPC","small nuclear ribonucleoprotein polypeptide C"
"X12530_s_at","MS4A1","membrane spanning 4-domains A1"
"X12556_at","MCF2","MCF.2 cell line derived transforming sequence"
"X12662_rna1_at","ARG1","arginase 1"
"X12671_rna1_at","HNRNPA1","heterogeneous nuclear ribonucleoprotein A1"
"X12876_s_at","KRT18","keratin 18"
"X12901_at","VIL1","villin 1"
"X12953_at","RAB2A","RAB2A, member RAS oncogene family"
"X13100_s_at","MYH3","myosin heavy chain 3"
"X13227_at","DAO","D-amino acid oxidase"
"X13255_at","DBH","dopamine beta-hydroxylase"
"X13293_at","MYBL2","MYB proto-oncogene like 2"
"X13334_at","CD14","CD14 molecule"
"X13451_s_at","CD79A","CD79a molecule"
"X13546_rna1_at","HMGN2","high mobility group nucleosomal binding domain 2"
"X13589_at","CYP19A1","cytochrome P450 family 19 subfamily A member 1"
"X13766_s_at","CSN2","casein beta"
"X13794_rna1_at","LDHB","lactate dehydrogenase B"
"X13810_s_at","POU2F2","POU class 2 homeobox 2"
"X13839_at","ACTA2","actin alpha 2, smooth muscle"
"X13916_at","LRP1","LDL receptor related protein 1"
"X13955_s_at","MYL4","myosin light chain 4"
"X13956_at","YJU2B","YJU2 splicing factor homolog B"
"X13973_at","RNH1","ribonuclease/angiogenin inhibitor 1"
"X14008_rna1_f_at","LYZ","lysozyme"
"X14046_at","CD37","CD37 molecule"
"X14253_s_at","CRIPTO/CRIPTO3","cripto, EGF-CFC family member/cripto, EGF-CFC family member 3"
"X14346_at","EPX","eosinophil peroxidase"
"X14362_at","CR1","complement C3b/C4b receptor 1 (Knops blood group)"
"X14445_at","FGF3","fibroblast growth factor 3"
"X14474_at","MAPT","microtubule associated protein tau"
"X14684_s_at","SSB","small RNA binding exonuclease protection factor La"
"X14690_s_at","ITIH3","inter-alpha-trypsin inhibitor heavy chain 3"
"X14767_at","GABRB1","gamma-aminobutyric acid type A receptor subunit beta1"
"X14787_at","THBS1","thrombospondin 1"
"X14813_at","ACAA1","acetyl-CoA acyltransferase 1"
"X14830_at","CHRNB1","cholinergic receptor nicotinic beta 1 subunit"
"X14850_at","H2AX","H2A.X variant histone"
"X14885_rna1_s_at","TGFB3","transforming growth factor beta 3"
"X14894_at","MYF5","myogenic factor 5"
"X14975_at","CD1E","CD1e molecule"
"X15088_at","GNAT1","G protein subunit alpha transducin 1"
"X15217_at","SKIL","SKI like proto-oncogene"
"X15218_at","SKI","SKI proto-oncogene"
"X15306_rna1_at","NEFH","neurofilament heavy chain"
"X15331_s_at","PRPS1","phosphoribosyl pyrophosphate synthetase 1"
"X15357_at","NPR1","natriuretic peptide receptor 1"
"X15376_at","GABRG2","gamma-aminobutyric acid type A receptor subunit gamma2"
"X15422_at","MBL2","mannose binding lectin 2"
"X15573_at","PFKL","phosphofructokinase, liver type"
"X15675_at","ERV9-1","endogenous retrovirus group 9 member 1"
"X15722_at","GSR","glutathione-disulfide reductase"
"X15875_at","ATF2","activating transcription factor 2"
"X15880_at","COL6A1","collagen type VI alpha 1 chain"
"X15882_at","COL6A2","collagen type VI alpha 2 chain"
"X15943_at","CALCA","calcitonin related polypeptide alpha"
"X15949_at","IRF2","interferon regulatory factor 2"
"X15954_rna1_s_at","MBL2","mannose binding lectin 2"
"X16105_at","NELFE","negative elongation factor complex member E"
"X16260_s_at","ITIH1","inter-alpha-trypsin inhibitor heavy chain 1"
"X16281_at","ZNF44","zinc finger protein 44"
"X16282_at","ZNF250","zinc finger protein 250"
"X16323_at","HGF","hepatocyte growth factor"
"X16354_at","CEACAM1","CEA cell adhesion molecule 1"
"X16396_at","MTHFD2","methylenetetrahydrofolate dehydrogenase (NADP+ dependent) 2, methenyltetrahydrofolate cyclohydrolase"
"X16546_at","RNASE2","ribonuclease A family member 2"
"X16609_s_at","ANK1","ankyrin 1"
"X16662_at","ANXA8L1/LINC00842/ANXA8","annexin A8 like 1/long intergenic non-protein coding RNA 842/annexin A8"
"X16665_at","HOXB2","homeobox B2"
"X16667_at","HOXB3","homeobox B3"
"X16699_at","CYP4B1","cytochrome P450 family 4 subfamily B member 1"
"X16706_at","FOSL2","FOS like 2, AP-1 transcription factor subunit"
"X16707_at","FOSL1","FOS like 1, AP-1 transcription factor subunit"
"X16832_at","CTSH","cathepsin H"
"X16866_at","CYP2D7","cytochrome P450 family 2 subfamily D member 7 (gene/pseudogene)"
"X16983_at","ITGA4","integrin subunit alpha 4"
"X17025_at","IDI1","isopentenyl-diphosphate delta isomerase 1"
"X17042_at","SRGN","serglycin"
"X17059_s_at","NAT1","N-acetyltransferase 1"
"X17093_at","HLA-F","major histocompatibility complex, class I, F"
"X17094_at","FURIN","furin, paired basic amino acid cleaving enzyme"
"X17098_at","PSG6","pregnancy specific beta-1-glycoprotein 6"
"X17254_at","GATA1","GATA binding protein 1"
"X17360_rna1_at",NA,NA
"X17576_at","NCK1","NCK adaptor protein 1"
"X17644_s_at","GSPT1","G1 to S phase transition 1"
"X17648_at","CSF2RA","colony stimulating factor 2 receptor subunit alpha"
"X17651_at","MYOG","myogenin"
"X51345_at","JUNB","JunB proto-oncogene, AP-1 transcription factor subunit"
"X51362_s_at","DRD2","dopamine receptor D2"
"X51408_at","CHN1","chimerin 1"
"X51417_at","ESRRB","estrogen related receptor beta"
"X51420_at","TYRP1","tyrosinase related protein 1"
"X51441_at","SAA1","serum amyloid A1"
"X51441_s_at","SAA1/SAA2","serum amyloid A1/serum amyloid A2"
"X51521_at","EZR","ezrin"
"X51630_at","WT1","WT1 transcription factor"
"X51688_at","CCNA2","cyclin A2"
"X51698_s_at","TFF2","trefoil factor 2"
"X51730_at","PGR","progesterone receptor"
"X51755_cds5_s_at","IGLV@/IGLV4-3/IGLV3-25/IGLV3-19/IGLV1-44/IGLJ3/IGLJ2/BMS1P20/CYAT1","immunoglobulin lambda variable cluster/immunoglobulin lambda variable 4-3/immunoglobulin lambda variable 3-25/immunoglobulin lambda variable 3-19/immunoglobulin lambda variable 1-44/immunoglobulin lambda joining 3/immunoglobulin lambda joining 2/BMS1 pseudogene 20/immunoglobulin lambda light chain-like"
"X51801_at","BMP7","bone morphogenetic protein 7"
"X51804_at","TMEM11","transmembrane protein 11"
"X51823_s_at","F13B","coagulation factor XIII B chain"
"X51953_at","UCP1","uncoupling protein 1"
"X51954_at","UCP1","uncoupling protein 1"
"X51956_rna1_at","ENO2","enolase 2"
"X52001_at","EDN3","endothelin 3"
"X52003_at","TFF1","trefoil factor 1"
"X52005_at","MYL4","myosin light chain 4"
"X52009_s_at","GLRA1","glycine receptor alpha 1"
"X52011_at","MYF6","myogenic factor 6"
"X52022_at","COL6A3","collagen type VI alpha 3 chain"
"X52056_at","SPI1","Spi-1 proto-oncogene"
"X52075_rna1_at","SPN","sialophorin"
"X52142_at","CTPS1","CTP synthase 1"
"X52213_s_at","LTK","leukocyte receptor tyrosine kinase"
"X52221_at","ERCC2","ERCC excision repair 2, TFIIH core complex helicase subunit"
"X52228_at","MUC1","mucin 1, cell surface associated"
"X52282_s_at","NPR3","natriuretic peptide receptor 3"
"X52425_at","IL4R","interleukin 4 receptor"
"X52426_s_at","KRT13","keratin 13"
"X52520_at","TAT","tyrosine aminotransferase"
"X52541_at","EGR1","early growth response 1"
"X52599_at","NGF","nerve growth factor"
"X52611_s_at","TFAP2A","transcription factor AP-2 alpha"
"X52638_at","PFKFB1","6-phosphofructo-2-kinase/fructose-2,6-biphosphatase 1"
"X52773_at","RXRA","retinoid X receptor alpha"
"X52882_at","TCP1","t-complex 1"
"X52896_s_at","ELN","elastin"
"X52947_at","GJA1","gap junction protein alpha 1"
"X53002_s_at","ITGB5","integrin subunit beta 5"
"X53296_s_at","IL1RN","interleukin 1 receptor antagonist"
"X53416_at","FLNA","filamin A"
"X53586_rna1_at","ITGA6","integrin subunit alpha 6"
"X53595_s_at","APOH","apolipoprotein H"
"X53683_at","CCL4","C-C motif chemokine ligand 4"
"X53742_at","FBLN1","fibulin 1"
"X53793_at","PAICS","phosphoribosylaminoimidazole carboxylase and phosphoribosylaminoimidazolesuccinocarboxamide synthase"
"X53795_at",NA,NA
"X53800_s_at","CXCL3","C-X-C motif chemokine ligand 3"
"X53961_at","LTF","lactotransferrin"
"X54131_at","PTPRB","protein tyrosine phosphatase receptor type B"
"X54150_at","FCAR","Fc alpha receptor"
"X54162_at","LMOD1","leiomodin 1"
"X54199_s_at","GART","phosphoribosylglycinamide formyltransferase, phosphoribosylglycinamide synthetase, phosphoribosylaminoimidazole synthetase"
"X54232_at","GPC1","glypican 1"
"X54326_at","EPRS1","glutamyl-prolyl-tRNA synthetase 1"
"X54380_at","PZP","PZP alpha-2-macroglobulin like"
"X54457_s_at","CEL","carboxyl ester lipase"
"X54489_rna1_at","CXCL1","C-X-C motif chemokine ligand 1"
"X54667_at","CST4","cystatin S"
"X54673_at","SLC6A1","solute carrier family 6 member 1"
"X54816_at","AMBP","alpha-1-microglobulin/bikunin precursor"
"X54867_s_at","KLRC1/KLRC2","killer cell lectin like receptor C1/killer cell lectin like receptor C2"
"X54870_at","KLRC4-KLRK1/KLRK1","KLRC4-KLRK1 readthrough/killer cell lectin like receptor K1"
"X54871_at","RAB5B","RAB5B, member RAS oncogene family"
"X54925_at","MMP1","matrix metallopeptidase 1"
"X54936_at","PGF","placental growth factor"
"X54938_at","ITPKA","inositol-trisphosphate 3-kinase A"
"X54941_at","CKS1B","CDC28 protein kinase regulatory subunit 1B"
"X54942_at","CKS2","CDC28 protein kinase regulatory subunit 2"
"X54993_s_at","TBP","TATA-box binding protein"
"X55448_cds1_s_at","G6PD","glucose-6-phosphate dehydrogenase"
"X55448_cds2_at","FAM3A","FAM3 metabolism regulating signaling molecule A"
"X55544_at","ATF1","activating transcription factor 1"
"X55740_at","NT5E","5'-nucleotidase ecto"
"X55885_at","KDELR1","KDEL endoplasmic reticulum protein retention receptor 1"
"X55889_at","CNTF/ZFP91-CNTF","ciliary neurotrophic factor/ZFP91-CNTF readthrough (NMD candidate)"
"X55989_rna1_at","RNASE2CP","ribonuclease A family member 2C, pseudogene"
"X55990_rna1_at","RNASE3","ribonuclease A family member 3"
"X56088_s_at","CYP7A1","cytochrome P450 family 7 subfamily A member 1"
"X56199_at","XIST","X inactive specific transcript"
"X56411_rna1_at","ADH4","alcohol dehydrogenase 4 (class II), pi polypeptide"
"X56465_at","ZNF711","zinc finger protein 711"
"X56494_at","PKM","pyruvate kinase M1/2"
"X56654_at","DSG1","desmoglein 1"
"X56667_at","CALB2","calbindin 2"
"X56687_s_at","UBTF","upstream binding transcription factor"
"X56692_at","CRP","C-reactive protein"
"X56741_at","RAB8A","RAB8A, member RAS oncogene family"
"X56807_at","DSC2","desmocollin 2"
"X56841_at","HLA-E","major histocompatibility complex, class I, E"
"X57025_at","IGF1","insulin like growth factor 1"
"X57110_s_at","CBL","Cbl proto-oncogene"
"X57129_at","H1-2","H1.2 linker histone, cluster member"
"X57206_at","ITPKB","inositol-trisphosphate 3-kinase B"
"X57348_s_at","SFN","stratifin"
"X57351_at","IFITM2/IFITM3","interferon induced transmembrane protein 2/interferon induced transmembrane protein 3"
"X57351_s_at","IFITM2/IFITM3","interferon induced transmembrane protein 2/interferon induced transmembrane protein 3"
"X57522_at","TAP1","transporter 1, ATP binding cassette subfamily B member"
"X57579_s_at","INHBA","inhibin subunit beta A"
"X57809_at","IGLV@/IGLV4-3/IGLV3-25/IGLV1-47/IGLV1-44/IGLJ3/IGLJ2/CYAT1/IGLL5","immunoglobulin lambda variable cluster/immunoglobulin lambda variable 4-3/immunoglobulin lambda variable 3-25/immunoglobulin lambda variable 1-47/immunoglobulin lambda variable 1-44/immunoglobulin lambda joining 3/immunoglobulin lambda joining 2/immunoglobulin lambda light chain-like/immunoglobulin lambda like polypeptide 5"
"X57809_s_at","IGLV1-47/IGLV1-44/IGLV1-40/CYAT1/IGLL5","immunoglobulin lambda variable 1-47/immunoglobulin lambda variable 1-44/immunoglobulin lambda variable 1-40/immunoglobulin lambda light chain-like/immunoglobulin lambda like polypeptide 5"
"X57985_rna2_at","H2BC21","H2B clustered histone 21"
"X58022_at","CRHBP","corticotropin releasing hormone binding protein"
"X58072_at","GATA3","GATA binding protein 3"
"X58079_at","S100A1","S100 calcium binding protein A1"
"X58199_s_at","ADD2","adducin 2"
"X58234_at","TIMM44","translocase of inner mitochondrial membrane 44"
"X58255_at",NA,NA
"X58288_at","PTPRM","protein tyrosine phosphatase receptor type M"
"X58298_s_at","IL6R","interleukin 6 receptor"
"X58377_at","IL11","interleukin 11"
"X58399_at","IGHV5-78","immunoglobulin heavy variable 5-78 (pseudogene)"
"X58401_at",NA,NA
"X58528_s_at","ABCD3","ATP binding cassette subfamily D member 3"
"X58529_at","IGHM","immunoglobulin heavy constant mu"
"X58723_at","ABCB1","ATP binding cassette subfamily B member 1"
"X58822_rna1_s_at","IFNW1","interferon omega 1"
"X58964_at","RFX1","regulatory factor X1"
"X58987_at","DRD1","dopamine receptor D1"
"X59065_at","FGF1","fibroblast growth factor 1"
"X59131_at","USPL1","ubiquitin specific peptidase like 1"
"X59303_s_at","VARS1","valyl-tRNA synthetase 1"
"X59350_at","CD22","CD22 molecule"
"X59373_at","HOXD10","homeobox D10"
"X59405_at","CD46","CD46 molecule"
"X59417_at","PSMA6/PRORP","proteasome 20S subunit alpha 6/protein only RNase P catalytic subunit"
"X59543_at","RRM1","ribonucleotide reductase catalytic subunit M1"
"X59618_at","RRM2","ribonucleotide reductase regulatory subunit M2"
"X59656_at","CRKL","CRK like proto-oncogene, adaptor protein"
"X59710_at","NFYB","nuclear transcription factor Y subunit beta"
"X59711_at","NFYA","nuclear transcription factor Y subunit alpha"
"X59739_at","ZFX","zinc finger protein X-linked"
"X59766_at","AZGP1","alpha-2-glycoprotein 1, zinc-binding"
"X59812_at","CYP27A1","cytochrome P450 family 27 subfamily A member 1"
"X59834_at","GLUL","glutamate-ammonia ligase"
"X59841_at","PBX3","PBX homeobox 3"
"X59842_rna1_s_at","PBX2","PBX homeobox 2"
"X59871_at","TCF7","transcription factor 7"
"X59932_s_at","CSK","C-terminal Src kinase"
"X60104_s_at","EGR4","early growth response 4"
"X60299_s_at","ANOS1","anosmin 1"
"X60382_rna1_at","COL10A1","collagen type X alpha 1 chain"
"X60483_at","H4C12/H4C11","H4 clustered histone 12/H4 clustered histone 11"
"X60484_at","H4C12/H4C11","H4 clustered histone 12/H4 clustered histone 11"
"X60486_at","H4C3","H4 clustered histone 3"
"X60487_at","H4C8","H4 clustered histone 8"
"X60655_at","EVX1","even-skipped homeobox 1"
"X60673_rna1_at","AK4","adenylate kinase 4"
"X60708_at","DPP4","dipeptidyl peptidase 4"
"X60787_s_at","FOXK2","forkhead box K2"
"X60955_s_at","TYRP1","tyrosinase related protein 1"
"X60957_at","TIE1","tyrosine kinase with immunoglobulin like and EGF like domains 1"
"X60992_at","CD6","CD6 molecule"
"X61070_at",NA,NA
"X61118_rna1_at","LMO2","LIM domain only 2"
"X61123_at","BTG1","BTG anti-proliferation factor 1"
"X61177_at","IL5RA","interleukin 5 receptor subunit alpha"
"X61373_at","MAPT","microtubule associated protein tau"
"X61587_at","RHOG","ras homolog family member G"
"X61755_rna1_s_at","HOXC5","homeobox C5"
"X61970_at","PSMA5","proteasome 20S subunit alpha 5"
"X62048_at","WEE1","WEE1 G2 checkpoint kinase"
"X62055_at","PTPN6","protein tyrosine phosphatase non-receptor type 6"
"X62078_at","GM2A","ganglioside GM2 activator"
"X62153_s_at","MCM3","minichromosome maintenance complex component 3"
"X62320_at","GRN","granulin precursor"
"X62429_s_at","POU1F1","POU class 1 homeobox 1"
"X62466_at","CD52","CD52 molecule"
"X62515_s_at","HSPG2","heparan sulfate proteoglycan 2"
"X62534_s_at","HMGB2","high mobility group box 2"
"X62535_at","DGKA","diacylglycerol kinase alpha"
"X62654_rna1_at","CD63","CD63 molecule"
"X62744_at","HLA-DMA","major histocompatibility complex, class II, DM alpha"
"X62822_at","ST6GAL1","ST6 beta-galactoside alpha-2,6-sialyltransferase 1"
"X62891_s_at","AVP","arginine vasopressin"
"X63097_at","RHD","Rh blood group D antigen"
"X63187_at","WFDC2","WAP four-disulfide core domain 2"
"X63359_at","ADH6","alcohol dehydrogenase 6 (class V)"
"X63380_at","BORCS8-MEF2B/MEF2B","BORCS8-MEF2B readthrough/myocyte enhancer factor 2B"
"X63417_at","DENND4A","DENN domain containing 4A"
"X63454_at","FGF6","fibroblast growth factor 6"
"X63468_at","GTF2E1","general transcription factor IIE subunit 1"
"X63469_at","GTF2E2","general transcription factor IIE subunit 2"
"X63522_s_at","RXRB","retinoid X receptor beta"
"X63546_at","USP6","ubiquitin specific peptidase 6"
"X63563_at","POLR2B","RNA polymerase II subunit B"
"X63575_s_at","ATP2B2","ATPase plasma membrane Ca2+ transporting 2"
"X63578_rna1_at","PVALB","parvalbumin"
"X63597_at","SI","sucrase-isomaltase"
"X63629_at","CDH3","cadherin 3"
"X63679_at","TRAM1","translocation associated membrane protein 1"
"X63717_at","FAS","Fas cell surface death receptor"
"X63741_s_at","EGR3","early growth response 3"
"X63753_at","SON","SON DNA and RNA binding protein"
"X63759_at","TNP2","transition protein 2"
"X64044_at","U2AF2","U2 small nuclear RNA auxiliary factor 2"
"X64072_s_at","ITGB2","integrin subunit beta 2"
"X64177_f_at","MT1H","metallothionein 1H"
"X64229_at","DEK","DEK proto-oncogene"
"X64364_at","BSG","basigin (Ok blood group)"
"X64559_at","CLEC3B","C-type lectin domain family 3 member B"
"X64624_s_at","POU4F1","POU class 4 homeobox 1"
"X64643_at","BRCC3","BRCA1/BRCA2-containing complex subunit 3"
"X64728_at","CHML","CHM like Rab escort protein"
"X64810_at","PCSK1","proprotein convertase subtilisin/kexin type 1"
"X64838_at","CLIP1","CAP-Gly domain containing linker protein 1"
"X64877_at","CFHR2","complement factor H related 2"
"X64877_s_at","CFHR2","complement factor H related 2"
"X64878_at","OXTR","oxytocin receptor"
"X64994_at","OR1E1","olfactory receptor family 1 subfamily E member 1"
"X65233_at","ZNF80","zinc finger protein 80"
"X65293_at","PRKCE","protein kinase C epsilon"
"X65463_at","RXRB","retinoid X receptor beta"
"X65550_at","MKI67","marker of proliferation Ki-67"
"X65614_at","S100P","S100 calcium binding protein P"
"X65633_at","MC2R","melanocortin 2 receptor"
"X65644_at","HIVEP2","HIVEP zinc finger 2"
"X65663_at","SOX6","SRY-box transcription factor 6"
"X65724_at","NDP","norrin cystine knot growth factor NDP"
"X65727_cds2_s_at","GSTA1/GSTA2/GSTA3","glutathione S-transferase alpha 1/glutathione S-transferase alpha 2/glutathione S-transferase alpha 3"
"X65857_at","OR1D2","olfactory receptor family 1 subfamily D member 2"
"X65965_s_at","SOD2/SOD2-OT1","superoxide dismutase 2/SOD2 overlapping transcript 1"
"X65977_at","DEFA4","defensin alpha 4"
"X66079_at","SPIB","Spi-B transcription factor"
"X66087_at","MYBL1","MYB proto-oncogene like 1"
"X66114_rna1_at","SLC25A11","solute carrier family 25 member 11"
"X66171_at","CD300C","CD300c molecule"
"X66276_s_at","MYBPC1","myosin binding protein C1"
"X66358_at","CDKL1","cyclin dependent kinase like 1"
"X66360_at","CDK17","cyclin dependent kinase 17"
"X66362_at","CDK18","cyclin dependent kinase 18"
"X66363_at","CDK16","cyclin dependent kinase 16"
"X66365_at","CDK6","cyclin dependent kinase 6"
"X66401_cds1_at","PSMB9","proteasome 20S subunit beta 9"
"X66436_at","GNL1","G protein nucleolar 1 (putative)"
"X66503_at","ADSS2","adenylosuccinate synthase 2"
"X66533_at","GUCY1B1","guanylate cyclase 1 soluble subunit beta 1"
"X66534_at","GUCY1A1","guanylate cyclase 1 soluble subunit alpha 1"
"X66610_at",NA,NA
"X66839_at","CA9","carbonic anhydrase 9"
"X66867_cds1_at","MAX","MYC associated factor X"
"X66899_at","EWSR1","EWS RNA binding protein 1"
"X66945_at","FGFR1","fibroblast growth factor receptor 1"
"X67081_at","H4C2","H4 clustered histone 2"
"X67098_at","ENOSF1","enolase superfamily member 1"
"X67155_at","KIF23","kinesin family member 23"
"X67235_s_at","HHEX","hematopoietically expressed homeobox"
"X67318_at","CPA1","carboxypeptidase A1"
"X67325_at","IFI27","interferon alpha inducible protein 27"
"X67337_at","CPSF6","cleavage and polyadenylation specific factor 6"
"X67491_f_at",NA,NA
"X67594_at","MC1R","melanocortin 1 receptor"
"X67683_at","KRT4","keratin 4"
"X67698_at","NPC2","NPC intracellular cholesterol transporter 2"
"X67734_at","CNTN2","contactin 2"
"X67951_at","PRDX1","peroxiredoxin 1"
"X68090_s_at","FCGR2A/FCGR2C","Fc gamma receptor IIa/Fc gamma receptor IIc (gene/pseudogene)"
"X68149_at","CXCR5","C-X-C motif chemokine receptor 5"
"X68194_at","SYPL1","synaptophysin like 1"
"X68264_rna1_at","MCAM","melanoma cell adhesion molecule"
"X68277_at","DUSP1","dual specificity phosphatase 1"
"X68285_s_at","GK/GK2/GK3","glycerol kinase/glycerol kinase 2/glycerol kinase 3"
"X68314_at","GPX2","glutathione peroxidase 2"
"X68487_at","ADORA2B","adenosine A2b receptor"
"X68505_s_at","MEF2A","myocyte enhancer factor 2A"
"X68560_at","SP3","Sp3 transcription factor"
"X68561_at","SP4","Sp4 transcription factor"
"X68688_rna1_s_at","ZNF33A/ZNF33B","zinc finger protein 33A/zinc finger protein 33B"
"X68742_at","ITGA1","integrin subunit alpha 1"
"X68836_at","MAT2A","methionine adenosyltransferase 2A"
"X68985_s_at","HLF","HLF transcription factor, PAR bZIP family member"
"X69089_at","MYOM2","myomesin 2"
"X69111_at","ID3","inhibitor of DNA binding 3"
"X69116_s_at","ZNF37A","zinc finger protein 37A"
"X69141_at","FDFT1","farnesyl-diphosphate farnesyltransferase 1"
"X69398_at","CD47","CD47 molecule"
"X69433_at","IDH2","isocitrate dehydrogenase (NADP(+)) 2"
"X69819_at","ICAM3","intercellular adhesion molecule 3"
"X69838_at","EHMT2","euchromatic histone lysine methyltransferase 2"
"X69878_at","FLT4","fms related receptor tyrosine kinase 4"
"X69886_s_at","GK","glycerol kinase"
"X69910_at","CKAP4","cytoskeleton associated protein 4"
"X69950_s_at","WT1/WT1-AS","WT1 transcription factor/WT1 antisense RNA"
"X69962_s_at","FMR1","fragile X messenger ribonucleoprotein 1"
"X69978_at","ERCC5","ERCC excision repair 5, endonuclease"
"X70070_at","NTSR1","neurotensin receptor 1"
"X70083_at","FLNC","filamin C"
"X70297_at","CHRNA7/CHRFAM7A","cholinergic receptor nicotinic alpha 7 subunit/CHRNA7 (exons 5-10) and FAM7A (exons A-E) fusion"
"X70340_at","TGFA","transforming growth factor alpha"
"X70394_at","ZNF146","zinc finger protein 146"
"X70476_at","COPB2","coat protein complex I subunit beta 2"
"X70649_at","DDX1","DEAD-box helicase 1"
"X70683_at","SOX4","SRY-box transcription factor 4"
"X70811_at","ADRB3","adrenoceptor beta 3"
"X70940_s_at","EEF1A2","eukaryotic translation elongation factor 1 alpha 2"
"X70991_at","NAB2","NGFI-A binding protein 2"
"X71125_at","QPCT","glutaminyl-peptide cyclotransferase"
"X71345_f_at","PRSS3","serine protease 3"
"X71490_at","ATP6V0D1","ATPase H+ transporting V0 subunit d1"
"X71874_cds1_at","PSMB10","proteasome 20S subunit beta 10"
"X71877_at","CTRL","chymotrypsin like"
"X72304_at","CRHR1/LINC02210-CRHR1","corticotropin releasing hormone receptor 1/LINC02210-CRHR1 readthrough"
"X72308_at","CCL7","C-C motif chemokine ligand 7"
"X72790_at","ERVK-7","endogenous retrovirus group K member 7"
"X72841_at","RBBP7","RB binding protein 7, chromatin remodeling factor"
"X72879_at",NA,NA
"X72889_at","SMARCA2","SWI/SNF related BAF chromatin remodeling complex subunit ATPase 2"
"X73079_at","PIGR","polymeric immunoglobulin receptor"
"X73358_s_at","TLE5","TLE family member 5, transcriptional modulator"
"X73478_at","PTPA","protein phosphatase 2 phosphatase activator"
"X73608_at","SPOCK1","SPARC (osteonectin), cwcv and kazal like domains proteoglycan 1"
"X73874_at","PHKA1","phosphorylase kinase regulatory subunit alpha 1"
"X73882_at","MAP7","microtubule associated protein 7"
"X74008_at","PPP1CC","protein phosphatase 1 catalytic subunit gamma"
"X74039_at","PLAUR","plasminogen activator, urokinase receptor"
"X74142_at","FOXG1","forkhead box G1"
"X74262_at","RBBP4","RB binding protein 4, chromatin remodeling factor"
"X74295_at","ITGA7","integrin subunit alpha 7"
"X74301_s_at","CIITA","class II major histocompatibility complex transactivator"
"X74328_rna1_at","CNR2","cannabinoid receptor 2"
"X74330_at","PRIM1","DNA primase subunit 1"
"X74331_at","PRIM2","DNA primase subunit 2"
"X74570_at","ST3GAL4","ST3 beta-galactoside alpha-2,3-sialyltransferase 4"
"X74764_at","DDR2","discoidin domain receptor tyrosine kinase 2"
"X74794_at","MCM4","minichromosome maintenance complex component 4"
"X74801_at","CCT3","chaperonin containing TCP1 subunit 3"
"X74819_at","TNNT2","troponin T2, cardiac type"
"X74837_at","MAN1A1","mannosidase alpha class 1A member 1"
"X74929_s_at","KRT8","keratin 8"
"X74987_s_at","ABCE1","ATP binding cassette subfamily E member 1"
"X75042_at","REL","REL proto-oncogene, NF-kB subunit"
"X75308_at","MMP13","matrix metallopeptidase 13"
"X75315_at","RBM38","RNA binding motif protein 38"
"X75342_at","SHB","SH2 domain containing adaptor protein B"
"X75346_s_at","MAPKAPK2","MAPK activated protein kinase 2"
"X75535_at","PEX19","peroxisomal biogenesis factor 19"
"X75546_at","FMOD","fibromodulin"
"X75755_rna1_s_at","SRSF2","serine and arginine rich splicing factor 2"
"X75756_at","PRKD1","protein kinase D1"
"X75918_at","NR4A2","nuclear receptor subfamily 4 group A member 2"
"X75958_at","NTRK2","neurotrophic receptor tyrosine kinase 2"
"X76040_at","AZIN1","antizyme inhibitor 1"
"X76057_at","MPI","mannose phosphate isomerase"
"X76059_at","RBMY1A1/RBMY1F/RBMY1B/RBMY1D/RBMY1E/RBMY1J","RNA binding motif protein Y-linked family 1 member A1/RNA binding motif protein Y-linked family 1 member F/RNA binding motif protein Y-linked family 1 member B/RNA binding motif protein Y-linked family 1 member D/RNA binding motif protein Y-linked family 1 member E/RNA binding motif protein Y-linked family 1 member J"
"X76061_at","RBL2","RB transcriptional corepressor like 2"
"X76092_at","RFX3","regulatory factor X3"
"X76104_at","DAPK1","death associated protein kinase 1"
"X76223_s_at","MAL","mal, T cell differentiation protein (MAL blood group)"
"X76302_at","SNRNP27","small nuclear ribonucleoprotein U4/U6.U5 subunit 27"
"X76383_at","EDDM3A","epididymal protein 3A"
"X76498_at","BRS3","bombesin receptor subtype 3"
"X76534_at","GPNMB","glycoprotein nmb"
"X76648_at","GLRX","glutaredoxin"
"X76717_at","MT1X","metallothionein 1X"
"X76732_at","NUCB2","nucleobindin 2"
"X77094_at","NCF4","neutrophil cytosolic factor 4"
"X77197_at","CLCN4","chloride voltage-gated channel 4"
"X77307_at","HTR2B","5-hydroxytryptamine receptor 2B"
"X77366_at","NFE2L1","NFE2 like bZIP transcription factor 1"
"X77383_at","CTSO","cathepsin O"
"X77533_at","ACVR2B","activin A receptor type 2B"
"X77548_at","NCOA4","nuclear receptor coactivator 4"
"X77567_s_at","INPP5A","inositol polyphosphate-5-phosphatase A"
"X77737_at","SLC4A1","solute carrier family 4 member 1 (Diego blood group)"
"X77744_at","ZNF160","zinc finger protein 160"
"X77748_at","GRM3","glutamate metabotropic receptor 3"
"X77753_at","TACSTD2","tumor associated calcium signal transducer 2"
"X77794_at","CCNG1","cyclin G1"
"X77909_at","NFKBIL1","NFKB inhibitor like 1"
"X77922_s_at","ST8SIA1","ST8 alpha-N-acetyl-neuraminide alpha-2,8-sialyltransferase 1"
"X78031_at","FUT7","fucosyltransferase 7"
"X78342_at","CDK10","cyclin dependent kinase 10"
"X78416_s_at","CSN1S1","casein alpha s1"
"X78520_at","CLCN3","chloride voltage-gated channel 3"
"X78549_at","PTK6","protein tyrosine kinase 6"
"X78565_at","TNC","tenascin C"
"X78578_at","PPP1R3A","protein phosphatase 1 regulatory subunit 3A"
"X78627_at","TSN","translin"
"X78669_at","RCN2","reticulocalbin 2"
"X78686_at","CXCL5","C-X-C motif chemokine ligand 5"
"X78687_at","NEU1","neuraminidase 1"
"X78706_at","CRAT","carnitine O-acetyltransferase"
"X78711_at","GK3","glycerol kinase 3"
"X78712_at","GK2","glycerol kinase 2"
"X78924_at","ZNF266","zinc finger protein 266"
"X78925_at","ZNF267","zinc finger protein 267"
"X78926_at","ZNF268","zinc finger protein 268"
"X78932_at","ZNF273","zinc finger protein 273"
"X78933_at","ZNF345","zinc finger protein 345"
"X78992_at","ZFP36L2","ZFP36 ring finger protein like 2"
"X79066_at","ZFP36L1","ZFP36 ring finger protein like 1"
"X79067_at","ZFP36L1","ZFP36 ring finger protein like 1"
"X79200_at","SSX2/SSX2B","SSX family member 2/SSX family member 2B"
"X79200_s_at","SSX2/SSX2B","SSX family member 2/SSX family member 2B"
"X79201_at","SS18","SS18 subunit of BAF chromatin remodeling complex"
"X79204_at","ATXN1","ataxin 1"
"X79353_at","GDI1","GDP dissociation inhibitor 1"
"X79439_at","NOTCH3","notch receptor 3"
"X79483_at","MAPK12","mitogen-activated protein kinase 12"
"X79510_at","PTPN21","protein tyrosine phosphatase non-receptor type 21"
"X79536_at","HNRNPA1","heterogeneous nuclear ribonucleoprotein A1"
"X79568_at","PTPN18","protein tyrosine phosphatase non-receptor type 18"
"X79683_s_at","LAMB2","laminin subunit beta 2"
"X79780_at","RAB11B","RAB11B, member RAS oncogene family"
"X79865_at","MRPL12","mitochondrial ribosomal protein L12"
"X79882_at","MVP","major vault protein"
"X79888_at","AUH","AU RNA binding methylglutaconyl-CoA hydratase"
"X79984_at","MAF","MAF bZIP transcription factor"
"X80026_at","BCAM","basal cell adhesion molecule (Lutheran blood group)"
"X80062_at","ACSM3","acyl-CoA synthetase medium chain family member 3"
"X80198_at","STARD3","StAR related lipid transfer domain containing 3"
"X80230_at","CDK9","cyclin dependent kinase 9"
"X80343_at","CDK5R1","cyclin dependent kinase 5 regulatory subunit 1"
"X80507_at","YAP1","Yes1 associated transcriptional regulator"
"X80590_at","PHKG1","phosphorylase kinase catalytic subunit gamma 1"
"X80692_at","MAPK6","mitogen-activated protein kinase 6"
"X80878_at","NFRKB","nuclear factor related to kappaB binding protein"
"X81003_at","PPP1R11","protein phosphatase 1 regulatory inhibitor subunit 11"
"X81372_at","BPHL","biphenyl hydrolase like"
"X81420_at","KRT81","keratin 81"
"X81438_at","AMPH","amphiphysin"
"X81479_at","ADGRE1","adhesion G protein-coupled receptor E1"
"X81625_at","ETF1","eukaryotic translation termination factor 1"
"X81636_at","CLTA","clathrin light chain A"
"X81637_at",NA,NA
"X81788_at","MRPL58","mitochondrial ribosomal protein L58"
"X81836_s_at","CLCN5","chloride voltage-gated channel 5"
"X81851_s_at","IL4","interleukin 4"
"X81882_at","CUL5","cullin 5"
"X81889_at","PKP4","plakophilin 4"
"X81892_at","ADGRG2","adhesion G protein-coupled receptor G2"
"X81895_at","LUZP2","leucine zipper protein 2"
"X82018_at","ZBTB6","zinc finger and BTB domain containing 6"
"X82068_at","GRIA3","glutamate ionotropic receptor AMPA type subunit 3"
"X82125_at","ZNF239","zinc finger protein 239"
"X82153_at","CTSK","cathepsin K"
"X82200_at","TRIM22","tripartite motif containing 22"
"X82207_at","ACTR1B","actin related protein 1B"
"X82209_at","MN1","MN1 proto-oncogene, transcriptional regulator"
"X82224_at","KYAT1","kynurenine aminotransferase 1"
"X82240_rna1_at","TCL1A","TCL1 family AKT coactivator A"
"X82324_at","POU3F4","POU class 3 homeobox 4"
"X82456_at","LASP1","LIM and SH3 protein 1"
"X82494_at","FBLN2","fibulin 2"
"X82539_at","MAGEB1","MAGE family member B1"
"X82554_rna1_at","RAB4A","RAB4A, member RAS oncogene family"
"X82629_at","MEOX2","mesenchyme homeobox 2"
"X82676_at","PTPN14","protein tyrosine phosphatase non-receptor type 14"
"X82693_at","LY6D","lymphocyte antigen 6 family member D"
"X82835_at","SCN9A","sodium voltage-gated channel alpha subunit 9"
"X82850_s_at","NKX2-1","NK2 homeobox 1"
"X83107_at","BMX","BMX non-receptor tyrosine kinase"
"X83127_at",NA,NA
"X83228_at","CDH17","cadherin 17"
"X83301_s_at","GUSBP15/GUSBP14/GUSBP3","GUSB pseudogene 15/GUSB pseudogene 14/GUSB pseudogene 3"
"X83412_at",NA,NA
"X83416_s_at","PRNP","prion protein (Kanno blood group)"
"X83441_at","LIG4","DNA ligase 4"
"X83490_s_at","FAS","Fas cell surface death receptor"
"X83492_s_at","FAS","Fas cell surface death receptor"
"X83543_at","SHROOM2","shroom family member 2"
"X83572_at","ARSD","arylsulfatase D"
"X83573_at","ARSL","arylsulfatase L"
"X83618_at","HMGCS2","3-hydroxy-3-methylglutaryl-CoA synthase 2"
"X83857_s_at","PTGER3","prostaglandin E receptor 3"
"X83863_at","PTGER3","prostaglandin E receptor 3"
"X83929_s_at","DSC3","desmocollin 3"
"X84002_at","TAF12","TATA-box binding protein associated factor 12"
"X84003_at","TAF13","TATA-box binding protein associated factor 13"
"X84194_at","ACYP1","acylphosphatase 1"
"X84195_at","ACYP2","acylphosphatase 2"
"X84213_s_at","BAK1","BCL2 antagonist/killer 1"
"X84373_at","NRIP1","nuclear receptor interacting protein 1"
"X84746_at","ABO","ABO, alpha 1-3-N-acetylgalactosaminyltransferase and alpha 1-3-galactosyltransferase"
"X84908_at","PHKB","phosphorylase kinase regulatory subunit beta"
"X85106_at","RPS6KA2","ribosomal protein S6 kinase A2"
"X85116_rna1_s_at","STOM","stomatin"
"X85133_at","RBBP6","RB binding protein 6, ubiquitin ligase"
"X85134_rna1_at","RBBP5","RB binding protein 5, histone lysine methyltransferase complex subunit"
"X85237_at","SF3A1","splicing factor 3a subunit 1"
"X85372_at","SNRPF","small nuclear ribonucleoprotein polypeptide F"
"X85373_at","SNRPG","small nuclear ribonucleoprotein polypeptide G"
"X85545_at","PRKX","protein kinase cAMP-dependent X-linked catalytic subunit"
"X85740_at","CCR4","C-C motif chemokine receptor 4"
"X85750_at","MMD","monocyte to macrophage differentiation associated"
"X85753_at","CDK8","cyclin dependent kinase 8"
"X85781_s_at","NOS2","nitric oxide synthase 2"
"X86018_at","LRRC41","leucine rich repeat containing 41"
"X86019_at","WIPF1","WAS/WASL interacting protein family member 1"
"X86098_at","ZMYND11","zinc finger MYND-type containing 11"
"X86400_at",NA,NA
"X86401_s_at","GATM","glycine amidinotransferase"
"X86564_at","CFHR2","complement factor H related 2"
"X86691_at","CHD4","chromodomain helicase DNA binding protein 4"
"X86693_at","SPARCL1","SPARC like 1"
"X86809_at","PEA15","proliferation and apoptosis adaptor protein 15"
"X86816_at","ESR1","estrogen receptor 1"
"X87159_at","SCNN1B","sodium channel epithelial 1 subunit beta"
"X87160_at","SCNN1G","sodium channel epithelial 1 subunit gamma"
"X87176_at","HSD17B4","hydroxysteroid 17-beta dehydrogenase 4"
"X87211_at","SLC4A3","solute carrier family 4 member 3"
"X87212_at","CTSC","cathepsin C"
"X87237_at","MOGS","mannosyl-oligosaccharide glucosidase"
"X87241_at","FAT1","FAT atypical cadherin 1"
"X87342_at","LLGL2","LLGL scribble cell polarity complex component 2"
"X87344_cds10_at","HLA-DQB1/HLA-DQB2","major histocompatibility complex, class II, DQ beta 1/major histocompatibility complex, class II, DQ beta 2"
"X87344_cds10_r_at","HLA-DQB1/HLA-DQB2","major histocompatibility complex, class II, DQ beta 1/major histocompatibility complex, class II, DQ beta 2"
"X87613_at","BRD8","bromodomain containing 8"
"X87767_at","FCAR","Fc alpha receptor"
"X87843_at","MNAT1","MNAT1 component of CDK activating kinase"
"X87870_at","HNF4A","hepatocyte nuclear factor 4 alpha"
"X87871_s_at","HNF4A","hepatocyte nuclear factor 4 alpha"
"X87904_at","PLXNB1","plexin B1"
"X89066_at","TRPC1","transient receptor potential cation channel subfamily C member 1"
"X89067_at","TRPC2","transient receptor potential cation channel subfamily C member 2 (pseudogene)"
"X89109_s_at","CORO1A","coronin 1A"
"X89398_cds2_at","UNG","uracil DNA glycosylase"
"X89399_s_at","RASA3/ARHGDIB","RAS p21 protein activator 3/Rho GDP dissociation inhibitor beta"
"X89416_at","PPP5C","protein phosphatase 5 catalytic subunit"
"X89430_at","MECP2","methyl-CpG binding protein 2"
"X89576_at","MMP17","matrix metallopeptidase 17"
"X89750_at","TGIF1","TGFB induced factor homeobox 1"
"X89894_at","NR4A3","nuclear receptor subfamily 4 group A member 3"
"X89986_s_at","BIK","BCL2 interacting killer"
"X90392_at","DNASE1L1","deoxyribonuclease 1 like 1"
"X90568_at","TTN","titin"
"X90780_rna1_at","TNNI3","troponin I3, cardiac type"
"X90824_s_at","USF2","upstream transcription factor 2, c-fos interacting"
"X90828_at","LBX1","ladybird homeobox 1"
"X90840_at","KIF1A","kinesin family member 1A"
"X90858_at","UPP1","uridine phosphorylase 1"
"X90908_at","FABP6","fatty acid binding protein 6"
"X90999_at","HAGH","hydroxyacylglutathione hydrolase"
"X91103_at",NA,NA
"X91117_rna1_at","SLC6A2","solute carrier family 6 member 2"
"X91141_at","RABEP1","rabaptin, RAB GTPase binding effector protein 1"
"X91148_at","MTTP","microsomal triglyceride transfer protein"
"X91196_s_at","ATM","ATM serine/threonine kinase"
"X91220_at","SLC12A3","solute carrier family 12 member 3"
"X91249_at","ABCG1","ATP binding cassette subfamily G member 1"
"X91348_at","DGCR5","DiGeorge syndrome critical region gene 5"
"X91648_at","PURA","purine rich element binding protein A"
"X91653_s_at","MGAT5","alpha-1,6-mannosylglycoprotein 6-beta-N-acetylglucosaminyltransferase"
"X91788_at","CLNS1A","chloride nucleotide-sensitive channel 1A"
"X91809_at","RGS19","regulator of G protein signaling 19"
"X91868_at","SIX1","SIX homeobox 1"
"X91911_s_at","GLIPR1","GLI pathogenesis related 1"
"X91992_at","ALKBH1","alkB homolog 1, histone H2A dioxygenase"
"X92098_at","TMED2","transmembrane p24 trafficking protein 2"
"X92493_s_at","PIP5K1B","phosphatidylinositol-4-phosphate 5-kinase type 1 beta"
"X92689_at","GALNT3","polypeptide N-acetylgalactosaminyltransferase 3"
"X92744_at","DEFB1","defensin beta 1"
"X92762_at","TAFAZZIN","tafazzin, phospholipid-lysophospholipid transacylase"
"X92814_at","PLAAT3","phospholipase A and acyltransferase 3"
"X92896_at","LAGE3","L antigen family member 3"
"X92972_at","PPP6C","protein phosphatase 6 catalytic subunit"
"X93017_at","SLC8A3","solute carrier family 8 member A3"
"X93498_at","SH3BGR","SH3 domain binding glutamate rich protein"
"X93499_at","RAB7A","RAB7A, member RAS oncogene family"
"X93510_at","PDLIM4","PDZ and LIM domain 4"
"X93512_at","TERF2","telomeric repeat binding factor 2"
"X93920_at","DUSP6","dual specificity phosphatase 6"
"X93921_at","DUSP7","dual specificity phosphatase 7"
"X93996_rna1_at","FOXO4","forkhead box O4"
"X94333_at","TGOLN2","trans-golgi network protein 2"
"X94453_at","ALDH18A1","aldehyde dehydrogenase 18 family member A1"
"X94563_xpt2_r_at","DBI","diazepam binding inhibitor, acyl-CoA binding protein"
"X94612_at","PRKG2","protein kinase cGMP-dependent 2"
"X94628_rna1_s_at","MECP2","methyl-CpG binding protein 2"
"X94703_at","RAB28","RAB28, member RAS oncogene family"
"X94910_at","ERP29","endoplasmic reticulum protein 29"
"X95073_at","TSNAX","translin associated factor X"
"X95095_at","PDGFRA","platelet derived growth factor receptor alpha"
"X95097_rna1_s_at","VIPR2","vasoactive intestinal peptide receptor 2"
"X95152_rna1_at","BRCA2","BRCA2 DNA repair associated"
"X95237_at","CRISP1","cysteine rich secretory protein 1"
"X95239_at","CRISP2","cysteine rich secretory protein 2"
"X95240_s_at","CRISP3","cysteine rich secretory protein 3"
"X95289_at","HCG9","HLA complex group 9"
"X95325_s_at","YBX3","Y-box binding protein 3"
"X95384_at","RIDA","reactive intermediate imine deaminase A"
"X95406_at","CCNE1","cyclin E1"
"X95463_s_at","AFF2","ALF transcription elongation factor 2"
"X95525_at","TAF5","TATA-box binding protein associated factor 5"
"X95592_at","C1D","C1D nuclear receptor corepressor"
"X95632_s_at","ABI2","abl interactor 2"
"X95648_at","EIF2B1","eukaryotic translation initiation factor 2B subunit alpha"
"X95654_at","SYCP1","synaptonemal complex protein 1"
"X95677_at","ABI2","abl interactor 2"
"X95735_at","ZYX","zyxin"
"X95808_s_at","ZMYM3","zinc finger MYM-type containing 3"
"X95826_at","ART4","ADP-ribosyltransferase 4 (inactive) (Dombrock blood group)"
"X95876_at","CXCR3","C-X-C motif chemokine receptor 3"
"X96381_rna1_at","ETV5","ETS variant transcription factor 5"
"X96401_at","MNT","MAX network transcriptional repressor"
"X96584_at","CCN3","cellular communication network factor 3"
"X96586_at","NSMAF","neutral sphingomyelinase activation associated factor"
"X96698_at","METTL1","methyltransferase 1, tRNA methylguanosine"
"X96719_at","CLEC2B","C-type lectin domain family 2 member B"
"X96752_at","HADH","hydroxyacyl-CoA dehydrogenase"
"X96753_at","CSPG4","chondroitin sulfate proteoglycan 4"
"X96754_at","IGKC","immunoglobulin kappa constant"
"X96783_rna1_at","SYT5","synaptotagmin 5"
"X96849_at","PECAM1","platelet and endothelial cell adhesion molecule 1"
"X96924_rna1_at","SLC25A1","solute carrier family 25 member 1"
"X97058_at","P2RY6","pyrimidinergic receptor P2Y6"
"X97064_at","SEC23A","SEC23 homolog A, COPII component"
"X97065_at","SEC23B","SEC23 homolog B, COPII component"
"X97230_f_at","KIR2DL3","killer cell immunoglobulin like receptor, two Ig domains and long cytoplasmic tail 3"
"X97261_at","MT1L","metallothionein 1L (pseudogene)"
"X97261_r_at","MT1L","metallothionein 1L (pseudogene)"
"X97267_rna1_s_at","PTPRCAP/CORO1B","protein tyrosine phosphatase receptor type C associated protein/coronin 1B"
"X97301_at","SRRM2","serine/arginine repetitive matrix 2"
"X97303_at","ZMAT2","zinc finger matrin-type 2"
"X97324_at","PLIN2","perilipin 2"
"X97335_at","AKAP1","A-kinase anchoring protein 1"
"X97630_at","MARK2","microtubule affinity regulating kinase 2"
"X97671_at","EPOR","erythropoietin receptor"
"X97675_rna1_at","PKP2","plakophilin 2"
"X97748_s_at","PTX3","pentraxin 3"
"X97795_at","RAD54L","RAD54 like"
"X98172_at","CASP8","caspase 8"
"X98176_at","CASP8","caspase 8"
"X98178_s_at","CASP8","caspase 8"
"X98206_at",NA,NA
"X98225_at",NA,NA
"X98258_at","MPHOSPH9","M-phase phosphoprotein 9"
"X98263_at","MPHOSPH6","M-phase phosphoprotein 6"
"X98266_cds2_at",NA,NA
"X98307_at","SERPINB13","serpin family B member 13"
"X98311_at","CEACAM7","CEA cell adhesion molecule 7"
"X98330_at","RYR2","ryanodine receptor 2"
"X98337_s_at","CFHR4","complement factor H related 4"
"X98411_at","MYO1F","myosin IF"
"X98482_at",NA,NA
"X98507_at","MYO1C","myosin IC"
"X98534_s_at","VASP","vasodilator stimulated phosphoprotein"
"X98743_at","DDX18","DEAD-box helicase 18"
"X98833_rna1_at","SALL1","spalt like transcription factor 1"
"X98834_rna1_at","SALL2","spalt like transcription factor 2"
"X99050_rna1_at","UVRAG","UV radiation resistance associated"
"X99133_at","LCN2","lipocalin 2"
"X99140_at","KRT85","keratin 85"
"X99209_at","PRMT2","protein arginine methyltransferase 2"
"X99226_at","FANCA","FA complementation group A"
"X99268_at","TWIST1","twist family bHLH transcription factor 1"
"X99296_xpt1_at","NELFE","negative elongation factor complex member E"
"X99325_at","STK25","serine/threonine kinase 25"
"X99350_rna1_at","FOXJ1","forkhead box J1"
"X99374_s_at","ADAM2","ADAM metallopeptidase domain 2"
"X99393_s_at","CCR5","C-C motif chemokine receptor 5"
"X99479_f_at","KIR2DL4","killer cell immunoglobulin like receptor, two Ig domains and long cytoplasmic tail 4"
"X99584_at","SUMO3","small ubiquitin like modifier 3"
"X99656_at","SH3GL1","SH3 domain containing GRB2 like 1, endophilin A2"
"X99657_at","SH3GL2","SH3 domain containing GRB2 like 2, endophilin A1"
"X99664_at","SH3GL3","SH3 domain containing GRB2 like 3, endophilin A3"
"X99699_at","XAF1","XIAP associated factor 1"
"X99720_rna1_at","PRCC","proline rich mitotic checkpoint control factor"
"X99886_s_at","CCL8","C-C motif chemokine ligand 8"
"X99894_at","PDX1","pancreatic and duodenal homeobox 1"
"X99920_at","S100A13","S100 calcium binding protein A13"
"X99947_at","DNAH9","dynein axonemal heavy chain 9"
"X99961_at","SLC35F2","solute carrier family 35 member F2"
"X99975_at","NR6A1","nuclear receptor subfamily 6 group A member 1"
"Y00062_at","PTPRC","protein tyrosine phosphatase receptor type C"
"Y00067_rna1_at","NEFM","neurofilament medium chain"
"Y00081_s_at","IL6","interleukin 6"
"Y00083_s_at","TGFB2","transforming growth factor beta 2"
"Y00097_s_at","ANXA6","annexin A6"
"Y00264_at","APP","amyloid beta precursor protein"
"Y00317_at","UGT2B4","UDP glucuronosyltransferase family 2 member B4"
"Y00339_s_at","CA2","carbonic anhydrase 2"
"Y00433_at","GPX1","glutathione peroxidase 1"
"Y00451_s_at","ALAS1","5'-aminolevulinate synthase 1"
"Y00503_at","KRT19","keratin 19"
"Y00636_at","CD58","CD58 molecule"
"Y00757_at","SCG5","secretogranin V"
"Y00787_s_at","CXCL8","C-X-C motif chemokine ligand 8"
"Y00796_at","ITGAL","integrin subunit alpha L"
"Y00815_at","PTPRF","protein tyrosine phosphatase receptor type F"
"Y00970_at","ACR","acrosin"
"Y00971_at","PRPS2","phosphoribosyl pyrophosphate synthetase 2"
"Y00978_at","DLAT","dihydrolipoamide S-acetyltransferase"
"Y07512_at","PRKG1","protein kinase cGMP-dependent 1"
"Y07565_s_at","RIT2","Ras like without CAAX 2"
"Y07595_at","GTF2H4","general transcription factor IIH subunit 4"
"Y07596_at","PIGK","phosphatidylinositol glycan anchor biosynthesis class K"
"Y07604_at","NME4","NME/NM23 nucleoside diphosphate kinase 4"
"Y07683_at","P2RX3","purinergic receptor P2X 3"
"Y07701_at","NPEPPS","aminopeptidase puromycin sensitive"
"Y07755_at","S100A2","S100 calcium binding protein A2"
"Y07759_at","MYO5A","myosin VA"
"Y07827_s_at","BTN3A1","butyrophilin subfamily 3 member A1"
"Y07828_at","TRIM31","tripartite motif containing 31"
"Y07847_at","RASL10A","RAS like family 10 member A"
"Y07867_at","PIR","pirin"
"Y07909_at","EMP1","epithelial membrane protein 1"
"Y08136_at","SMPDL3A","sphingomyelin phosphodiesterase acid like 3A"
"Y08223_at","FOXC2","forkhead box C2"
"Y08263_at","KCNN3","potassium calcium-activated channel subfamily N member 3"
"Y08319_at","KIF2A","kinesin family member 2A"
"Y08374_rna1_at","CHI3L1","chitinase 3 like 1"
"Y08417_s_at","CHRNB3","cholinergic receptor nicotinic beta 3 subunit"
"Y08564_at","GALNT4/POC1B-GALNT4","polypeptide N-acetylgalactosaminyltransferase 4/POC1B-GALNT4 readthrough"
"Y08612_at","NUP88","nucleoporin 88"
"Y08613_at","NUP88","nucleoporin 88"
"Y08614_at","XPO1","exportin 1"
"Y08639_at","RORB","RAR related orphan receptor B"
"Y08682_rna1_s_at","CPT1B/CHKB-CPT1B","carnitine palmitoyltransferase 1B/CHKB-CPT1B readthrough (NMD candidate)"
"Y08836_at","KMT2C","lysine methyltransferase 2C"
"Y08837_at","XRCC2","X-ray repair cross complementing 2"
"Y08991_at","PIK3R4","phosphoinositide-3-kinase regulatory subunit 4"
"Y08999_at","ARPC1A","actin related protein 2/3 complex subunit 1A"
"Y09022_at","ALG3","ALG3 alpha-1,3- mannosyltransferase"
"Y09305_at","DYRK4","dual specificity tyrosine phosphorylation regulated kinase 4"
"Y09321_at","TAF4B","TATA-box binding protein associated factor 4b"
"Y09392_s_at","TNFRSF25","TNF receptor superfamily member 25"
"Y09443_at","AGPS","alkylglycerone phosphate synthase"
"Y09615_at","MTERF1","mitochondrial transcription termination factor 1"
"Y09836_at","MAP1B","microtubule associated protein 1B"
"Y09858_at","SPIN2A","spindlin family member 2A"
"Y09912_rna1_at","TFAP2B","transcription factor AP-2 beta"
"Y09980_rna4_at","HOXD3/HOXD4","homeobox D3/homeobox D4"
"Y10032_at","SGK1","serum/glucocorticoid regulated kinase 1"
"Y10055_at","PIK3CD","phosphatidylinositol-4,5-bisphosphate 3-kinase catalytic subunit delta"
"Y10141_s_at","SLC6A3","solute carrier family 6 member 3"
"Y10202_at",NA,NA
"Y10204_at",NA,NA
"Y10205_at",NA,NA
"Y10207_at",NA,NA
"Y10209_at",NA,NA
"Y10256_at","MAP3K14","mitogen-activated protein kinase kinase kinase 14"
"Y10260_at","EYA1","EYA transcriptional coactivator and phosphatase 1"
"Y10262_s_at","EYA3","EYA transcriptional coactivator and phosphatase 3"
"Y10275_at","PSPH","phosphoserine phosphatase"
"Y10313_at","IFRD1","interferon related developmental regulator 1"
"Y10375_s_at","SIRPA","signal regulatory protein alpha"
"Y10506_at","SLC17A4","solute carrier family 17 member 4"
"Y10508_s_at","CARMIL1","capping protein regulator and myosin 1 linker 1"
"Y10510_at",NA,NA
"Y10511_at",NA,NA
"Y10512_at","SLC17A4","solute carrier family 17 member 4"
"Y10514_s_at","CARMIL1","capping protein regulator and myosin 1 linker 1"
"Y10517_at",NA,NA
"Y10518_at","CARMIL1","capping protein regulator and myosin 1 linker 1"
"Y10571_at","RNF2","ring finger protein 2"
"Y10615_at","ADAM3B","ADAM metallopeptidase domain 3B (pseudogene)"
"Y10659_at","IL13RA1","interleukin 13 receptor subunit alpha 1"
"Y10812_at","FBP2","fructose-bisphosphatase 2"
"Y10936_at","FBXO46","F-box protein 46"
"Y11174_at","MAPRE3","microtubule associated protein RP/EB family member 3"
"Y11180_at",NA,NA
"Y11215_at","SKAP1","src kinase associated phosphoprotein 1"
"Y11306_rna1_at","TCF7L2","transcription factor 7 like 2"
"Y11416_at","TP73","tumor protein p73"
"Y11651_at","RTCA","RNA 3'-terminal phosphate cyclase"
"Y11999_at","ITPKC","inositol-trisphosphate 3-kinase C"
"Y12393_s_at","KPNA4","karyopherin subunit alpha 4"
"Y12394_at","KPNA3","karyopherin subunit alpha 3"
"Y12478_at","GET1","guided entry of tail-anchored proteins factor 1"
"Y12556_at","PRKAB1","protein kinase AMP-activated non-catalytic subunit beta 1"
"Y12670_at","LEPROT","leptin receptor overlapping transcript"
"Y12711_at","PGRMC1","progesterone receptor membrane component 1"
"Y12812_at","RFXAP","regulatory factor X associated protein"
"Y12856_at","PRKAA1","protein kinase AMP-activated catalytic subunit alpha 1"
"Y13153_at","KMO","kynurenine 3-monooxygenase"
"Y13247_at","PPP1R10","protein phosphatase 1 regulatory subunit 10"
"Y13618_at","USP9Y","ubiquitin specific peptidase 9 Y-linked"
"Y13620_at","BCL9","BCL9 transcription coactivator"
"Y13896_at","KCNJ15","potassium inwardly rectifying channel subfamily J member 15"
"Z11502_at","ANXA13","annexin A13"
"Z11518_s_at","HARS1","histidyl-tRNA synthetase 1"
"Z11685_s_at","DDX6","DEAD-box helicase 6"
"Z11695_at","MAPK1","mitogen-activated protein kinase 1"
"Z11697_at","CD83","CD83 molecule"
"Z11793_at","SELENOP","selenoprotein P"
"Z11850_at","GHR","growth hormone receptor"
"Z11933_at","POU3F2","POU class 3 homeobox 2"
"Z12173_at","GNS","glucosamine (N-acetyl)-6-sulfatase"
"Z12830_at","SSR1","signal sequence receptor subunit 1"
"Z14093_at","BCKDHA","branched chain keto acid dehydrogenase E1 subunit alpha"
"Z14244_at","COX7B","cytochrome c oxidase subunit 7B"
"Z14978_at","ACTR1A","actin related protein 1A"
"Z14982_rna1_at","PSMB8","proteasome 20S subunit beta 8"
"Z15005_at","CENPE","centromere protein E"
"Z15115_at","TOP2B","DNA topoisomerase II beta"
"Z16411_s_at","PLCB3","phospholipase C beta 3"
"Z17227_at","IL10RB","interleukin 10 receptor subunit beta"
"Z17240_at","HMGB2","high mobility group box 2"
"Z18948_at","S100A3","S100 calcium binding protein A3"
"Z18951_at","CAV1","caveolin 1"
"Z18954_at","S100A5","S100 calcium binding protein A5"
"Z19002_at","ZBTB16","zinc finger and BTB domain containing 16"
"Z19574_rna1_at","KRT17","keratin 17"
"Z19585_at","THBS4","thrombospondin 4"
"Z20656_rna1_s_at","MYH6/MYH7","myosin heavy chain 6/myosin heavy chain 7"
"Z21507_at","EEF1D","eukaryotic translation elongation factor 1 delta"
"Z21707_at","ZNF197","zinc finger protein 197"
"Z21966_at","POU6F1","POU class 6 homeobox 1"
"Z22535_at","BMPR1A","bone morphogenetic protein receptor type 1A"
"Z22536_at","ACVR1B","activin A receptor type 1B"
"Z22548_at","PRDX2","peroxiredoxin 2"
"Z22551_at","KTN1","kinectin 1"
"Z22555_at","SCARB1","scavenger receptor class B member 1"
"Z22780_at","CYLC1","cylicin 1"
"Z22865_at","DPT","dermatopontin"
"Z22970_at","CD163","CD163 molecule"
"Z23090_at","HSPB1","heat shock protein family B (small) member 1"
"Z23091_rna1_at","GP5","glycoprotein V platelet"
"Z23115_at","BCL2L1","BCL2 like 1"
"Z24680_at","LRRC32","leucine rich repeat containing 32"
"Z24724_at","ATP13A3","ATPase 13A3"
"Z24725_at","FERMT2","FERM domain containing kindlin 2"
"Z24727_at","TPM1","tropomyosin 1"
"Z25521_s_at","CD47","CD47 molecule"
"Z25535_at","NUP153","nucleoporin 153"
"Z26248_s_at","PRG2","proteoglycan 2, pro eosinophil major basic protein"
"Z26256_at","CACNA1C","calcium voltage-gated channel subunit alpha1 C"
"Z26317_at","DSG2","desmoglein 2"
"Z26491_s_at","COMT","catechol-O-methyltransferase"
"Z26634_at","ANK2","ankyrin 2"
"Z26653_at","LAMA2","laminin subunit alpha 2"
"Z28339_at","AKR1D1","aldo-keto reductase family 1 member D1"
"Z29064_at","EPS15","epidermal growth factor receptor pathway substrate 15"
"Z29066_s_at","NEK2","NIMA related kinase 2"
"Z29067_at","NEK3","NIMA related kinase 3"
"Z29074_at","KRT9","keratin 9"
"Z29077_xpt1_at","CDC25C","cell division cycle 25C"
"Z29083_at","TPBG","trophoblast glycoprotein"
"Z29090_at","PIK3CA","phosphatidylinositol-4,5-bisphosphate 3-kinase catalytic subunit alpha"
"Z29331_at","UBE2H","ubiquitin conjugating enzyme E2 H"
"Z29572_at",NA,NA
"Z29574_at","TNFRSF17","TNF receptor superfamily member 17"
"Z29678_at","MITF","melanocyte inducing transcription factor"
"Z30425_at","NR1I3","nuclear receptor subfamily 1 group I member 3"
"Z30426_at","CD69","CD69 molecule"
"Z31690_s_at","LIPA","lipase A, lysosomal acid type"
"Z31695_at","INPP5A","inositol polyphosphate-5-phosphatase A"
"Z32684_at","XK","X-linked Kx blood group antigen, Kell and VPS13A binding protein"
"Z32765_at","CD36","CD36 molecule (CD36 blood group)"
"Z33642_at","CD101","CD101 molecule"
"Z33905_at","RAPSN","receptor associated protein of the synapse"
"Z34897_at","HRH1","histamine receptor H1"
"Z34974_s_at","PKP1","plakophilin 1"
"Z34975_at","COG2","component of oligomeric golgi complex 2"
"Z35085_s_at","RB1CC1","RB1 inducible coiled-coil 1"
"Z35102_at","STK38","serine/threonine kinase 38"
"Z35227_at","RHOH","ras homolog family member H"
"Z35278_at","RUNX3","RUNX family transcription factor 3"
"Z35307_at","ECE1","endothelin converting enzyme 1"
"Z35309_at","ADCY8","adenylate cyclase 8"
"Z35491_at","BAG1","BAG cochaperone 1"
"Z36531_at","FGL2","fibrinogen like 2"
"Z36714_at","CCNF","cyclin F"
"Z37976_at","LTBP2","latent transforming growth factor beta binding protein 2"
"Z37987_s_at","GPC3","glypican 3"
"Z38026_at","CAMP","cathelicidin antimicrobial peptide"
"Z38133_s_at","MYH8","myosin heavy chain 8"
"Z46376_rna1_at","HK2","hexokinase 2"
"Z46629_at","SOX9","SRY-box transcription factor 9"
"Z46632_at","PDE4C/CIST1","phosphodiesterase 4C/colon, intestine and stomach enriched 1"
"Z46788_at","CYLC2","cylicin 2"
"Z46967_at","CCIN","calicin"
"Z46973_at","PIK3C3","phosphatidylinositol 3-kinase catalytic subunit type 3"
"Z47043_at","STARD9","StAR related lipid transfer domain containing 9"
"Z47055_s_at","FDPS","farnesyl diphosphate synthase"
"Z48042_at","CAPRIN1","cell cycle associated protein 1"
"Z48314_s_at","MUC5AC","mucin 5AC, oligomeric mucus/gel-forming"
"Z48481_at","MMP14","matrix metallopeptidase 14"
"Z48511_at",NA,NA
"Z48512_at","XGY2/SRY","XG Y-linked 2 (pseudogene)/sex determining region Y"
"Z48519_s_at","XGY2/XG","XG Y-linked 2 (pseudogene)/Xg glycoprotein (Xg blood group)"
"Z48520_at","SRY","sex determining region Y"
"Z48541_at","PTPRO","protein tyrosine phosphatase receptor type O"
"Z48570_at","SPA17","sperm autoantigenic protein 17"
"Z48579_at","ADAM10","ADAM metallopeptidase domain 10"
"Z48605_at",NA,NA
"Z48633_at",NA,NA
"Z48804_at","GPR143","G protein-coupled receptor 143"
"Z49105_at","SSX2/SSX2B","SSX family member 2/SSX family member 2B"
"Z49155_at","HTT","huntingtin"
"Z49194_at","POU2AF1","POU class 2 homeobox associating factor 1"
"Z49205_at","P2RY1","purinergic receptor P2Y1"
"Z49208_at","HTT","huntingtin"
"Z49254_at","MRPL23","mitochondrial ribosomal protein L23"
"Z49269_at","CCL14/CCL15-CCL14","C-C motif chemokine ligand 14/CCL15-CCL14 readthrough (NMD candidate)"
"Z49835_s_at","PDIA3","protein disulfide isomerase family A member 3"
"Z49989_at","SMTN","smoothelin"
"Z49995_at",NA,NA
"Z50022_at","PTTG1IP","PTTG1 interacting protein"
"Z50053_at","GUCY1A2","guanylate cyclase 1 soluble subunit alpha 2"
"Z50115_s_at","THOP1","thimet oligopeptidase 1"
"Z50194_at","PHLDA1","pleckstrin homology like domain family A member 1"
"Z50853_at","CLPP","caseinolytic mitochondrial matrix peptidase proteolytic subunit"
"Z54367_s_at","PLEC","plectin"
"Z56281_at","IRF3","interferon regulatory factor 3"
"Z68193_at","OPN1MW/OPN1MW3","opsin 1, medium wave sensitive/opsin 1, medium wave sensitive 3"
"Z68204_at","SUCLG1","succinate-CoA ligase GDP/ADP-forming subunit alpha"
"Z68228_s_at","JUP","junction plakoglobin"
"Z68274_at",NA,NA
"Z68747_at","MRPS31","mitochondrial ribosomal protein S31"
"Z69030_s_at","PPP2R5C","protein phosphatase 2 regulatory subunit B'gamma"
"Z69881_at","ATP2A3","ATPase sarcoplasmic/endoplasmic reticulum Ca2+ transporting 3"
"Z69923_at","HGFAC","HGF activator"
"Z70218_s_at","MN1","MN1 proto-oncogene, transcriptional regulator"
"Z70220_at","GRIA1","glutamate ionotropic receptor AMPA type subunit 1"
"Z70276_s_at","FGF12","fibroblast growth factor 12"
"Z70295_at","GUCA2B","guanylate cyclase activator 2B"
"Z70723_at","PON1","paraoxonase 1"
"Z71389_at","DEFB4A/DEFB4B","defensin beta 4A/defensin beta 4B"
"Z73497_at","H2BW4P/H2BW3P","H2B.W histone 4, pseudogene/H2B.W histone 3, pseudogene"
"Z73677_at","PKP1","plakophilin 1"
"Z73903_at",NA,NA
"Z74616_s_at","COL1A2","collagen type I alpha 2 chain"
"Z74792_s_at","NFYC","nuclear transcription factor Y subunit gamma"
"Z75190_s_at","LRP8","LDL receptor related protein 8"
"Z78285_f_at",NA,NA
"Z78289_at",NA,NA
"Z78290_at",NA,NA
"Z79581_at","BCL6","BCL6 transcription repressor"
"Z79693_s_at","PTPRR","protein tyrosine phosphatase receptor type R"
"Z80777_at","H2AC10P","H2A clustered histone 10, pseudogene"
"Z80779_at","H2BC7","H2B clustered histone 7"
"Z80780_f_at","H2BC6","H2B clustered histone 6"
"Z80781_at","H2BC9","H2B clustered histone 9"
"Z80787_at","H4C5","H4 clustered histone 5"
"Z80788_at","H4C7","H4 clustered histone 7"
"Z81326_at","SERPINI1","serpin family I member 1"
"Z83735_at","H3C10","H3 clustered histone 10"
"Z83741_at","H2AC4","H2A clustered histone 4"
"Z83742_at","H2AC13","H2A clustered histone 13"
"Z83745_at",NA,NA
"Z83800_at","DYNC2H1","dynein cytoplasmic 2 heavy chain 1"
"Z83802_at","DNAH12","dynein axonemal heavy chain 12"
"Z83804_at","DNAH1","dynein axonemal heavy chain 1"
"Z83805_at","DNAH3","dynein axonemal heavy chain 3"
"Z83806_at","DNAH8","dynein axonemal heavy chain 8"
"Z83821_cds2_at","ALAS2","5'-aminolevulinate synthase 2"
"Z84483_at","KL","klotho"
"Z84721_cds1_at","HBZ","hemoglobin subunit zeta"
"Z84721_cds2_at","HBA1/HBA2","hemoglobin subunit alpha 1/hemoglobin subunit alpha 2"
"Z84722_at","NPRL3","NPR3 like, GATOR1 complex subunit"
"Z93784_at","ATXN10","ataxin 10"
"Z94753_s_at","ATP7A","ATPase copper transporting alpha"
"Z96810_at","SLC6A14","solute carrier family 6 member 14"
"Z97074_at","RABEPK","Rab9 effector protein with kelch motifs"
